domain,series,filter,optimizer,seed,t_conv,conv,final_grad,holdout_mse
financial_daily,AAPL,F0,sgd,0,99,1,6.404868560536894e-05,0.7488003489616908
financial_daily,AAPL,F0,sgd,1,94,1,0.00016159530659344372,0.7494898529511145
financial_daily,AAPL,F0,sgd,2,112,1,7.691709800208645e-05,0.74843245215059
financial_daily,AAPL,F0,sgd,3,103,1,0.0001172524791532541,0.7495054524725671
financial_daily,AAPL,F0,adam,0,89,1,0.0008165683274690345,0.7507056952803732
financial_daily,AAPL,F0,adam,1,91,1,0.0014462103541092917,0.7520833828421607
financial_daily,AAPL,F0,adam,2,61,1,0.0012980338614291746,0.750782259666087
financial_daily,AAPL,F0,adam,3,55,1,0.000949880138368222,0.7489035209031194
financial_daily,AAPL,F1,sgd,0,592,1,2.950141253758541e-05,0.7918972554593371
financial_daily,AAPL,F1,sgd,1,654,1,3.274880387660778e-05,0.7920585987260682
financial_daily,AAPL,F1,sgd,2,502,1,2.242069320956636e-05,0.7927574593434756
financial_daily,AAPL,F1,sgd,3,567,1,3.378972317954647e-05,0.7915258514908581
financial_daily,AAPL,F1,adam,0,55,1,0.00018748300315492658,0.7934220015156057
financial_daily,AAPL,F1,adam,1,91,1,0.00021100296983827348,0.7872647117640111
financial_daily,AAPL,F1,adam,2,49,1,2.98333234490322e-05,0.7943141589768157
financial_daily,AAPL,F1,adam,3,86,1,1.0837701197107417e-05,0.7931249382051463
financial_daily,AAPL,F2,sgd,0,1610,1,5.419859684617468e-06,0.7522572947572802
financial_daily,AAPL,F2,sgd,1,1392,1,8.384624080494957e-06,0.7528528325275643
financial_daily,AAPL,F2,sgd,2,1516,1,6.572749647434694e-06,0.7516593605552411
financial_daily,AAPL,F2,sgd,3,1747,1,5.376905440077717e-06,0.7520371040748502
financial_daily,AAPL,F2,adam,0,50,1,5.437804231354191e-06,0.7518826065331923
financial_daily,AAPL,F2,adam,1,50,1,3.464902047583434e-05,0.7489869576351379
financial_daily,AAPL,F2,adam,2,72,1,9.28184122673751e-06,0.7532812191577959
financial_daily,AAPL,F2,adam,3,57,1,8.123453012702636e-05,0.7474568730752822
financial_daily,AAPL,F4,sgd,0,3399,1,1.3221937554855975e-05,0.7558021885167011
financial_daily,AAPL,F4,sgd,1,3063,1,2.010583027889905e-05,0.7560158011814299
financial_daily,AAPL,F4,sgd,2,2845,1,1.0797657118390946e-05,0.7559359855401333
financial_daily,AAPL,F4,sgd,3,3381,1,1.4435007567083868e-05,0.7554410722783447
financial_daily,AAPL,F4,adam,0,255,1,5.702165878974585e-05,0.7653155541537621
financial_daily,AAPL,F4,adam,1,607,1,8.468780393521442e-05,0.753581270511388
financial_daily,AAPL,F4,adam,2,102,1,2.5632576659762755e-05,0.7611927964839533
financial_daily,AAPL,F4,adam,3,143,1,7.6980720176085e-05,0.756104510882743
financial_daily,AAPL,FA,sgd,0,955,1,9.056666888294783e-06,0.7644893280836604
financial_daily,AAPL,FA,sgd,1,944,1,3.5307023378775755e-06,0.7631833051471385
financial_daily,AAPL,FA,sgd,2,904,1,8.029433569813451e-06,0.7640467826431444
financial_daily,AAPL,FA,sgd,3,774,1,2.638511203201495e-06,0.7636977616890214
financial_daily,AAPL,FA,adam,0,100,1,0.00011195305786774398,0.7635357168609598
financial_daily,AAPL,FA,adam,1,192,1,0.0002194312625964152,0.7600328620370288
financial_daily,AAPL,FA,adam,2,66,1,0.00013581663808513443,0.7662001853455773
financial_daily,AAPL,FA,adam,3,90,1,0.00019550585050951474,0.7623440178765901
financial_daily,BTC-USD,F0,sgd,0,98,1,6.022868339141063e-05,0.510589884356831
financial_daily,BTC-USD,F0,sgd,1,90,1,0.0001882985926877686,0.5105645667651615
financial_daily,BTC-USD,F0,sgd,2,112,1,7.562311098905488e-05,0.5106123842294822
financial_daily,BTC-USD,F0,sgd,3,88,1,0.00011869982516893783,0.51061354461933
financial_daily,BTC-USD,F0,adam,0,1549,1,0.0005710425844270858,0.5104530055606084
financial_daily,BTC-USD,F0,adam,1,2124,1,0.001847963977097458,0.5103014436344933
financial_daily,BTC-USD,F0,adam,2,61,1,0.001245979966685657,0.5103558334308124
financial_daily,BTC-USD,F0,adam,3,2630,1,0.0010060256436319232,0.5107676324011468
financial_daily,BTC-USD,F1,sgd,0,381,1,2.792187597046991e-05,0.5356971886402825
financial_daily,BTC-USD,F1,sgd,1,436,1,3.5039605798593216e-05,0.5354374359345103
financial_daily,BTC-USD,F1,sgd,2,396,1,2.2377525797574062e-05,0.5362312754443196
financial_daily,BTC-USD,F1,sgd,3,360,1,3.682552571264115e-05,0.5353834001957641
financial_daily,BTC-USD,F1,adam,0,51,1,0.00045723752958762575,0.5381601742305354
financial_daily,BTC-USD,F1,adam,1,80,1,0.0003348272276904365,0.5348005623999168
financial_daily,BTC-USD,F1,adam,2,47,1,1.679222602771828e-05,0.538483136802624
financial_daily,BTC-USD,F1,adam,3,55,1,1.0722965876214162e-05,0.5377784145538586
financial_daily,BTC-USD,F2,sgd,0,967,1,1.688665804539903e-05,0.5167049291276657
financial_daily,BTC-USD,F2,sgd,1,879,1,1.9640413140284904e-05,0.5169230063965999
financial_daily,BTC-USD,F2,sgd,2,1023,1,1.495186316292467e-05,0.516791171622067
financial_daily,BTC-USD,F2,sgd,3,854,1,1.665917503243964e-05,0.5166873084730226
financial_daily,BTC-USD,F2,adam,0,30,1,1.4875192286552082e-05,0.5196705378197944
financial_daily,BTC-USD,F2,adam,1,32,1,9.295550903052511e-05,0.5167287595175113
financial_daily,BTC-USD,F2,adam,2,35,1,6.161880901205596e-06,0.5198207333486012
financial_daily,BTC-USD,F2,adam,3,33,1,5.217963178424331e-05,0.5180513478648772
financial_daily,BTC-USD,F4,sgd,0,766,1,1.6187766913655427e-05,0.5424817712601029
financial_daily,BTC-USD,F4,sgd,1,823,1,1.1758884488498097e-05,0.5418129013662704
financial_daily,BTC-USD,F4,sgd,2,709,1,6.9324593743806095e-06,0.5427308337628235
financial_daily,BTC-USD,F4,sgd,3,686,1,1.1702330762405308e-05,0.5420236323648199
financial_daily,BTC-USD,F4,adam,0,89,1,0.00044203079732974573,0.5403287681948631
financial_daily,BTC-USD,F4,adam,1,82,1,0.00035542253753079704,0.5392018172389779
financial_daily,BTC-USD,F4,adam,2,67,1,8.160722138553984e-05,0.5437657593712931
financial_daily,BTC-USD,F4,adam,3,89,1,0.00011661091068808627,0.5417912638846996
financial_daily,BTC-USD,FA,sgd,0,644,1,2.1766748659375777e-05,0.5494634090161035
financial_daily,BTC-USD,FA,sgd,1,641,1,1.2207311824737298e-05,0.5482599567915011
financial_daily,BTC-USD,FA,sgd,2,599,1,8.95854993100877e-06,0.5493612918574393
financial_daily,BTC-USD,FA,sgd,3,567,1,1.0530395094843271e-05,0.5488491758907652
financial_daily,BTC-USD,FA,adam,0,91,1,0.0005410047538050068,0.546393519195921
financial_daily,BTC-USD,FA,adam,1,78,1,0.0004192670718261987,0.545624217812891
financial_daily,BTC-USD,FA,adam,2,66,1,0.00015518011201203074,0.5518690803907619
financial_daily,BTC-USD,FA,adam,3,84,1,0.0002207043745132603,0.546477953784977
financial_daily,ETH-USD,F0,sgd,0,83,1,6.169953434213741e-05,0.596019167874776
financial_daily,ETH-USD,F0,sgd,1,94,1,0.00018087369092555143,0.5962011940978075
financial_daily,ETH-USD,F0,sgd,2,112,1,7.368775236766864e-05,0.5959633697639096
financial_daily,ETH-USD,F0,sgd,3,91,1,0.00011795081461995761,0.5963296990656974
financial_daily,ETH-USD,F0,adam,0,220,1,0.0005418040427537598,0.5959563746296082
financial_daily,ETH-USD,F0,adam,1,816,1,0.0017242920689249837,0.5960468834569053
financial_daily,ETH-USD,F0,adam,2,61,1,0.0012644763588721677,0.5957464454943022
financial_daily,ETH-USD,F0,adam,3,1640,1,0.000975877597512875,0.5967131435455925
financial_daily,ETH-USD,F1,sgd,0,363,1,2.784177788305593e-05,0.624853896611059
financial_daily,ETH-USD,F1,sgd,1,397,1,3.479609862798758e-05,0.6245802036298684
financial_daily,ETH-USD,F1,sgd,2,373,1,2.222068278503997e-05,0.6253857313857913
financial_daily,ETH-USD,F1,sgd,3,348,1,3.7051173097146806e-05,0.6244779442915254
financial_daily,ETH-USD,F1,adam,0,50,1,0.0004758843098000451,0.6272602501185743
financial_daily,ETH-USD,F1,adam,1,53,1,0.0003481129984858477,0.6230776728978655
financial_daily,ETH-USD,F1,adam,2,46,1,1.583811861713519e-05,0.6271425621243943
financial_daily,ETH-USD,F1,adam,3,52,1,1.0114772474156198e-05,0.6269218695520918
financial_daily,ETH-USD,F2,sgd,0,956,1,1.0595422048561787e-05,0.5996527672812675
financial_daily,ETH-USD,F2,sgd,1,849,1,1.3338446619834869e-05,0.5999644741824576
financial_daily,ETH-USD,F2,sgd,2,1021,1,9.717086317279791e-06,0.5996307756806372
financial_daily,ETH-USD,F2,sgd,3,852,1,1.033261547489508e-05,0.5996519574565803
financial_daily,ETH-USD,F2,adam,0,30,1,8.374738709579433e-06,0.6023129606342926
financial_daily,ETH-USD,F2,adam,1,32,1,8.865820155774173e-05,0.5992460265729319
financial_daily,ETH-USD,F2,adam,2,35,1,4.811328933978979e-06,0.6018613812902127
financial_daily,ETH-USD,F2,adam,3,33,1,5.5378512223696093e-05,0.6003838411574774
financial_daily,ETH-USD,F4,sgd,0,613,1,1.7184132573157022e-05,0.6263332728984031
financial_daily,ETH-USD,F4,sgd,1,636,1,1.5312835066886346e-05,0.6252387027264817
financial_daily,ETH-USD,F4,sgd,2,584,1,9.5502350670379e-06,0.626185717990662
financial_daily,ETH-USD,F4,sgd,3,554,1,1.4340558957863942e-05,0.6257662071407855
financial_daily,ETH-USD,F4,adam,0,81,1,0.0005567576020072815,0.6242575972480201
financial_daily,ETH-USD,F4,adam,1,79,1,0.0004990183155723617,0.6228925463186452
financial_daily,ETH-USD,F4,adam,2,67,1,9.057011279928746e-05,0.6271111359565544
financial_daily,ETH-USD,F4,adam,3,85,1,0.00012128905360421267,0.6245929909782004
financial_daily,ETH-USD,FA,sgd,0,583,1,2.3927688265262217e-05,0.6288368234815922
financial_daily,ETH-USD,FA,sgd,1,606,1,1.437486304178749e-05,0.627376921408646
financial_daily,ETH-USD,FA,sgd,2,569,1,9.347651791389977e-06,0.6285433975075392
financial_daily,ETH-USD,FA,sgd,3,543,1,1.1772073435606339e-05,0.6280980176281664
financial_daily,ETH-USD,FA,adam,0,88,1,0.0005727859599151898,0.62561023148087
financial_daily,ETH-USD,FA,adam,1,76,1,0.00046011504010389366,0.6245661451418751
financial_daily,ETH-USD,FA,adam,2,64,1,0.00016666078205688982,0.6304821952651968
financial_daily,ETH-USD,FA,adam,3,80,1,0.00022693301727487206,0.6259035171755115
financial_daily,EURUSD=X,F0,sgd,0,240,1,5.630109978694441e-05,0.9370532042305212
financial_daily,EURUSD=X,F0,sgd,1,189,1,0.0001484768199880003,0.9362975755612103
financial_daily,EURUSD=X,F0,sgd,2,112,1,7.947611839999476e-05,0.9369723890468488
financial_daily,EURUSD=X,F0,sgd,3,113,1,0.0001139573293584176,0.9365804638657481
financial_daily,EURUSD=X,F0,adam,0,4000,0,0.0005815169892699143,0.9368254884389774
financial_daily,EURUSD=X,F0,adam,1,3714,1,0.0019570239807665197,0.9354995400558197
financial_daily,EURUSD=X,F0,adam,2,4000,0,0.0012559231022856575,0.9371429762644031
financial_daily,EURUSD=X,F0,adam,3,335,1,0.0005648613268321899,0.9357737775500372
financial_daily,EURUSD=X,F1,sgd,0,867,1,3.263648041310557e-05,0.9855692564488736
financial_daily,EURUSD=X,F1,sgd,1,1099,1,3.8095751425867886e-05,0.9854274379075298
financial_daily,EURUSD=X,F1,sgd,2,795,1,2.6097337032510262e-05,0.9868655649011255
financial_daily,EURUSD=X,F1,sgd,3,766,1,3.8059293777411505e-05,0.9850264837172555
financial_daily,EURUSD=X,F1,adam,0,96,1,0.00017637101206175067,0.99287781862248
financial_daily,EURUSD=X,F1,adam,1,122,1,0.00021074424530868245,0.9824375393701346
financial_daily,EURUSD=X,F1,adam,2,71,1,3.135048213296718e-05,0.9936471656198901
financial_daily,EURUSD=X,F1,adam,3,118,1,1.1012221089745775e-05,0.9893779116147973
financial_daily,EURUSD=X,F2,sgd,0,1704,1,1.0021202233309103e-05,0.9468817154042383
financial_daily,EURUSD=X,F2,sgd,1,1463,1,1.2708382384809732e-05,0.9476778086624502
financial_daily,EURUSD=X,F2,sgd,2,1769,1,1.0738944193320335e-05,0.9465811470167114
financial_daily,EURUSD=X,F2,sgd,3,1807,1,9.812705192102345e-06,0.9468262932141095
financial_daily,EURUSD=X,F2,adam,0,57,1,8.601883974612755e-06,0.9530956980705684
financial_daily,EURUSD=X,F2,adam,1,133,1,3.3280789861010534e-05,0.9464699520975016
financial_daily,EURUSD=X,F2,adam,2,76,1,1.0268417120375367e-05,0.9538685833750662
financial_daily,EURUSD=X,F2,adam,3,60,1,8.039557223183033e-05,0.9466689507876389
financial_daily,EURUSD=X,F4,sgd,0,2873,1,1.6848110056574472e-05,0.9563735956491958
financial_daily,EURUSD=X,F4,sgd,1,2380,1,2.2182428062296708e-05,0.9556920706021219
financial_daily,EURUSD=X,F4,sgd,2,2118,1,1.273395186346819e-05,0.9564241113514282
financial_daily,EURUSD=X,F4,sgd,3,2569,1,1.600731048130046e-05,0.9557615458969668
financial_daily,EURUSD=X,F4,adam,0,247,1,4.1883723111590475e-05,0.9609838473891461
financial_daily,EURUSD=X,F4,adam,1,202,1,0.00014061378758071385,0.9530968798415649
financial_daily,EURUSD=X,F4,adam,2,100,1,4.157829194072638e-05,0.9607835598411947
financial_daily,EURUSD=X,F4,adam,3,144,1,8.52876425876025e-05,0.951493080957597
financial_daily,EURUSD=X,FA,sgd,0,1142,1,1.4652635509661903e-05,0.9622391063126498
financial_daily,EURUSD=X,FA,sgd,1,1122,1,6.51622049009315e-06,0.9604929457778806
financial_daily,EURUSD=X,FA,sgd,2,998,1,4.9929496911899565e-06,0.9626386476309569
financial_daily,EURUSD=X,FA,sgd,3,933,1,5.050751883535851e-06,0.9612668348454027
financial_daily,EURUSD=X,FA,adam,0,109,1,0.00014672792555186386,0.9631042446047041
financial_daily,EURUSD=X,FA,adam,1,191,1,0.0002254338883863051,0.955984405859471
financial_daily,EURUSD=X,FA,adam,2,72,1,0.00015521267148113085,0.9643571839598133
financial_daily,EURUSD=X,FA,adam,3,118,1,0.00020244585509237106,0.956761961301914
financial_daily,GBPUSD=X,F0,sgd,0,110,1,5.550014303730125e-05,0.6277095618534171
financial_daily,GBPUSD=X,F0,sgd,1,117,1,0.00017497908379556504,0.626923481605371
financial_daily,GBPUSD=X,F0,sgd,2,100,1,7.995272114019587e-05,0.6276652823789413
financial_daily,GBPUSD=X,F0,sgd,3,111,1,0.00011858272262642849,0.6272249181357655
financial_daily,GBPUSD=X,F0,adam,0,1550,1,0.000458268092742456,0.6271607174882949
financial_daily,GBPUSD=X,F0,adam,1,817,1,0.002312419246572179,0.6255780758544716
financial_daily,GBPUSD=X,F0,adam,2,773,1,0.0011304549341247913,0.6281040606979342
financial_daily,GBPUSD=X,F0,adam,3,4000,0,0.0009666258950123878,0.6264604246936861
financial_daily,GBPUSD=X,F1,sgd,0,699,1,2.900133910882395e-05,0.6571768690494061
financial_daily,GBPUSD=X,F1,sgd,1,808,1,3.565167415135555e-05,0.6569956164637998
financial_daily,GBPUSD=X,F1,sgd,2,634,1,2.3344179796133696e-05,0.6580013930395411
financial_daily,GBPUSD=X,F1,sgd,3,610,1,3.619154152838337e-05,0.6568477958943117
financial_daily,GBPUSD=X,F1,adam,0,86,1,0.0003181481895649218,0.6607454656408042
financial_daily,GBPUSD=X,F1,adam,1,92,1,0.00026248458851191184,0.6563757004070621
financial_daily,GBPUSD=X,F1,adam,2,70,1,2.281338088922853e-05,0.6619863149157158
financial_daily,GBPUSD=X,F1,adam,3,115,1,1.2540509858145512e-05,0.6601506432994033
financial_daily,GBPUSD=X,F2,sgd,0,1607,1,1.1032254929263468e-05,0.6319806916625188
financial_daily,GBPUSD=X,F2,sgd,1,1388,1,1.3886359293306511e-05,0.6324370116776391
financial_daily,GBPUSD=X,F2,sgd,2,1500,1,1.134500864024871e-05,0.631858070090706
financial_daily,GBPUSD=X,F2,sgd,3,1718,1,1.0691380913865491e-05,0.6319454449714538
financial_daily,GBPUSD=X,F2,adam,0,48,1,1.0466202727662995e-05,0.6370136713174905
financial_daily,GBPUSD=X,F2,adam,1,50,1,3.961339034315523e-05,0.6320293047033345
financial_daily,GBPUSD=X,F2,adam,2,71,1,8.727514743539057e-06,0.6370762977936986
financial_daily,GBPUSD=X,F2,adam,3,56,1,8.157864046744504e-05,0.6327799584757351
financial_daily,GBPUSD=X,F4,sgd,0,1378,1,1.97066668959489e-05,0.6425504583697884
financial_daily,GBPUSD=X,F4,sgd,1,1515,1,2.109235339313867e-05,0.6415062585650237
financial_daily,GBPUSD=X,F4,sgd,2,1295,1,1.3045149594055953e-05,0.6428815283011747
financial_daily,GBPUSD=X,F4,sgd,3,1374,1,1.7627093887653937e-05,0.6418666027877852
financial_daily,GBPUSD=X,F4,adam,0,159,1,7.626934605257155e-05,0.6446853751189182
financial_daily,GBPUSD=X,F4,adam,1,193,1,0.0002059749878548381,0.6387852874092667
financial_daily,GBPUSD=X,F4,adam,2,78,1,6.916629779825702e-05,0.6455889039874161
financial_daily,GBPUSD=X,F4,adam,3,120,1,5.949203673915716e-05,0.6397070006518862
financial_daily,GBPUSD=X,FA,sgd,0,950,1,2.046541828703447e-05,0.6467935833212688
financial_daily,GBPUSD=X,FA,sgd,1,889,1,9.807512962367505e-06,0.6457907679246568
financial_daily,GBPUSD=X,FA,sgd,2,855,1,4.497000441888946e-06,0.6473519504547047
financial_daily,GBPUSD=X,FA,sgd,3,815,1,8.120356466954197e-06,0.6462567602844193
financial_daily,GBPUSD=X,FA,adam,0,107,1,0.0002945450222813796,0.6473375473491171
financial_daily,GBPUSD=X,FA,adam,1,124,1,0.0002645801685782505,0.6439422913023704
financial_daily,GBPUSD=X,FA,adam,2,75,1,0.0001735845151753587,0.6512480009487739
financial_daily,GBPUSD=X,FA,adam,3,117,1,0.00022203381345828988,0.6430664884632864
financial_daily,JPM,F0,sgd,0,80,1,5.929124065196563e-05,0.6239622212622635
financial_daily,JPM,F0,sgd,1,85,1,0.00017430203862763471,0.6246025555015531
financial_daily,JPM,F0,sgd,2,102,1,7.326814149708189e-05,0.6238648371282853
financial_daily,JPM,F0,sgd,3,83,1,0.00011723100370588247,0.6245502542466832
financial_daily,JPM,F0,adam,0,89,1,0.0005976605772881104,0.6246270856038895
financial_daily,JPM,F0,adam,1,70,1,0.001763109632728573,0.6255615001594416
financial_daily,JPM,F0,adam,2,61,1,0.0012427097048162254,0.6240209543144578
financial_daily,JPM,F0,adam,3,199,1,0.0009155554185618515,0.6249119581006192
financial_daily,JPM,F1,sgd,0,646,1,2.8215414497413474e-05,0.6609665912109528
financial_daily,JPM,F1,sgd,1,665,1,3.355168031883602e-05,0.6609974932056546
financial_daily,JPM,F1,sgd,2,509,1,2.2072978786452226e-05,0.6617242745124216
financial_daily,JPM,F1,sgd,3,570,1,3.4465490675841256e-05,0.6606779033958511
financial_daily,JPM,F1,adam,0,83,1,0.0002727586622575399,0.6613580925329494
financial_daily,JPM,F1,adam,1,91,1,0.0002423205447843959,0.657458667859956
financial_daily,JPM,F1,adam,2,67,1,2.556484977787741e-05,0.6630153386499659
financial_daily,JPM,F1,adam,3,89,1,1.137766178052343e-05,0.6616852025839112
financial_daily,JPM,F2,sgd,0,1640,1,7.508507542727946e-06,0.6349312003999545
financial_daily,JPM,F2,sgd,1,1432,1,1.0346231251788491e-05,0.6355351699540477
financial_daily,JPM,F2,sgd,2,1741,1,8.472764567290165e-06,0.6345233764998613
financial_daily,JPM,F2,sgd,3,1791,1,7.407625015763404e-06,0.6348423637208547
financial_daily,JPM,F2,adam,0,53,1,6.556546730142627e-06,0.6350688950042597
financial_daily,JPM,F2,adam,1,57,1,3.339537374459063e-05,0.632911990100992
financial_daily,JPM,F2,adam,2,74,1,1.0187785170135395e-05,0.6365747783864116
financial_daily,JPM,F2,adam,3,59,1,8.048607713104012e-05,0.6317954115303843
financial_daily,JPM,F4,sgd,0,2223,1,1.445703067804548e-05,0.6280959974533772
financial_daily,JPM,F4,sgd,1,2270,1,1.610476668327383e-05,0.6283955008768779
financial_daily,JPM,F4,sgd,2,1815,1,8.294255774915852e-06,0.6282404248947893
financial_daily,JPM,F4,sgd,3,2189,1,1.0547651869340636e-05,0.6280486458402724
financial_daily,JPM,F4,adam,0,232,1,3.403508351545109e-05,0.6291540526050909
financial_daily,JPM,F4,adam,1,201,1,0.00016132717859340779,0.6270444267772789
financial_daily,JPM,F4,adam,2,94,1,7.203681346050463e-05,0.6293595907815197
financial_daily,JPM,F4,adam,3,147,1,0.0001253122572513545,0.6275158812656506
financial_daily,JPM,FA,sgd,0,802,1,2.296719524074737e-05,0.6311938660885664
financial_daily,JPM,FA,sgd,1,823,1,9.096737581925524e-06,0.630840368197954
financial_daily,JPM,FA,sgd,2,736,1,8.488863670837051e-06,0.6311292866746081
financial_daily,JPM,FA,sgd,3,695,1,6.417087621454913e-06,0.6310275133254567
financial_daily,JPM,FA,adam,0,102,1,0.0003564080382845053,0.6298749962265229
financial_daily,JPM,FA,adam,1,84,1,0.00027829535436931527,0.6296427820310364
financial_daily,JPM,FA,adam,2,69,1,0.00017846370351201805,0.6319794182614744
financial_daily,JPM,FA,adam,3,88,1,0.00023885795931170462,0.6296043169824126
financial_daily,JPY=X,F0,sgd,0,249,1,6.084429382526456e-05,1.240850330078816
financial_daily,JPY=X,F0,sgd,1,199,1,0.0001233431298477175,1.2393303565756684
financial_daily,JPY=X,F0,sgd,2,142,1,7.587317385527372e-05,1.240104786370279
financial_daily,JPY=X,F0,sgd,3,127,1,0.0001046041543308388,1.2404385234278532
financial_daily,JPY=X,F0,adam,0,4000,0,0.0007647321616394769,1.241011680419717
financial_daily,JPY=X,F0,adam,1,4000,0,0.001641628057918086,1.239491007311973
financial_daily,JPY=X,F0,adam,2,4000,0,0.0013172165196442041,1.240794619613026
financial_daily,JPY=X,F0,adam,3,3996,1,0.0003756968083270651,1.237219231127896
financial_daily,JPY=X,F1,sgd,0,705,1,3.418875816134595e-05,1.2832688854632137
financial_daily,JPY=X,F1,sgd,1,811,1,3.8074638891017796e-05,1.2833190589352048
financial_daily,JPY=X,F1,sgd,2,616,1,2.703026482761374e-05,1.285534199106474
financial_daily,JPY=X,F1,sgd,3,689,1,3.872703623471799e-05,1.2827212026467887
financial_daily,JPY=X,F1,adam,0,92,1,0.0001618882271858879,1.2985145746469848
financial_daily,JPY=X,F1,adam,1,121,1,0.00020263742804236255,1.2797231112646803
financial_daily,JPY=X,F1,adam,2,68,1,3.077000056198375e-05,1.2996341686895092
financial_daily,JPY=X,F1,adam,3,117,1,1.1045001706836626e-05,1.2906301701025147
financial_daily,JPY=X,F2,sgd,0,1609,1,7.193535756968665e-06,1.2439622191339037
financial_daily,JPY=X,F2,sgd,1,1392,1,1.005629164087116e-05,1.2449125660435203
financial_daily,JPY=X,F2,sgd,2,1513,1,8.15740944570437e-06,1.2437997122568618
financial_daily,JPY=X,F2,sgd,3,1722,1,7.020428189193938e-06,1.2438601009101011
financial_daily,JPY=X,F2,adam,0,50,1,6.4659332204098666e-06,1.2534249697655275
financial_daily,JPY=X,F2,adam,1,51,1,3.564244113051455e-05,1.2436924008827674
financial_daily,JPY=X,F2,adam,2,72,1,8.792562284328419e-06,1.258092831363437
financial_daily,JPY=X,F2,adam,3,57,1,8.162275643169225e-05,1.2429869223720618
financial_daily,JPY=X,F4,sgd,0,3021,1,5.610589621176932e-06,1.246673137959098
financial_daily,JPY=X,F4,sgd,1,2498,1,1.3136441615062699e-05,1.2462244511131966
financial_daily,JPY=X,F4,sgd,2,2305,1,5.160650042951602e-06,1.2474570826010127
financial_daily,JPY=X,F4,sgd,3,2800,1,7.29602284440501e-06,1.2457237737524542
financial_daily,JPY=X,F4,adam,0,249,1,5.734269398913445e-05,1.2540751471416482
financial_daily,JPY=X,F4,adam,1,211,1,9.04913879210618e-05,1.2393578326191528
financial_daily,JPY=X,F4,adam,2,80,1,3.518650490121097e-05,1.2525437482819328
financial_daily,JPY=X,F4,adam,3,139,1,8.302694278199428e-05,1.2424640243636402
financial_daily,JPY=X,FA,sgd,0,1247,1,9.79169412333797e-06,1.2853940859856654
financial_daily,JPY=X,FA,sgd,1,1269,1,5.309735497512534e-06,1.2828811755218152
financial_daily,JPY=X,FA,sgd,2,1131,1,6.753704653002797e-06,1.2865215617767285
financial_daily,JPY=X,FA,sgd,3,1228,1,3.066877919489141e-06,1.2836717763014474
financial_daily,JPY=X,FA,adam,0,160,1,7.055923357414386e-05,1.2888715429079718
financial_daily,JPY=X,FA,adam,1,194,1,0.0002030128698559637,1.2736959882171164
financial_daily,JPY=X,FA,adam,2,72,1,0.00012300795861709937,1.2915316430041492
financial_daily,JPY=X,FA,adam,3,119,1,0.00016728395422032334,1.2759627926129036
financial_daily,MSFT,F0,sgd,0,110,1,6.718618455879831e-05,0.591760715121802
financial_daily,MSFT,F0,sgd,1,97,1,0.0001745634444528509,0.5925569248397237
financial_daily,MSFT,F0,sgd,2,112,1,7.892884399835707e-05,0.5915680965235883
financial_daily,MSFT,F0,sgd,3,112,1,0.00011646154938355279,0.592322880815601
financial_daily,MSFT,F0,adam,0,87,1,0.001214644908402837,0.593716704161385
financial_daily,MSFT,F0,adam,1,65,1,0.0013129933670245676,0.5945513685055679
financial_daily,MSFT,F0,adam,2,18,1,0.0012585057608349918,0.5925108242758916
financial_daily,MSFT,F0,adam,3,44,1,0.0007956048465985967,0.5922589472528602
financial_daily,MSFT,F1,sgd,0,1150,1,2.718089728429223e-05,0.6145206120753198
financial_daily,MSFT,F1,sgd,1,1251,1,3.176446365371215e-05,0.6147832185853672
financial_daily,MSFT,F1,sgd,2,1023,1,2.0468612597156305e-05,0.6151377944638049
financial_daily,MSFT,F1,sgd,3,868,1,3.041884695212115e-05,0.6142954789171943
financial_daily,MSFT,F1,adam,0,107,1,7.641831715472068e-05,0.6202936633309332
financial_daily,MSFT,F1,adam,1,193,1,0.00017122728905937762,0.6125326440464189
financial_daily,MSFT,F1,adam,2,70,1,3.249179712384473e-05,0.6184112128203547
financial_daily,MSFT,F1,adam,3,120,1,1.5189891778551105e-05,0.6170076440861616
financial_daily,MSFT,F2,sgd,0,3058,1,5.657044370231152e-06,0.593081389479846
financial_daily,MSFT,F2,sgd,1,2487,1,5.133055889721225e-06,0.5937906546003209
financial_daily,MSFT,F2,sgd,2,3094,1,9.020255415086505e-06,0.5927795366635351
financial_daily,MSFT,F2,sgd,3,2848,1,6.1563491026313956e-06,0.5929995887947045
financial_daily,MSFT,F2,adam,0,267,1,2.4360305930697413e-06,0.5956676092125812
financial_daily,MSFT,F2,adam,1,237,1,1.3095546620832993e-05,0.5929585156681931
financial_daily,MSFT,F2,adam,2,158,1,1.3767132534966145e-05,0.5980677762146028
financial_daily,MSFT,F2,adam,3,99,1,5.676519265075036e-05,0.5924559864356903
financial_daily,MSFT,F4,sgd,0,3869,1,2.0036906867645512e-05,0.5891801217220803
financial_daily,MSFT,F4,sgd,1,4000,0,2.809807179636654e-05,0.5893241736478473
financial_daily,MSFT,F4,sgd,2,3418,1,1.8496834184052394e-05,0.5893421592591368
financial_daily,MSFT,F4,sgd,3,3769,1,2.1449969343935155e-05,0.5891012881992425
financial_daily,MSFT,F4,adam,0,259,1,5.350912371565846e-05,0.5932211935097931
financial_daily,MSFT,F4,adam,1,609,1,8.571350433912002e-05,0.5896191514163905
financial_daily,MSFT,F4,adam,2,922,1,2.4955313292827445e-05,0.5923698290005452
financial_daily,MSFT,F4,adam,3,170,1,7.114977026919395e-05,0.5901990739558569
financial_daily,MSFT,FA,sgd,0,971,1,1.0663906247909504e-05,0.6000898627519285
financial_daily,MSFT,FA,sgd,1,1031,1,4.362957926937852e-06,0.5994491826445185
financial_daily,MSFT,FA,sgd,2,905,1,6.21619499756689e-06,0.5997034066755798
financial_daily,MSFT,FA,sgd,3,819,1,3.2451218627239387e-06,0.5997541648538377
financial_daily,MSFT,FA,adam,0,103,1,0.0001335052578031706,0.5991231015928586
financial_daily,MSFT,FA,adam,1,192,1,0.00022414519077935878,0.5977914377626099
financial_daily,MSFT,FA,adam,2,67,1,0.00013693426051336664,0.6007014775822997
financial_daily,MSFT,FA,adam,3,118,1,0.00018769474377970498,0.5982386778232511
financial_15m,AAPL,F0,sgd,0,359,1,6.080631239592368e-05,0.9852939176077083
financial_15m,AAPL,F0,sgd,1,202,1,0.0001435550442132485,0.9865033998242623
financial_15m,AAPL,F0,sgd,2,123,1,7.70747168098328e-05,0.9853029085543641
financial_15m,AAPL,F0,sgd,3,102,1,0.00011295111683155541,0.9864889117479253
financial_15m,AAPL,F0,adam,0,4000,0,0.0006004455198008573,0.9857038285827863
financial_15m,AAPL,F0,adam,1,4000,0,0.0016481459515849948,0.9872468386535029
financial_15m,AAPL,F0,adam,2,4000,0,0.0013447616998392192,0.9828097776750243
financial_15m,AAPL,F0,adam,3,4000,0,0.0006507283782792676,0.9861727772000178
financial_15m,AAPL,F1,sgd,0,593,1,3.1728496202097936e-05,1.04296884544319
financial_15m,AAPL,F1,sgd,1,662,1,3.652901680177054e-05,1.0434265125617759
financial_15m,AAPL,F1,sgd,2,501,1,2.5028281803343977e-05,1.0435834547851486
financial_15m,AAPL,F1,sgd,3,565,1,3.7785057671736464e-05,1.042686718731197
financial_15m,AAPL,F1,adam,0,83,1,0.0002670223220903121,1.0414153308525953
financial_15m,AAPL,F1,adam,1,91,1,0.00023809208417951646,1.034781769015761
financial_15m,AAPL,F1,adam,2,67,1,2.4691274192007892e-05,1.0414705618221658
financial_15m,AAPL,F1,adam,3,88,1,1.1239789926444565e-05,1.0415191110881872
financial_15m,AAPL,F2,sgd,0,1461,1,6.968365457877123e-06,0.9994189830061067
financial_15m,AAPL,F2,sgd,1,1305,1,1.0045486700435495e-05,1.0004071689809375
financial_15m,AAPL,F2,sgd,2,1405,1,7.882030338147225e-06,0.9988019147450642
financial_15m,AAPL,F2,sgd,3,1682,1,6.7076357453876145e-06,0.9994187936722227
financial_15m,AAPL,F2,adam,0,43,1,8.616369115427985e-06,1.0016043463802737
financial_15m,AAPL,F2,adam,1,40,1,4.207813639232163e-05,0.9970016322668649
financial_15m,AAPL,F2,adam,2,69,1,8.18560187101273e-06,1.001861669330234
financial_15m,AAPL,F2,adam,3,52,1,7.989419396473246e-05,0.9956532670410322
financial_15m,AAPL,F4,sgd,0,1643,1,2.41033359527663e-05,1.0030992144012734
financial_15m,AAPL,F4,sgd,1,1772,1,2.942754515383324e-05,1.002739814337923
financial_15m,AAPL,F4,sgd,2,1717,1,2.0245086517317287e-05,1.0032128499538642
financial_15m,AAPL,F4,sgd,3,1689,1,2.4627318437992626e-05,1.0026087619190844
financial_15m,AAPL,F4,adam,0,168,1,4.962815050555762e-05,1.0052156335397635
financial_15m,AAPL,F4,adam,1,195,1,0.00018398911933945375,0.9993873098296295
financial_15m,AAPL,F4,adam,2,94,1,5.581102668645675e-05,1.0041943713514212
financial_15m,AAPL,F4,adam,3,123,1,3.003425255134032e-05,1.0020681114032763
financial_15m,AAPL,FA,sgd,0,669,1,3.174657688282734e-05,1.0413740133952478
financial_15m,AAPL,FA,sgd,1,667,1,2.0549985869649845e-05,1.0376679265921485
financial_15m,AAPL,FA,sgd,2,633,1,6.231835378822358e-06,1.0406564154221583
financial_15m,AAPL,FA,sgd,3,612,1,1.3141434529205329e-05,1.0393779465079418
financial_15m,AAPL,FA,adam,0,106,1,0.0005878892579303825,1.0347106280918241
financial_15m,AAPL,FA,adam,1,87,1,0.0004609731836133195,1.031594072446781
financial_15m,AAPL,FA,adam,2,77,1,0.0002442132317522237,1.0430461220827079
financial_15m,AAPL,FA,adam,3,94,1,0.0002509381179065626,1.0374813670172225
financial_15m,BTC-USD,F0,sgd,0,89,1,5.991394460423599e-05,0.5635650265031417
financial_15m,BTC-USD,F0,sgd,1,87,1,0.0001833439950957585,0.5643522435797768
financial_15m,BTC-USD,F0,sgd,2,114,1,8.135123122822648e-05,0.5637058229590663
financial_15m,BTC-USD,F0,sgd,3,92,1,0.00011933031372417455,0.564130360374007
financial_15m,BTC-USD,F0,adam,0,1702,1,0.0007546918463406876,0.5640195419430857
financial_15m,BTC-USD,F0,adam,1,816,1,0.0018011981107201103,0.56543494048595
financial_15m,BTC-USD,F0,adam,2,578,1,0.0014124389883154956,0.5637413214773409
financial_15m,BTC-USD,F0,adam,3,3168,1,0.0010643876012995596,0.5657041038196579
financial_15m,BTC-USD,F1,sgd,0,593,1,2.8915738873338798e-05,0.5939052726502593
financial_15m,BTC-USD,F1,sgd,1,657,1,3.3864835083421636e-05,0.5939739584061269
financial_15m,BTC-USD,F1,sgd,2,501,1,2.2666132188718958e-05,0.5942436166379279
financial_15m,BTC-USD,F1,sgd,3,565,1,3.464693889941936e-05,0.5936971732291483
financial_15m,BTC-USD,F1,adam,0,83,1,0.0002490272774737055,0.5954556748796797
financial_15m,BTC-USD,F1,adam,1,90,1,0.00023363523997889786,0.5943383237891542
financial_15m,BTC-USD,F1,adam,2,57,1,2.7323694412368488e-05,0.5950876469601913
financial_15m,BTC-USD,F1,adam,3,88,1,1.1011933155688509e-05,0.5969659377169803
financial_15m,BTC-USD,F2,sgd,0,1611,1,6.859678230158827e-06,0.5694380711585127
financial_15m,BTC-USD,F2,sgd,1,1398,1,9.827542980706888e-06,0.5699227344583272
financial_15m,BTC-USD,F2,sgd,2,1696,1,7.768718586716848e-06,0.5689277702927579
financial_15m,BTC-USD,F2,sgd,3,1753,1,6.768697735564905e-06,0.5693359226884893
financial_15m,BTC-USD,F2,adam,0,50,1,6.974410344061269e-06,0.5702591616295369
financial_15m,BTC-USD,F2,adam,1,51,1,3.55162399019095e-05,0.5680924431547434
financial_15m,BTC-USD,F2,adam,2,72,1,9.459875702576556e-06,0.5685459612006966
financial_15m,BTC-USD,F2,adam,3,57,1,8.106596825537805e-05,0.5680280851853309
financial_15m,BTC-USD,F4,sgd,0,766,1,1.7131972332969808e-05,0.6080871963628485
financial_15m,BTC-USD,F4,sgd,1,822,1,1.114626669123819e-05,0.6063057381501751
financial_15m,BTC-USD,F4,sgd,2,712,1,8.828975736210407e-06,0.6078234626000858
financial_15m,BTC-USD,F4,sgd,3,686,1,1.0598738188228129e-05,0.6071426782568897
financial_15m,BTC-USD,F4,adam,0,90,1,0.00046598382483837436,0.6045865807756193
financial_15m,BTC-USD,F4,adam,1,81,1,0.0003716728058328836,0.6022669370402344
financial_15m,BTC-USD,F4,adam,2,67,1,8.717421669799442e-05,0.6091684152328387
financial_15m,BTC-USD,F4,adam,3,88,1,0.00012024661786441744,0.6047061053673642
financial_15m,BTC-USD,FA,sgd,0,691,1,2.0256317194056618e-05,0.5978706955841111
financial_15m,BTC-USD,FA,sgd,1,707,1,1.0273273712078474e-05,0.5964257065509091
financial_15m,BTC-USD,FA,sgd,2,638,1,7.824695311382884e-06,0.5976266448253122
financial_15m,BTC-USD,FA,sgd,3,593,1,9.078946008307707e-06,0.5971589647082145
financial_15m,BTC-USD,FA,adam,0,94,1,0.00048630140574550194,0.5939903144754359
financial_15m,BTC-USD,FA,adam,1,80,1,0.00036526711298831056,0.5928498808253375
financial_15m,BTC-USD,FA,adam,2,66,1,0.00014867918611877724,0.5994848908062873
financial_15m,BTC-USD,FA,adam,3,86,1,0.00021680287946434143,0.5938327497913325
financial_15m,ETH-USD,F0,sgd,0,93,1,5.8947184153563116e-05,0.47934486542074156
financial_15m,ETH-USD,F0,sgd,1,85,1,0.00019051386086346977,0.47983392092837895
financial_15m,ETH-USD,F0,sgd,2,114,1,8.096046723625253e-05,0.47951760508818053
financial_15m,ETH-USD,F0,sgd,3,89,1,0.0001198400799083138,0.47965073395772884
financial_15m,ETH-USD,F0,adam,0,4000,0,0.0006790060948211673,0.47948745666890336
financial_15m,ETH-USD,F0,adam,1,4000,0,0.0019959437050827513,0.4806871468394619
financial_15m,ETH-USD,F0,adam,2,773,1,0.0013516424631480515,0.47947032218093705
financial_15m,ETH-USD,F0,adam,3,4000,0,0.0010957118847359593,0.48077915614886463
financial_15m,ETH-USD,F1,sgd,0,507,1,2.8639511518744044e-05,0.5075473848808898
financial_15m,ETH-USD,F1,sgd,1,603,1,3.4581647327087664e-05,0.5075393402690944
financial_15m,ETH-USD,F1,sgd,2,455,1,2.266613872906543e-05,0.5078569674579673
financial_15m,ETH-USD,F1,sgd,3,481,1,3.5707015079494764e-05,0.5073455119549227
financial_15m,ETH-USD,F1,adam,0,81,1,0.0003413116674892828,0.5074470860308848
financial_15m,ETH-USD,F1,adam,1,84,1,0.00026950253343040745,0.5073270765170244
financial_15m,ETH-USD,F1,adam,2,54,1,2.1567137495126994e-05,0.5081850438880354
financial_15m,ETH-USD,F1,adam,3,85,1,1.1762248638479206e-05,0.5094765659518543
financial_15m,ETH-USD,F2,sgd,0,1452,1,8.07874993618223e-06,0.4877028502422232
financial_15m,ETH-USD,F2,sgd,1,1244,1,1.1305208539932782e-05,0.48809834673634467
financial_15m,ETH-USD,F2,sgd,2,1381,1,8.429284466636441e-06,0.48728402419582695
financial_15m,ETH-USD,F2,sgd,3,1459,1,7.881023028786277e-06,0.4876077730208314
financial_15m,ETH-USD,F2,adam,0,42,1,8.921949059200496e-06,0.4876062583237215
financial_15m,ETH-USD,F2,adam,1,40,1,4.5649528404613545e-05,0.4860562536898674
financial_15m,ETH-USD,F2,adam,2,68,1,7.412926478269056e-06,0.48660126075783744
financial_15m,ETH-USD,F2,adam,3,52,1,8.085483166610969e-05,0.4858453682764317
financial_15m,ETH-USD,F4,sgd,0,874,1,1.6431895463209522e-05,0.5154852679248059
financial_15m,ETH-USD,F4,sgd,1,943,1,1.0710458900520967e-05,0.5143156478345818
financial_15m,ETH-USD,F4,sgd,2,855,1,1.1989177458767519e-05,0.5154833589375574
financial_15m,ETH-USD,F4,sgd,3,818,1,1.0808881360585216e-05,0.5147224637717616
financial_15m,ETH-USD,F4,adam,0,94,1,0.0003461838086200976,0.5127019311780308
financial_15m,ETH-USD,F4,adam,1,86,1,0.0003038472418050852,0.5102812392294295
financial_15m,ETH-USD,F4,adam,2,69,1,7.83641287885212e-05,0.5157784813961983
financial_15m,ETH-USD,F4,adam,3,114,1,0.00010006645672590738,0.5136778307806764
financial_15m,ETH-USD,FA,sgd,0,843,1,1.6386443779951804e-05,0.5000865964251134
financial_15m,ETH-USD,FA,sgd,1,874,1,6.320592840606673e-06,0.49928338610625683
financial_15m,ETH-USD,FA,sgd,2,782,1,7.545551455881607e-06,0.49990422217738406
financial_15m,ETH-USD,FA,sgd,3,755,1,5.893005718422455e-06,0.4996706980951751
financial_15m,ETH-USD,FA,adam,0,102,1,0.00031138644886980843,0.49769279143521045
financial_15m,ETH-USD,FA,adam,1,85,1,0.0002773753174987738,0.4968383951996931
financial_15m,ETH-USD,FA,adam,2,68,1,0.00013293218525613543,0.5013319309333669
financial_15m,ETH-USD,FA,adam,3,94,1,0.00019271168819097866,0.49742162485677605
financial_15m,EURUSD=X,F0,sgd,0,98,1,5.597104317672168e-05,0.4202735186165731
financial_15m,EURUSD=X,F0,sgd,1,75,1,0.0001916152392023499,0.4201402227259561
financial_15m,EURUSD=X,F0,sgd,2,112,1,8.289029449983152e-05,0.42058719531558214
financial_15m,EURUSD=X,F0,sgd,3,92,1,0.00011991569422546694,0.420094762595426
financial_15m,EURUSD=X,F0,adam,0,4000,0,0.0006685280541836115,0.41960387664817816
financial_15m,EURUSD=X,F0,adam,1,816,1,0.0023513304595779026,0.42031198633486505
financial_15m,EURUSD=X,F0,adam,2,772,1,0.0013101741010285355,0.4207235866691742
financial_15m,EURUSD=X,F0,adam,3,4000,0,0.0011913995389668053,0.42074516777535015
financial_15m,EURUSD=X,F1,sgd,0,560,1,2.9915722233886274e-05,0.43985718193403234
financial_15m,EURUSD=X,F1,sgd,1,641,1,3.570592293627522e-05,0.4397077496006846
financial_15m,EURUSD=X,F1,sgd,2,487,1,2.378507049492002e-05,0.44024160299646187
financial_15m,EURUSD=X,F1,sgd,3,545,1,3.629649983679139e-05,0.43961516257394745
financial_15m,EURUSD=X,F1,adam,0,82,1,0.00029336533687272185,0.4430906745793165
financial_15m,EURUSD=X,F1,adam,1,86,1,0.0002506662717672955,0.44005004150211424
financial_15m,EURUSD=X,F1,adam,2,56,1,2.5039596541079814e-05,0.4423519964797906
financial_15m,EURUSD=X,F1,adam,3,87,1,1.1485142468354552e-05,0.44240327116382133
financial_15m,EURUSD=X,F2,sgd,0,1468,1,7.841281501845353e-06,0.42202940647357134
financial_15m,EURUSD=X,F2,sgd,1,1343,1,1.1030754545447202e-05,0.42227070452245447
financial_15m,EURUSD=X,F2,sgd,2,1411,1,8.346498302161567e-06,0.4218493893014488
financial_15m,EURUSD=X,F2,sgd,3,1700,1,7.70335517517503e-06,0.42193581191227036
financial_15m,EURUSD=X,F2,adam,0,46,1,8.540605806765563e-06,0.42429915054490963
financial_15m,EURUSD=X,F2,adam,1,42,1,4.140542149014645e-05,0.4216774237012511
financial_15m,EURUSD=X,F2,adam,2,70,1,8.462652539744164e-06,0.4238398492349508
financial_15m,EURUSD=X,F2,adam,3,54,1,8.13891672218394e-05,0.4222152844428897
financial_15m,EURUSD=X,F4,sgd,0,644,1,2.364005126237872e-05,0.4515272596313923
financial_15m,EURUSD=X,F4,sgd,1,653,1,1.8857341752631378e-05,0.45046030611370935
financial_15m,EURUSD=X,F4,sgd,2,605,1,1.0996859352967619e-05,0.45142809716627
financial_15m,EURUSD=X,F4,sgd,3,571,1,1.7119397703610126e-05,0.4509917933283861
financial_15m,EURUSD=X,F4,adam,0,89,1,0.0005730592177723712,0.44942653834825996
financial_15m,EURUSD=X,F4,adam,1,80,1,0.0005321498065625067,0.4483704317679052
financial_15m,EURUSD=X,F4,adam,2,68,1,0.00011400968474545283,0.45282520321190983
financial_15m,EURUSD=X,F4,adam,3,87,1,0.00014857396232324173,0.4500599303261664
financial_15m,EURUSD=X,FA,sgd,0,639,1,2.7077313250650955e-05,0.44718729343834757
financial_15m,EURUSD=X,FA,sgd,1,628,1,1.713822898661925e-05,0.44595430215595405
financial_15m,EURUSD=X,FA,sgd,2,593,1,7.830309417637546e-06,0.4468055591791376
financial_15m,EURUSD=X,FA,sgd,3,567,1,1.2682663880980781e-05,0.4466686326979537
financial_15m,EURUSD=X,FA,adam,0,97,1,0.0005771131487744339,0.44472084992200683
financial_15m,EURUSD=X,FA,adam,1,80,1,0.00046298587148796715,0.4438504659074404
financial_15m,EURUSD=X,FA,adam,2,70,1,0.00020645026232856962,0.44911113724896623
financial_15m,EURUSD=X,FA,adam,3,87,1,0.00023930217338095152,0.44327101740886665
macro_fred,INDPRO,F0,sgd,0,28,1,8.334211554401419e-05,0.010497257783443159
macro_fred,INDPRO,F0,sgd,1,29,1,0.0003824455659573738,0.010724100690739992
macro_fred,INDPRO,F0,sgd,2,29,1,3.543237734795705e-05,0.010309184577196763
macro_fred,INDPRO,F0,sgd,3,28,1,4.009204122858599e-05,0.010482527315363288
macro_fred,INDPRO,F0,adam,0,20,1,0.00031465182545276446,0.010118841896817974
macro_fred,INDPRO,F0,adam,1,20,1,0.00355844219376735,0.01097411010294245
macro_fred,INDPRO,F0,adam,2,20,1,0.00027198866713835896,0.010178556013865518
macro_fred,INDPRO,F0,adam,3,20,1,0.004511013064592768,0.009900241137302035
macro_fred,INDPRO,F1,sgd,0,29,1,0.0001089078457944286,0.06431824731203073
macro_fred,INDPRO,F1,sgd,1,29,1,0.00039591742094109646,0.06434454903039462
macro_fred,INDPRO,F1,sgd,2,29,1,6.012384363308918e-05,0.06340473322347494
macro_fred,INDPRO,F1,sgd,3,29,1,6.033876776371806e-05,0.06417111612984908
macro_fred,INDPRO,F1,adam,0,20,1,0.000306348186091627,0.046252413855023364
macro_fred,INDPRO,F1,adam,1,20,1,0.0036280401956696354,0.057041081331068104
macro_fred,INDPRO,F1,adam,2,20,1,0.00022125021780356277,0.04938355380324832
macro_fred,INDPRO,F1,adam,3,20,1,0.00454260902155764,0.050789717373233734
macro_fred,INDPRO,F2,sgd,0,31,1,4.401727698414954e-05,0.2058167438204772
macro_fred,INDPRO,F2,sgd,1,32,1,0.0003070882608911726,0.2055486770662423
macro_fred,INDPRO,F2,sgd,2,32,1,8.566152860971221e-06,0.20423762867099435
macro_fred,INDPRO,F2,sgd,3,32,1,5.311419276318587e-06,0.20513420814172073
macro_fred,INDPRO,F2,adam,0,20,1,0.000528298346169592,0.1782366230266029
macro_fred,INDPRO,F2,adam,1,20,1,0.0037175123581280898,0.18552886150410963
macro_fred,INDPRO,F2,adam,2,21,1,1.548737259557729e-05,0.1736988910414459
macro_fred,INDPRO,F2,adam,3,20,1,0.004212466009666979,0.18414131338162543
macro_fred,INDPRO,F4,sgd,0,28,1,0.00010411752421616433,0.04554604508413007
macro_fred,INDPRO,F4,sgd,1,29,1,0.0003966333137080224,0.04581598752140594
macro_fred,INDPRO,F4,sgd,2,29,1,5.333269693454701e-05,0.044915978818935456
macro_fred,INDPRO,F4,sgd,3,28,1,5.7678589172712725e-05,0.04566014943981853
macro_fred,INDPRO,F4,adam,0,20,1,0.00031178301141590576,0.0375970712673956
macro_fred,INDPRO,F4,adam,1,20,1,0.003559227026332417,0.04206746349814829
macro_fred,INDPRO,F4,adam,2,20,1,0.0002674993918493928,0.038478945404270756
macro_fred,INDPRO,F4,adam,3,20,1,0.004504741831690343,0.03922521864224956
macro_fred,INDPRO,FA,sgd,0,29,1,0.00010373454360674276,0.03372695852534676
macro_fred,INDPRO,FA,sgd,1,29,1,0.0003926256890356591,0.033981763713500535
macro_fred,INDPRO,FA,sgd,2,29,1,5.386884520350863e-05,0.0330793756004056
macro_fred,INDPRO,FA,sgd,3,29,1,5.824163676660012e-05,0.03383145905721074
macro_fred,INDPRO,FA,adam,0,20,1,0.0003267048825619406,0.024969908532613626
macro_fred,INDPRO,FA,adam,1,20,1,0.0036335268740166266,0.029907544165495303
macro_fred,INDPRO,FA,adam,2,20,1,0.00021643670765671865,0.02594776996464221
macro_fred,INDPRO,FA,adam,3,20,1,0.004550740110251344,0.026850688383754717
macro_fred,UNRATE,F0,sgd,0,29,1,7.414421952415318e-05,0.0052724837153903725
macro_fred,UNRATE,F0,sgd,1,30,1,0.0003582154153146661,0.00545892479496891
macro_fred,UNRATE,F0,sgd,2,29,1,2.8299844495806074e-05,0.004904338204957179
macro_fred,UNRATE,F0,sgd,3,29,1,2.733347151392624e-05,0.005178881125174026
macro_fred,UNRATE,F0,adam,0,20,1,0.00031836139423875646,0.0037236440380107507
macro_fred,UNRATE,F0,adam,1,20,1,0.003668661836679689,0.004482105352920617
macro_fred,UNRATE,F0,adam,2,20,1,0.0001907661384677365,0.003444588247974183
macro_fred,UNRATE,F0,adam,3,20,1,0.004591461475162019,0.0031630142705954736
macro_fred,UNRATE,F1,sgd,0,28,1,5.837870898454382e-05,0.02261384119583554
macro_fred,UNRATE,F1,sgd,1,28,1,0.0003544779063495522,0.02281293698109935
macro_fred,UNRATE,F1,sgd,2,28,1,1.3146919879492911e-05,0.022060739419918627
macro_fred,UNRATE,F1,sgd,3,28,1,8.025602362765262e-06,0.02229496296978838
macro_fred,UNRATE,F1,adam,0,20,1,0.0002501618867691286,0.015309866951347038
macro_fred,UNRATE,F1,adam,1,20,1,0.0034101685139687954,0.018663454758045525
macro_fred,UNRATE,F1,adam,2,20,1,0.0003613447915114909,0.01451593707886575
macro_fred,UNRATE,F1,adam,3,20,1,0.004401186678885516,0.016121578234221234
macro_fred,UNRATE,F2,sgd,0,25,1,5.84185807600932e-05,0.04818180875615193
macro_fred,UNRATE,F2,sgd,1,26,1,0.00038051514345912473,0.048758047739515614
macro_fred,UNRATE,F2,sgd,2,25,1,7.089840798781795e-06,0.047417710853379424
macro_fred,UNRATE,F2,sgd,3,25,1,1.5316514986767053e-06,0.047481776331512675
macro_fred,UNRATE,F2,adam,0,20,1,0.0002795718222721387,0.04488403519354309
macro_fred,UNRATE,F2,adam,1,20,1,0.0024842834588142647,0.04648184161386081
macro_fred,UNRATE,F2,adam,2,20,1,0.0008802852822624796,0.03962871514105366
macro_fred,UNRATE,F2,adam,3,20,1,0.0034457566316851702,0.04196633776242301
macro_fred,UNRATE,F4,sgd,0,28,1,6.860945499401824e-05,0.01683790487042926
macro_fred,UNRATE,F4,sgd,1,29,1,0.0003605896771679448,0.017017559705749155
macro_fred,UNRATE,F4,sgd,2,29,1,2.294400009345034e-05,0.016343536663797578
macro_fred,UNRATE,F4,sgd,3,28,1,1.8948767923790348e-05,0.016613784127076325
macro_fred,UNRATE,F4,adam,0,20,1,0.0002634440027583393,0.011637377573906194
macro_fred,UNRATE,F4,adam,1,20,1,0.0035002034670230863,0.014380157679026357
macro_fred,UNRATE,F4,adam,2,20,1,0.0003063475616583923,0.011514350882332427
macro_fred,UNRATE,F4,adam,3,20,1,0.004482520567622112,0.012032978661809713
macro_fred,UNRATE,FA,sgd,0,28,1,6.787022141680611e-05,0.012736821775031293
macro_fred,UNRATE,FA,sgd,1,29,1,0.0003576575715457106,0.01290679496061531
macro_fred,UNRATE,FA,sgd,2,29,1,2.2821847218937645e-05,0.012240351939058
macro_fred,UNRATE,FA,sgd,3,28,1,1.887701314799787e-05,0.01251654941562249
macro_fred,UNRATE,FA,adam,0,20,1,0.0002707716750541405,0.007085371931417224
macro_fred,UNRATE,FA,adam,1,20,1,0.0035531279910364366,0.010077772410062958
macro_fred,UNRATE,FA,adam,2,20,1,0.0002717925473811167,0.0070988193516092245
macro_fred,UNRATE,FA,adam,3,20,1,0.004521564414180726,0.00772243725393288
macro_fred,CPIAUCSL,F0,sgd,0,30,1,6.617468073629606e-05,0.0037181865598641477
macro_fred,CPIAUCSL,F0,sgd,1,31,1,0.00033818586479397457,0.0038313596873931536
macro_fred,CPIAUCSL,F0,sgd,2,31,1,2.487039114399841e-05,0.003469320252821966
macro_fred,CPIAUCSL,F0,sgd,3,31,1,2.366704857554252e-05,0.0036313407164707177
macro_fred,CPIAUCSL,F0,adam,0,20,1,0.00042321747080415975,0.003181346583906607
macro_fred,CPIAUCSL,F0,adam,1,20,1,0.003779346107132724,0.0034572586494525026
macro_fred,CPIAUCSL,F0,adam,2,20,1,6.282964016182357e-05,0.0028479193583742348
macro_fred,CPIAUCSL,F0,adam,3,20,1,0.004488460327768,0.0029012825936829555
macro_fred,CPIAUCSL,F1,sgd,0,30,1,4.9507802773550995e-05,0.01805819127702261
macro_fred,CPIAUCSL,F1,sgd,1,30,1,0.0003268415256465603,0.01819897230428207
macro_fred,CPIAUCSL,F1,sgd,2,30,1,9.929219930411865e-06,0.0176302402290967
macro_fred,CPIAUCSL,F1,sgd,3,30,1,5.542403556994922e-06,0.017831306476325234
macro_fred,CPIAUCSL,F1,adam,0,20,1,0.00035784194394979156,0.0126709084905246
macro_fred,CPIAUCSL,F1,adam,1,20,1,0.0037721892545485793,0.01510314931637402
macro_fred,CPIAUCSL,F1,adam,2,21,1,9.497791727392584e-05,0.0117596215351759
macro_fred,CPIAUCSL,F1,adam,3,20,1,0.004553855835154648,0.013479534531770062
macro_fred,CPIAUCSL,F2,sgd,0,29,1,4.706462237711478e-05,0.04410900892717685
macro_fred,CPIAUCSL,F2,sgd,1,29,1,0.00033337293503722253,0.044583354830373324
macro_fred,CPIAUCSL,F2,sgd,2,29,1,5.5244773657291515e-06,0.043505536125853755
macro_fred,CPIAUCSL,F2,sgd,3,29,1,3.445951066413138e-07,0.04361343125021826
macro_fred,CPIAUCSL,F2,adam,0,20,1,0.000294097148922324,0.042371324662583996
macro_fred,CPIAUCSL,F2,adam,1,20,1,0.003676430452540661,0.043795783090828405
macro_fred,CPIAUCSL,F2,adam,2,21,1,0.0001884327337932047,0.038156723593410345
macro_fred,CPIAUCSL,F2,adam,3,20,1,0.004563976677312624,0.03932874502333478
macro_fred,CPIAUCSL,F4,sgd,0,30,1,5.799508254461221e-05,0.012713872069905614
macro_fred,CPIAUCSL,F4,sgd,1,30,1,0.0003330023158719489,0.012820072252942802
macro_fred,CPIAUCSL,F4,sgd,2,30,1,1.7902451983412065e-05,0.012315820263437263
macro_fred,CPIAUCSL,F4,sgd,3,30,1,1.4385147166440777e-05,0.012545901957698906
macro_fred,CPIAUCSL,F4,adam,0,20,1,0.00037799073164967783,0.007814708740464145
macro_fred,CPIAUCSL,F4,adam,1,20,1,0.0037782025530814283,0.010379124790920367
macro_fred,CPIAUCSL,F4,adam,2,21,1,8.10034103406703e-05,0.0078006878777259515
macro_fred,CPIAUCSL,F4,adam,3,20,1,0.004533901203011609,0.008683046811831022
macro_fred,CPIAUCSL,FA,sgd,0,30,1,5.6808121636130254e-05,0.00876468808166872
macro_fred,CPIAUCSL,FA,sgd,1,31,1,0.0003301464066680568,0.008861592510111174
macro_fred,CPIAUCSL,FA,sgd,2,30,1,1.7246275611033474e-05,0.008392455720781006
macro_fred,CPIAUCSL,FA,sgd,3,30,1,1.3811140336584113e-05,0.008604171947279258
macro_fred,CPIAUCSL,FA,adam,0,20,1,0.00039473132542850164,0.004233114196733478
macro_fred,CPIAUCSL,FA,adam,1,20,1,0.0037811107456920427,0.006579142270226546
macro_fred,CPIAUCSL,FA,adam,2,21,1,6.86537646962666e-05,0.004198567363501504
macro_fred,CPIAUCSL,FA,adam,3,20,1,0.004509049088151695,0.005120190571487317
macro_fred,DGS10,F0,sgd,0,33,1,6.50824961852187e-05,0.005804239537444415
macro_fred,DGS10,F0,sgd,1,34,1,0.0003117293929326572,0.006011698521148909
macro_fred,DGS10,F0,sgd,2,35,1,2.922503540397884e-05,0.005459631475657674
macro_fred,DGS10,F0,sgd,3,33,1,3.275655794019956e-05,0.005733499140880649
macro_fred,DGS10,F0,adam,0,20,1,0.0008082894124675192,0.004798596145465525
macro_fred,DGS10,F0,adam,1,20,1,0.003396548467147814,0.005494532494347512
macro_fred,DGS10,F0,adam,2,21,1,5.0099371051331895e-06,0.004406937832838998
macro_fred,DGS10,F0,adam,3,20,1,0.003445435588355139,0.004141515735604936
macro_fred,DGS10,F1,sgd,0,33,1,4.4548547299434384e-05,0.02573199672028319
macro_fred,DGS10,F1,sgd,1,33,1,0.00029266863287033106,0.026069582622926156
macro_fred,DGS10,F1,sgd,2,34,1,1.2561211388806321e-05,0.025109737408734692
macro_fred,DGS10,F1,sgd,3,33,1,1.1257998300280546e-05,0.025411526399900585
macro_fred,DGS10,F1,adam,0,20,1,0.0007515373062305262,0.01769413814366585
macro_fred,DGS10,F1,adam,1,20,1,0.003440187774205169,0.022047255601933363
macro_fred,DGS10,F1,adam,2,21,1,4.303653917373117e-07,0.016663815132919653
macro_fred,DGS10,F1,adam,3,20,1,0.0035398250529431125,0.01785122092859866
macro_fred,DGS10,F2,sgd,0,33,1,3.615835558728126e-05,0.05742750787426042
macro_fred,DGS10,F2,sgd,1,33,1,0.00028741223884893295,0.05838520672606452
macro_fred,DGS10,F2,sgd,2,34,1,4.315139942380566e-06,0.05657086872679015
macro_fred,DGS10,F2,sgd,3,33,1,2.1337286435976074e-06,0.05677648492193616
macro_fred,DGS10,F2,adam,0,20,1,0.0007091473439496639,0.05543128112558155
macro_fred,DGS10,F2,adam,1,20,1,0.003505554666031124,0.05810671989532639
macro_fred,DGS10,F2,adam,2,21,1,2.632707228120316e-07,0.049656782795154335
macro_fred,DGS10,F2,adam,3,20,1,0.0036821419974753283,0.04861181961191288
macro_fred,DGS10,F4,sgd,0,33,1,5.630690861550863e-05,0.019243618303626094
macro_fred,DGS10,F4,sgd,1,34,1,0.0003029140093352053,0.019556149902086935
macro_fred,DGS10,F4,sgd,2,34,1,2.316562152204158e-05,0.018699378531257593
macro_fred,DGS10,F4,sgd,3,33,1,2.3132338223185968e-05,0.019029676067428076
macro_fred,DGS10,F4,adam,0,20,1,0.0007767843249919038,0.014091948286828072
macro_fred,DGS10,F4,adam,1,20,1,0.003410490643634761,0.01754914695257229
macro_fred,DGS10,F4,adam,2,21,1,2.1590695782643596e-06,0.013586846831084869
macro_fred,DGS10,F4,adam,3,20,1,0.003472815711190672,0.013737502911414108
macro_fred,DGS10,FA,sgd,0,33,1,5.46057701190275e-05,0.015634137037871868
macro_fred,DGS10,FA,sgd,1,34,1,0.00030006449310060294,0.015911567882224757
macro_fred,DGS10,FA,sgd,2,35,1,2.188912485092908e-05,0.015078241101821021
macro_fred,DGS10,FA,sgd,3,34,1,2.1947428693931067e-05,0.015431099858128757
macro_fred,DGS10,FA,adam,0,20,1,0.0007951507658532028,0.009978940297061029
macro_fred,DGS10,FA,adam,1,20,1,0.0033807111661608457,0.013531667786899806
macro_fred,DGS10,FA,adam,2,21,1,2.3633050588225336e-06,0.009768276599434833
macro_fred,DGS10,FA,adam,3,20,1,0.003405817925145873,0.009946219684121847
macro_fred,DEXUSEU,F0,sgd,0,22,1,0.00010019567451640712,0.01469082322929376
macro_fred,DEXUSEU,F0,sgd,1,22,1,0.000475161522711915,0.014903032786782937
macro_fred,DEXUSEU,F0,sgd,2,22,1,3.476845226980109e-05,0.01448008567473458
macro_fred,DEXUSEU,F0,sgd,3,22,1,4.0480737021990135e-05,0.014751508602760328
macro_fred,DEXUSEU,F0,adam,0,20,1,0.0006617661958856093,0.013838045966326571
macro_fred,DEXUSEU,F0,adam,1,20,1,0.0012967829811430425,0.014250305891495027
macro_fred,DEXUSEU,F0,adam,2,20,1,0.0011887762227521096,0.013885314282894102
macro_fred,DEXUSEU,F0,adam,3,20,1,0.0017245555842562083,0.013841486649810974
macro_fred,DEXUSEU,F1,sgd,0,22,1,0.00013613789756424644,0.09299365148761676
macro_fred,DEXUSEU,F1,sgd,1,22,1,0.0004994670567587007,0.09296542016115282
macro_fred,DEXUSEU,F1,sgd,2,22,1,6.78433822763494e-05,0.09173453548213632
macro_fred,DEXUSEU,F1,sgd,3,22,1,7.175631795684696e-05,0.09291140723141157
macro_fred,DEXUSEU,F1,adam,0,20,1,0.0006213336878409921,0.06749139125254437
macro_fred,DEXUSEU,F1,adam,1,20,1,0.0013388966890878872,0.08243384480842722
macro_fred,DEXUSEU,F1,adam,2,21,1,0.001199870210644817,0.07279858709023278
macro_fred,DEXUSEU,F1,adam,3,20,1,0.0018144363732582255,0.07401201809124151
macro_fred,DEXUSEU,F2,sgd,0,26,1,7.09048515827926e-05,0.19988432976020407
macro_fred,DEXUSEU,F2,sgd,1,26,1,0.0003900187841951555,0.1998383333221312
macro_fred,DEXUSEU,F2,sgd,2,26,1,1.928701650052915e-05,0.19837935640513307
macro_fred,DEXUSEU,F2,sgd,3,26,1,1.4423557984920066e-05,0.19917639482638755
macro_fred,DEXUSEU,F2,adam,0,20,1,0.0002698170186525545,0.1684390459666788
macro_fred,DEXUSEU,F2,adam,1,20,1,0.002637804347091406,0.1814122851453023
macro_fred,DEXUSEU,F2,adam,2,21,1,0.0007937978020801411,0.16824616396763417
macro_fred,DEXUSEU,F2,adam,3,20,1,0.003595161192584323,0.17437774359317998
macro_fred,DEXUSEU,F4,sgd,0,22,1,0.00011763384541039816,0.05966251114527973
macro_fred,DEXUSEU,F4,sgd,1,22,1,0.00048699196585473293,0.05988829054180757
macro_fred,DEXUSEU,F4,sgd,2,22,1,4.942335953356931e-05,0.05904988298784621
macro_fred,DEXUSEU,F4,sgd,3,22,1,5.7048461572198194e-05,0.05986969282495044
macro_fred,DEXUSEU,F4,adam,0,20,1,0.0006576091280124438,0.049921822677393944
macro_fred,DEXUSEU,F4,adam,1,20,1,0.0013071527186135465,0.05590941138756678
macro_fred,DEXUSEU,F4,adam,2,20,1,0.001184383071532388,0.052587530096887755
macro_fred,DEXUSEU,F4,adam,3,20,1,0.0017527657779064188,0.05262217064646025
macro_fred,DEXUSEU,FA,sgd,0,22,1,0.0001209633040819846,0.0422958022841402
macro_fred,DEXUSEU,FA,sgd,1,22,1,0.0004890365183554501,0.042589153130752344
macro_fred,DEXUSEU,FA,sgd,2,22,1,5.259837957535783e-05,0.04154810253136648
macro_fred,DEXUSEU,FA,sgd,3,22,1,6.001012490191107e-05,0.042473995746848056
macro_fred,DEXUSEU,FA,adam,0,20,1,0.0006489098057919802,0.03126604144304464
macro_fred,DEXUSEU,FA,adam,1,20,1,0.0013201798075308806,0.037319908669451674
macro_fred,DEXUSEU,FA,adam,2,20,1,0.0011915911205905138,0.03328667066637659
macro_fred,DEXUSEU,FA,adam,3,20,1,0.0017752487528427741,0.03342403723702922
macro_fred,VIXCLS,F0,sgd,0,23,1,9.530773178583827e-05,0.014863578921783556
macro_fred,VIXCLS,F0,sgd,1,23,1,0.00046593087027550263,0.015123927226642521
macro_fred,VIXCLS,F0,sgd,2,23,1,3.042955063931881e-05,0.014694545381745123
macro_fred,VIXCLS,F0,sgd,3,22,1,3.52873205760129e-05,0.015007496586489638
macro_fred,VIXCLS,F0,adam,0,20,1,0.000624886353317815,0.013732876637888462
macro_fred,VIXCLS,F0,adam,1,20,1,0.0013772097782701928,0.015042841276211786
macro_fred,VIXCLS,F0,adam,2,20,1,0.0012229003949584688,0.014302949754355821
macro_fred,VIXCLS,F0,adam,3,20,1,0.0018466009276879825,0.014483032307851185
macro_fred,VIXCLS,F1,sgd,0,23,1,0.00012854043826311223,0.11637378557085296
macro_fred,VIXCLS,F1,sgd,1,23,1,0.00048250115807127794,0.11589828289797276
macro_fred,VIXCLS,F1,sgd,2,23,1,6.308510929203354e-05,0.1146720707716399
macro_fred,VIXCLS,F1,sgd,3,23,1,6.499587612690941e-05,0.11632718171765649
macro_fred,VIXCLS,F1,adam,0,20,1,0.0005225865965395773,0.07656546651786712
macro_fred,VIXCLS,F1,adam,1,20,1,0.0015403763264422035,0.09801127580445826
macro_fred,VIXCLS,F1,adam,2,21,1,0.0012308234889834033,0.08586210056785772
macro_fred,VIXCLS,F1,adam,3,21,1,0.0021314402448928105,0.08736429810856237
macro_fred,VIXCLS,F2,sgd,0,27,1,6.461642642902643e-05,0.34441535256991757
macro_fred,VIXCLS,F2,sgd,1,27,1,0.00037214544900274996,0.34352900152373156
macro_fred,VIXCLS,F2,sgd,2,27,1,1.6430064267946464e-05,0.3420621134557456
macro_fred,VIXCLS,F2,sgd,3,27,1,1.1316609066224521e-05,0.34362302507999487
macro_fred,VIXCLS,F2,adam,0,20,1,0.0002470207953647415,0.2892834733954242
macro_fred,VIXCLS,F2,adam,1,20,1,0.0031078069649393986,0.30766622845952996
macro_fred,VIXCLS,F2,adam,2,21,1,0.0005361180594993041,0.289797756610408
macro_fred,VIXCLS,F2,adam,3,21,1,0.004079743025171901,0.3037759807449162
macro_fred,VIXCLS,F4,sgd,0,23,1,0.00012305560261888094,0.0662022241881016
macro_fred,VIXCLS,F4,sgd,1,23,1,0.0004837736560685157,0.06626011718453652
macro_fred,VIXCLS,F4,sgd,2,23,1,5.568423532815392e-05,0.06530756880408
macro_fred,VIXCLS,F4,sgd,3,22,1,6.183290108396866e-05,0.06649574246960642
macro_fred,VIXCLS,F4,adam,0,20,1,0.0005793530825560866,0.05054813299897621
macro_fred,VIXCLS,F4,adam,1,20,1,0.001452756491909837,0.059889365596154945
macro_fred,VIXCLS,F4,adam,2,21,1,0.0012293249488815369,0.05497126820797019
macro_fred,VIXCLS,F4,adam,3,20,1,0.0019871872610765745,0.055218295698902076
macro_fred,VIXCLS,FA,sgd,0,23,1,0.00012251915573952845,0.042165923162315905
macro_fred,VIXCLS,FA,sgd,1,23,1,0.00048375462354431886,0.04229158777068575
macro_fred,VIXCLS,FA,sgd,2,23,1,5.508521726594463e-05,0.04126393154617479
macro_fred,VIXCLS,FA,sgd,3,22,1,6.124540442848866e-05,0.04243706974827804
macro_fred,VIXCLS,FA,adam,0,20,1,0.0005843490348990449,0.02738722259908132
macro_fred,VIXCLS,FA,adam,1,20,1,0.001442143764825635,0.03614085785370574
macro_fred,VIXCLS,FA,adam,2,21,1,0.001227717963676197,0.0311853413005484
macro_fred,VIXCLS,FA,adam,3,20,1,0.0019704283426009426,0.03145256246475246
nonfinancial_ett,OT,F0,sgd,0,23,1,8.710346251047028e-05,0.020244125478982734
nonfinancial_ett,OT,F0,sgd,1,24,1,0.00042694725391274153,0.020348710801568446
nonfinancial_ett,OT,F0,sgd,2,24,1,2.167330609704489e-05,0.0202217967249802
nonfinancial_ett,OT,F0,sgd,3,23,1,1.1714943412218724e-05,0.020245281837272353
nonfinancial_ett,OT,F0,adam,0,20,1,0.0004843125516108135,0.020253901988148755
nonfinancial_ett,OT,F0,adam,1,20,1,0.0015960406612474671,0.020599350451775487
nonfinancial_ett,OT,F0,adam,2,20,1,0.0013235917017347812,0.020289588411875357
nonfinancial_ett,OT,F0,adam,3,20,1,0.00231434504437229,0.020570658118841793
nonfinancial_ett,OT,F1,sgd,0,24,1,0.00012210819112084498,0.058170013211928155
nonfinancial_ett,OT,F1,sgd,1,24,1,0.0004622185225418022,0.05808776108530514
nonfinancial_ett,OT,F1,sgd,2,24,1,5.935949982956078e-05,0.05767829626498516
nonfinancial_ett,OT,F1,sgd,3,24,1,6.13453146339787e-05,0.05823279324542258
nonfinancial_ett,OT,F1,adam,0,20,1,0.0004119152906010228,0.04836459644736027
nonfinancial_ett,OT,F1,adam,1,20,1,0.0019098483272419738,0.053714420963386494
nonfinancial_ett,OT,F1,adam,2,21,1,0.001144284816096096,0.05064419654673192
nonfinancial_ett,OT,F1,adam,3,20,1,0.002678433741552729,0.05111411739873117
nonfinancial_ett,OT,F2,sgd,0,25,1,6.239559612703805e-05,0.07484754170488205
nonfinancial_ett,OT,F2,sgd,1,26,1,0.00038725023596271335,0.07470017337873576
nonfinancial_ett,OT,F2,sgd,2,25,1,1.0398622928564248e-05,0.07443181416300496
nonfinancial_ett,OT,F2,sgd,3,25,1,5.042755038467186e-06,0.07473440866239697
nonfinancial_ett,OT,F2,adam,0,20,1,0.0002880073410084775,0.06788798598019109
nonfinancial_ett,OT,F2,adam,1,20,1,0.0024630713750025666,0.07012802789936362
nonfinancial_ett,OT,F2,adam,2,21,1,0.0008844688810663191,0.0670231249440531
nonfinancial_ett,OT,F2,adam,3,21,1,0.0033814547848776437,0.07035584172113302
nonfinancial_ett,OT,F4,sgd,0,24,1,0.00010025681887915898,0.04666904363215067
nonfinancial_ett,OT,F4,sgd,1,24,1,0.0004468931486965439,0.046709844062478134
nonfinancial_ett,OT,F4,sgd,2,24,1,3.9475425351980076e-05,0.0464842800288591
nonfinancial_ett,OT,F4,sgd,3,24,1,4.540023377502686e-05,0.04680180764130343
nonfinancial_ett,OT,F4,adam,0,20,1,0.00042354643110343297,0.043867379900682485
nonfinancial_ett,OT,F4,adam,1,20,1,0.0019251171686004793,0.04482086306241649
nonfinancial_ett,OT,F4,adam,2,20,1,0.0011458067124670804,0.04473833707813496
nonfinancial_ett,OT,F4,adam,3,20,1,0.0026994400147449154,0.044955050527503135
nonfinancial_ett,OT,FA,sgd,0,24,1,0.00010702202197767227,0.03889282043959692
nonfinancial_ett,OT,FA,sgd,1,24,1,0.0004572069929965949,0.039033810241073316
nonfinancial_ett,OT,FA,sgd,2,24,1,4.5420328675385155e-05,0.03863630187669998
nonfinancial_ett,OT,FA,sgd,3,24,1,5.197247936410794e-05,0.03901695207007901
nonfinancial_ett,OT,FA,adam,0,20,1,0.00044216091483511026,0.03435492729610169
nonfinancial_ett,OT,FA,adam,1,20,1,0.001851280891772693,0.036006306975409845
nonfinancial_ett,OT,FA,adam,2,20,1,0.0011737546539810067,0.03541589354707377
nonfinancial_ett,OT,FA,adam,3,20,1,0.0025950680625709114,0.035519243581731856
nonfinancial_ett,HUFL,F0,sgd,0,163,1,1.6557078062983148e-05,0.964924190081742
nonfinancial_ett,HUFL,F0,sgd,1,162,1,0.0001504513581170937,0.9624303499133835
nonfinancial_ett,HUFL,F0,sgd,2,158,1,5.845334977943747e-05,0.96714180988041
nonfinancial_ett,HUFL,F0,sgd,3,155,1,9.420637820735766e-05,0.9626673288958466
nonfinancial_ett,HUFL,F0,adam,0,74,1,0.00026548697997338613,0.9653432948484917
nonfinancial_ett,HUFL,F0,adam,1,66,1,0.003451321609567292,0.954864076067424
nonfinancial_ett,HUFL,F0,adam,2,70,1,0.00048260522756276073,0.9631523433410109
nonfinancial_ett,HUFL,F0,adam,3,74,1,0.0005989211387909257,0.964926126243044
nonfinancial_ett,HUFL,F1,sgd,0,118,1,7.052905921590146e-05,1.3643436446512598
nonfinancial_ett,HUFL,F1,sgd,1,117,1,0.00012731557504421932,1.360464522985865
nonfinancial_ett,HUFL,F1,sgd,2,117,1,6.422656943522799e-05,1.3652050179421422
nonfinancial_ett,HUFL,F1,sgd,3,109,1,0.00010355373054661077,1.360286157809428
nonfinancial_ett,HUFL,F1,adam,0,20,1,0.00032595177673668896,1.3199198438594955
nonfinancial_ett,HUFL,F1,adam,1,20,1,0.0011522237964082336,1.25205007439161
nonfinancial_ett,HUFL,F1,adam,2,21,1,0.00047911426203641914,1.304411891015504
nonfinancial_ett,HUFL,F1,adam,3,20,1,1.5750093279729952e-05,1.2823277809118154
nonfinancial_ett,HUFL,F2,sgd,0,148,1,6.574728575510508e-06,1.3561720949716933
nonfinancial_ett,HUFL,F2,sgd,1,136,1,3.5950306142348715e-05,1.35706300279984
nonfinancial_ett,HUFL,F2,sgd,2,140,1,7.872186782840534e-06,1.3565653987242037
nonfinancial_ett,HUFL,F2,sgd,3,136,1,3.205422896905186e-05,1.3568881937782358
nonfinancial_ett,HUFL,F2,adam,0,20,1,0.0004274177899272987,1.3663417359474632
nonfinancial_ett,HUFL,F2,adam,1,21,1,0.0009643001602348335,1.3514253225019381
nonfinancial_ett,HUFL,F2,adam,2,21,1,0.0003984906681302513,1.3583355046081231
nonfinancial_ett,HUFL,F2,adam,3,21,1,1.614281792908901e-06,1.35054953788272
nonfinancial_ett,HUFL,F4,sgd,0,465,1,6.042374294559006e-05,1.34730029627526
nonfinancial_ett,HUFL,F4,sgd,1,469,1,6.473327994398408e-05,1.335575538302097
nonfinancial_ett,HUFL,F4,sgd,2,448,1,4.652330718334068e-05,1.34396267241227
nonfinancial_ett,HUFL,F4,sgd,3,456,1,4.9333113425288886e-05,1.3411184749511351
nonfinancial_ett,HUFL,F4,adam,0,86,1,0.0004804958032066532,1.3408753650781524
nonfinancial_ett,HUFL,F4,adam,1,78,1,0.0009380403994144798,1.3256652197631194
nonfinancial_ett,HUFL,F4,adam,2,75,1,0.0006680849129760361,1.343145472044491
nonfinancial_ett,HUFL,F4,adam,3,82,1,0.00022600356862166281,1.3397006385041481
nonfinancial_ett,HUFL,FA,sgd,0,465,1,4.8422510220622565e-05,1.2670869005863006
nonfinancial_ett,HUFL,FA,sgd,1,468,1,5.5593721651505813e-05,1.2543577264444656
nonfinancial_ett,HUFL,FA,sgd,2,448,1,2.3910613416457287e-05,1.2620018963931547
nonfinancial_ett,HUFL,FA,sgd,3,454,1,3.816031008398176e-05,1.2603092331985424
nonfinancial_ett,HUFL,FA,adam,0,88,1,0.0004600551070612171,1.25914183413968
nonfinancial_ett,HUFL,FA,adam,1,78,1,0.0009620388616551663,1.245676976183283
nonfinancial_ett,HUFL,FA,adam,2,76,1,0.000717975678938277,1.2559526024326475
nonfinancial_ett,HUFL,FA,adam,3,84,1,0.00022763118714132636,1.2619497935353958
