model,optimizer,filter,seed,steps,conv,t_drop100,floor_p50,floor_p10,floor_p90,auc,final_grad
quadratic,sgd,F0,0,4000,0,4000,212.90404344784534,132.80934436102527,353.1289242677198,2.3487596030877764,253.8139402338319
quadratic,sgd,F0,1,4000,0,4000,93.603899570658,31.721478662237473,430.59103831939166,2.1707136406206353,88.18214849051664
quadratic,sgd,F0,2,4000,0,4000,367.7839793497677,28.915980090057214,555.1350841605764,1.8020808173636647,337.48816212332366
quadratic,sgd,F0,3,4000,0,4000,424.051442381087,331.1013279286534,1031.5489661931222,2.138055553407561,336.45222819576776
quadratic,sgd,F0,4,4000,0,4000,1745.6319350595274,1080.9740477924886,5226.975848820993,2.5894899056934917,1015.0934295412192
quadratic,sgd,F0,5,4000,0,4000,304.92039528218794,60.328439150550416,1175.0759461001826,2.018336557125453,292.81057295916156
quadratic,sgd,F0,6,4000,0,4000,159.9049973091349,92.86154280016211,305.9518296419807,1.7994387153536646,70.64472147029352
quadratic,sgd,F0,7,4000,0,4000,146.17807953001434,62.49560784459752,458.0920669380742,2.0355778364025245,226.10233196975565
quadratic,sgd,F1,0,4000,0,4000,212.1480521447198,132.37946359987149,365.9510927672407,2.348157564550553,260.23422022001546
quadratic,sgd,F1,1,4000,0,4000,93.48033118834094,31.508594930980262,427.45041815700836,2.1704901089753994,89.47184875064112
quadratic,sgd,F1,2,4000,0,4000,366.90297010349775,28.761589338015646,552.003018506741,1.799754005686611,357.25511010871105
quadratic,sgd,F1,3,4000,0,4000,425.3542542591543,331.4220595992862,1049.799355706227,2.1346692816976955,331.61417611550365
quadratic,sgd,F1,4,4000,0,4000,1767.3693814740773,1085.812463187137,5188.652078528901,2.588143628501033,990.8338016309546
quadratic,sgd,F1,5,4000,0,4000,303.6796202518868,62.99299340134769,1165.550879795732,2.014087248148775,296.0597728519364
quadratic,sgd,F1,6,4000,0,4000,161.55546040304841,94.8895349704314,319.2301435261613,1.7980530499352763,73.16096341280517
quadratic,sgd,F1,7,4000,0,4000,144.77440799610054,63.16531323905507,456.2231037396721,2.034613064270583,51.134421472846114
quadratic,sgd,F2,0,4000,0,4000,205.4190876903616,135.10944407858813,413.601573414483,2.3460992323991228,270.81197971193353
quadratic,sgd,F2,1,4000,0,4000,99.03049131469814,31.016971771146252,381.65539762584785,2.167554370362726,92.41608525070555
quadratic,sgd,F2,2,4000,0,4000,317.50671392141646,29.09954208620631,479.0623383569941,1.780947284707425,394.145517665812
quadratic,sgd,F2,3,4000,0,4000,442.3174813382576,325.47571489512046,1111.7880751907358,2.11618689102017,326.1812317965341
quadratic,sgd,F2,4,4000,0,4000,1869.7294356751745,1156.8853114678047,4596.636426459096,2.585302321603971,1026.636705400105
quadratic,sgd,F2,5,4000,0,4000,321.1105586657508,67.73017061372818,1015.4211690500961,1.9949957933387334,318.5443124140519
quadratic,sgd,F2,6,4000,0,4000,158.696567336131,99.94833674299875,381.14773725240514,1.7856662060327513,89.12226673643877
quadratic,sgd,F2,7,4000,0,4000,129.66655022705385,65.33877098501118,418.62815746510665,2.023802816211711,53.2824906589834
quadratic,sgd,F3,0,4000,0,4000,211.08476468745278,133.10157963130968,351.8471821636017,2.345998857075324,250.3112282200068
quadratic,sgd,F3,1,4000,0,4000,95.12094322470554,31.051319128726917,427.1650122352161,2.1661844393769236,88.56752472197111
quadratic,sgd,F3,2,4000,0,4000,365.76597473040863,28.30056006227831,548.6298474186781,1.795443807572589,336.1371550903429
quadratic,sgd,F3,3,4000,0,4000,423.6067164739842,328.36329341900506,1026.092953937459,2.1308261494706913,334.56990898794567
quadratic,sgd,F3,4,4000,0,4000,1743.6805115161694,1082.3338172722322,5217.526961085295,2.586803748588112,1010.3093758434546
quadratic,sgd,F3,5,4000,0,4000,304.82694965413475,61.291690788978244,1170.7229039112456,2.013105485310881,293.9420408506553
quadratic,sgd,F3,6,4000,0,4000,157.86778996486555,92.65688649685404,305.6002760205283,1.7920447339543253,71.01865063157136
quadratic,sgd,F3,7,4000,0,4000,144.4267291178521,61.916698091398985,455.17953900641027,2.0309069684254277,232.13515847131683
quadratic,sgd,F4,0,4000,0,4000,199.26259248447627,127.99909791747834,350.40754298799436,2.3052042188986843,230.53297030104162
quadratic,sgd,F4,1,4000,0,4000,88.11510114090339,27.98732031785338,323.85823556789217,2.1288084735401034,83.49344118296375
quadratic,sgd,F4,2,4000,0,4000,296.04455642138487,26.647796975286308,412.7665739161644,1.7372614755554827,302.1690030521395
quadratic,sgd,F4,3,4000,0,4000,424.9308165832375,317.89196625541865,1017.4013283578862,2.0762535485845564,315.9789051093654
quadratic,sgd,F4,4,4000,0,4000,1688.4501374091133,1064.590876119546,4117.533452585238,2.542651145241841,963.4611921192975
quadratic,sgd,F4,5,4000,0,4000,284.3033783801315,56.698471269316634,884.2431591855567,1.94550015521985,277.2198656467723
quadratic,sgd,F4,6,4000,0,4000,143.86729537928156,91.26410208752064,299.13586895005227,1.7445419491656569,73.21986763745535
quadratic,sgd,F4,7,4000,0,4000,121.5878031432421,60.78149940711817,353.95862883980374,1.9788084179777687,50.78550354279661
quadratic,sgd,F5,0,4000,0,4000,198.3397034654175,132.44880753707668,406.6503797596348,2.3234189434435777,251.599293077488
quadratic,sgd,F5,1,4000,0,4000,95.30507263414978,29.117705973875882,335.3112350926013,2.1456919087051847,89.71720884594535
quadratic,sgd,F5,2,4000,0,4000,284.55257363581677,27.89465367311456,416.2866983121527,1.7484720461501222,355.1122795326266
quadratic,sgd,F5,3,4000,0,4000,444.9553896350058,323.2555337478698,1100.3212732376053,2.085420186167025,319.5379515478074
quadratic,sgd,F5,4,4000,0,4000,1827.417104811455,1149.506394649634,4086.6224326377837,2.5606100317988822,1017.6907620126226
quadratic,sgd,F5,5,4000,0,4000,251.3398745285076,64.23316108044618,876.8450358497558,1.9584115069227457,309.388477349672
quadratic,sgd,F5,6,4000,0,4000,149.13631838092817,97.94192374721662,370.3984675368539,1.7577101937406947,89.73753573164974
quadratic,sgd,F5,7,4000,0,4000,123.58769959649408,63.527905838913284,365.4664038276708,1.995467405867779,53.205706925394615
quadratic,sgd,F6,0,4000,0,4000,205.24357098800107,130.05053980054845,349.9483693952473,2.3254745362840827,241.19163001200968
quadratic,sgd,F6,1,4000,0,4000,90.81265197859932,29.83480029225275,370.8158441534163,2.1482458726231224,85.43410245749328
quadratic,sgd,F6,2,4000,0,4000,328.915530089427,27.701626733983478,478.17164754038225,1.768138233698275,317.4944429357131
quadratic,sgd,F6,3,4000,0,4000,424.3976704286473,324.37754218877774,1020.9834080494129,2.1056831833682876,326.5515154519757
quadratic,sgd,F6,4,4000,0,4000,1712.814050368947,1073.147392014917,4622.792078735643,2.565369597056192,987.9101845204387
quadratic,sgd,F6,5,4000,0,4000,293.6442498843245,59.08595433338822,1008.7733179940981,1.9800944468873374,284.59009394552277
quadratic,sgd,F6,6,4000,0,4000,150.76170942892935,91.96197863046592,299.0017179867931,1.76992791185921,71.63555704866586
quadratic,sgd,F6,7,4000,0,4000,133.29130114726664,61.01872749122061,399.504701513459,2.005167794104054,81.4786585334842
quadratic,adam,F0,0,4000,0,4000,39.194757180125634,36.37285960521056,44.99515439909905,1.7522623045970787,52.4476176407586
quadratic,adam,F0,1,4000,0,4000,39.7556444159751,34.55568029887382,46.5767770416587,1.6165810849863285,35.253648933259015
quadratic,adam,F0,2,4000,0,4000,33.86549033947526,27.034794268418025,46.131147385590204,1.399284442839449,40.26529833492985
quadratic,adam,F0,3,4000,0,4000,60.380884804970535,51.31314345430347,65.67323856584385,1.429683657153617,56.723573808981946
quadratic,adam,F0,4,4000,0,4000,84.21601884039725,54.668225523551996,111.68903008657412,1.6712636230188491,119.93238062681975
quadratic,adam,F0,5,4000,0,4000,43.1092947070685,31.150969676853034,49.963584856569476,1.5096696204911113,49.60260997072005
quadratic,adam,F0,6,4000,0,4000,25.85248119682603,18.938447750852426,32.54096777143528,1.3491685123541184,32.172331878742675
quadratic,adam,F0,7,4000,0,4000,37.37328773467168,34.327014767524254,42.15641330248144,1.5981043847099576,29.53938470939997
quadratic,adam,F1,0,4000,0,4000,58.56346176908659,51.45846881260436,72.63416573895549,1.8640239472764033,86.09493152618542
quadratic,adam,F1,1,4000,0,4000,52.61280116153438,44.38322487523228,62.91556455456827,1.7733833285339293,48.47234874636272
quadratic,adam,F1,2,4000,0,4000,57.53367982452498,31.183024245983596,76.31521138981755,1.5334176237192316,67.92742304786279
quadratic,adam,F1,3,4000,0,4000,93.47469578162605,74.87333455036499,99.16926073275373,1.5943064668839417,84.91685669069848
quadratic,adam,F1,4,4000,0,4000,167.62690647366395,100.74476767524241,209.31416043401308,1.8344208601859582,224.05441584821196
quadratic,adam,F1,5,4000,0,4000,54.82555590225171,41.42556399200979,76.47524229968786,1.6590819311193634,75.93306872933144
quadratic,adam,F1,6,4000,0,4000,49.3887554774185,36.03437528259426,61.33028639473925,1.5008397260193107,57.554760564808255
quadratic,adam,F1,7,4000,0,4000,54.53229400788118,46.46746067748487,60.33296613791712,1.7061472110094025,41.43679123245498
quadratic,adam,F2,0,4000,0,4000,89.15256427364892,78.5632935166337,103.4509445468245,1.962425068636698,129.99925213040927
quadratic,adam,F2,1,4000,0,4000,67.73200315345461,52.51392310464802,85.31567608185979,1.8862333019124111,64.60519458394924
quadratic,adam,F2,2,4000,0,4000,85.35542550365912,31.64547293736535,113.90882347046832,1.6214360425306027,106.47823006133065
quadratic,adam,F2,3,4000,0,4000,128.18910525285577,103.12492495594424,133.58493560857002,1.7122101543461088,118.36805111216549
quadratic,adam,F2,4,4000,0,4000,265.71983972426204,161.8306756305559,334.7898073264015,1.9588295297695886,350.64123127511226
quadratic,adam,F2,5,4000,0,4000,64.56586877871847,51.01097890893109,109.38288682176261,1.7649698110323584,110.26812841140409
quadratic,adam,F2,6,4000,0,4000,77.17120624937291,59.49895991273623,97.13518810587182,1.6037987354654433,86.24351943245345
quadratic,adam,F2,7,4000,0,4000,73.3663381588373,59.794173836176526,85.50164502528776,1.7878894427463057,54.99845415425834
quadratic,adam,F3,0,4000,0,4000,39.762907157777065,36.6833995536559,45.97096448556758,1.7593010220326182,53.65770097421667
quadratic,adam,F3,1,4000,0,4000,40.49299427478636,35.30586274889621,47.15443329422887,1.6267428844588074,36.56603226534905
quadratic,adam,F3,2,4000,0,4000,34.54055110359805,27.279998205787727,46.098817867959035,1.4098138098799722,40.90179001199639
quadratic,adam,F3,3,4000,0,4000,60.88619705929831,51.544002733607456,66.37510630194531,1.4441694445859594,58.54319178789992
quadratic,adam,F3,4,4000,0,4000,86.76867269853031,56.89678924369871,113.57718378033891,1.6822935076883971,123.18905610508989
quadratic,adam,F3,5,4000,0,4000,43.14325213995566,31.461661978009754,49.88687852599371,1.5201143760404445,49.413526002198594
quadratic,adam,F3,6,4000,0,4000,26.320611482067523,19.105074758487483,33.56622254031052,1.3625582400452312,33.063168052538664
quadratic,adam,F3,7,4000,0,4000,37.55981551230498,34.18473185948567,42.74107578696973,1.6087874239789863,29.38882757184618
quadratic,adam,F4,0,4000,0,4000,57.27314216102533,48.586641045901445,70.5470266983207,1.8488923937040007,83.83604567533922
quadratic,adam,F4,1,4000,0,4000,48.35987781760457,40.07654684471635,58.32076263568542,1.7576207408589457,46.33526003072408
quadratic,adam,F4,2,4000,0,4000,52.389720890112244,28.58987392568112,72.99949433335317,1.5020345785616043,66.32312170109108
quadratic,adam,F4,3,4000,0,4000,92.33914160767743,76.40000580190397,96.29013171917849,1.5664765657758721,85.68284714106414
quadratic,adam,F4,4,4000,0,4000,166.20912030404872,102.17486365369909,215.9089717049418,1.818736016395144,229.66332721625687
quadratic,adam,F4,5,4000,0,4000,50.0688952043032,38.641882589237504,73.13610764529531,1.624976792405715,74.32346801328276
quadratic,adam,F4,6,4000,0,4000,48.69190677820914,35.092398255745344,60.589121251441966,1.4687187828632284,57.32521807410229
quadratic,adam,F4,7,4000,0,4000,50.9324629063435,44.989632618132454,57.82749389530755,1.6740991496901787,40.6472423520592
quadratic,adam,F5,0,4000,0,4000,94.21959674211274,82.6711958002401,105.90412535010879,1.9660912576790457,133.2812465561911
quadratic,adam,F5,1,4000,0,4000,67.92312636528713,49.55990988962362,85.35954692695356,1.8899409025328435,65.99842814437001
quadratic,adam,F5,2,4000,0,4000,87.1194728698874,29.63945096021938,116.86714154569178,1.612548509004547,109.69713016497596
quadratic,adam,F5,3,4000,0,4000,133.36732388867222,109.00795653214098,136.65200764628466,1.710672435641626,124.5630038872734
quadratic,adam,F5,4,4000,0,4000,280.5251082975601,173.4743740911136,358.70907934998536,1.966940177970428,373.8083641284508
quadratic,adam,F5,5,4000,0,4000,63.58165916941158,50.7571423799528,112.97075226937483,1.7594592581481119,114.72728413598533
quadratic,adam,F5,6,4000,0,4000,80.37978783202382,62.137811418912264,100.28242866913389,1.5987999580280177,88.83984255414714
quadratic,adam,F5,7,4000,0,4000,73.54142653108808,60.602222453772356,87.13288307467221,1.7800712216967576,56.413197223439205
quadratic,adam,F6,0,4000,0,4000,48.36196743858244,42.471606333314,59.08525848870071,1.8090466311810505,69.63921763781705
quadratic,adam,F6,1,4000,0,4000,45.5389995003834,39.63107437941137,53.97447054009532,1.7043701368797488,41.35904225555153
quadratic,adam,F6,2,4000,0,4000,44.172458364758654,29.086255868587255,60.841233150356565,1.465066984737138,54.13528408982604
quadratic,adam,F6,3,4000,0,4000,77.81604945654735,65.02557414905334,83.44059886178324,1.5145184232059408,72.66462928756489
quadratic,adam,F6,4,4000,0,4000,128.18747359327526,78.75349175219026,167.444994735307,1.7615606279830731,179.58979909678007
quadratic,adam,F6,5,4000,0,4000,48.14860831319956,34.97136704270272,62.85271326565603,1.5838104678809186,63.34694778075356
quadratic,adam,F6,6,4000,0,4000,38.92399994968993,27.279487793538756,48.30353796350652,1.4259900960418104,46.57203790732243
quadratic,adam,F6,7,4000,0,4000,44.77551019918999,40.25929989333722,50.62134761740154,1.6459903104832236,35.550271420020785
logistic,sgd,F0,0,4000,0,4000,0.2851584358383804,0.28262839961626407,0.2861730726076431,-0.534411396281936,0.28896080013710884
logistic,sgd,F0,1,4000,0,4000,0.4025103405364201,0.39685130510132555,0.40475239272487307,-0.4588202080759894,0.40237703363716426
logistic,sgd,F0,2,4000,0,4000,0.31474302098900064,0.30370242958260235,0.3210952422525377,-0.4986449042685323,0.30214518827492653
logistic,sgd,F0,3,4000,0,4000,0.3818164492230314,0.3592444318718961,0.4029799821033256,-0.4575379703038966,0.3533384253607086
logistic,sgd,F0,4,4000,0,4000,0.15363232498685298,0.15037216874395848,0.15412787620744087,-0.784299132961469,0.1495961982644092
logistic,sgd,F0,5,4000,0,4000,0.26680443148440813,0.24148094859141714,0.29776522497851543,-0.5568057422432436,0.2360523265613588
logistic,sgd,F0,6,4000,0,4000,0.27904713904736317,0.2563212635271253,0.2994793357678706,-0.4885809143937594,0.25401027034150764
logistic,sgd,F0,7,4000,0,4000,0.33729460303616643,0.33164908576491264,0.34594973245155725,-0.4452424687573182,0.33037607115377965
logistic,sgd,F1,0,4000,0,4000,0.28472407857025656,0.28256713381041243,0.28576410701742405,-0.5352245220329447,0.2888339259448077
logistic,sgd,F1,1,4000,0,4000,0.4025095538403641,0.3961057630363112,0.4047688586694365,-0.4592264433463099,0.40243542511467123
logistic,sgd,F1,2,4000,0,4000,0.3146686965039895,0.303438592401046,0.32094338996947963,-0.5007274456056354,0.301820310818094
logistic,sgd,F1,3,4000,0,4000,0.38169343332294003,0.3597884305571491,0.40357553956488457,-0.4578212120573561,0.353826808490435
logistic,sgd,F1,4,4000,0,4000,0.15341731113047355,0.15045227357706353,0.15399323756781813,-0.7839060473108097,0.14987442924733638
logistic,sgd,F1,5,4000,0,4000,0.2678804316724793,0.24175160225135953,0.2980497397186898,-0.5575179085529912,0.2362942699957337
logistic,sgd,F1,6,4000,0,4000,0.27889753228069686,0.25679254528125545,0.3007426934485809,-0.48970609555596356,0.2533147506455478
logistic,sgd,F1,7,4000,0,4000,0.3374828946959627,0.3315242224634341,0.34587861135630094,-0.44547597564710906,0.3304706420226591
logistic,sgd,F2,0,4000,0,4000,0.2842178606068053,0.28266020610385634,0.28521945677683747,-0.5369383167675783,0.2871128454598021
logistic,sgd,F2,1,4000,0,4000,0.4022992443430465,0.39472919454654576,0.4047295881089443,-0.4601950198533946,0.4026622357001262
logistic,sgd,F2,2,4000,0,4000,0.3137803420980602,0.304102414438032,0.3204082047811384,-0.5051209638850631,0.301430979883631
logistic,sgd,F2,3,4000,0,4000,0.3818051649948204,0.3621313943006269,0.40452931301726186,-0.4593431796534453,0.35524844989881355
logistic,sgd,F2,4,4000,0,4000,0.1531031403006746,0.15117702795107463,0.15396489255268622,-0.7827926606296048,0.15053785646077944
logistic,sgd,F2,5,4000,0,4000,0.27812812405154663,0.2429992814966193,0.2994563232724361,-0.5592954587288461,0.2375263856577008
logistic,sgd,F2,6,4000,0,4000,0.27865758071801444,0.2590021009111834,0.3023827615460125,-0.49221550909814277,0.25365756038879206
logistic,sgd,F2,7,4000,0,4000,0.33822053080394854,0.3316089300761314,0.346469658261038,-0.4457456046193461,0.3306165920538948
logistic,sgd,F3,0,4000,0,4000,0.28512404474570063,0.2826398852946235,0.28623679128814106,-0.5343721119699014,0.2889346555014042
logistic,sgd,F3,1,4000,0,4000,0.4025393816086754,0.39693629783628914,0.4047092653949224,-0.45850941369138204,0.40246905849893183
logistic,sgd,F3,2,4000,0,4000,0.31488294447229204,0.30398446858011213,0.3213574918739612,-0.4980501633023089,0.3025511488257552
logistic,sgd,F3,3,4000,0,4000,0.3815187527668901,0.3594485850450785,0.4030479138000989,-0.4574814453673315,0.3534089779480029
logistic,sgd,F3,4,4000,0,4000,0.15354499619743484,0.1505128178955701,0.15409712090083885,-0.7844024803038023,0.14966791166415766
logistic,sgd,F3,5,4000,0,4000,0.26676970149654133,0.2416359473926084,0.2979891926470653,-0.5567405857552749,0.2359506445742234
logistic,sgd,F3,6,4000,0,4000,0.27863562031387334,0.2564099124537247,0.2992998951644434,-0.4892079504696842,0.25390417443701035
logistic,sgd,F3,7,4000,0,4000,0.3372922659035679,0.33158906877681704,0.34593078459432297,-0.44531741186538076,0.3303624663512597
logistic,sgd,F4,0,4000,0,4000,0.2825080089371328,0.2814244975102996,0.2833200491924827,-0.5375303225971845,0.28716529322592327
logistic,sgd,F4,1,4000,0,4000,0.40177929982084004,0.3953919602316165,0.4038021695088138,-0.4612322021446092,0.40209431749405805
logistic,sgd,F4,2,4000,0,4000,0.3125130421960982,0.30250093016599283,0.3199903760729221,-0.5023861213860353,0.300312705685879
logistic,sgd,F4,3,4000,0,4000,0.3800219109782579,0.3594125518500929,0.40168875897730955,-0.46191323044588184,0.35394397088096674
logistic,sgd,F4,4,4000,0,4000,0.15213512047108113,0.1505690830500056,0.15393379737511412,-0.78404122999581,0.14990177029563895
logistic,sgd,F4,5,4000,0,4000,0.2710441708221909,0.24202764444527922,0.2973201891222785,-0.5620712514254671,0.23783992128950418
logistic,sgd,F4,6,4000,0,4000,0.2770337277250635,0.2557343675765093,0.3012146551885501,-0.4910333270367081,0.2525985919834161
logistic,sgd,F4,7,4000,0,4000,0.3381967433286278,0.33156732625895,0.3465647243010137,-0.44641226702393716,0.3302267995093319
logistic,sgd,F5,0,4000,0,4000,0.2828579073059203,0.2818967811301516,0.2845334276333864,-0.5382774795362529,0.28549810661232555
logistic,sgd,F5,1,4000,0,4000,0.40181718164368674,0.39464053135885757,0.40424860464550877,-0.46138682070553005,0.40259566421849863
logistic,sgd,F5,2,4000,0,4000,0.3126131780784973,0.3039173993177495,0.32000289489220607,-0.5058636866869177,0.3006913860070572
logistic,sgd,F5,3,4000,0,4000,0.38088753477049186,0.36210040462759385,0.4034639130168937,-0.4615535294315877,0.3550214402507585
logistic,sgd,F5,4,4000,0,4000,0.15233394053029276,0.150978935169762,0.15396714319601143,-0.7822395149594034,0.15072473266144812
logistic,sgd,F5,5,4000,0,4000,0.27923064323668106,0.2439081368697661,0.2994894587980385,-0.5614818102185132,0.23969982932867664
logistic,sgd,F5,6,4000,0,4000,0.27866369417790493,0.2598568832518391,0.30201662582611793,-0.4931388732295851,0.25346170786349087
logistic,sgd,F5,7,4000,0,4000,0.33867562331014045,0.3317194740886957,0.346721458717551,-0.44637786448351147,0.3304560135159002
logistic,sgd,F6,0,4000,0,4000,0.28427201752084086,0.2823534085930409,0.2846969064112525,-0.5359412047318469,0.28792656636080455
logistic,sgd,F6,1,4000,0,4000,0.4022856064150214,0.39585331486320324,0.40433090637012137,-0.4600989308623407,0.4022856073802207
logistic,sgd,F6,2,4000,0,4000,0.31363405532564914,0.30253649312979847,0.32038476643048885,-0.5006011587477365,0.3003048566326204
logistic,sgd,F6,3,4000,0,4000,0.3807485060962582,0.3590871168662635,0.4020363922449407,-0.45991364275223134,0.353283134500793
logistic,sgd,F6,4,4000,0,4000,0.15282681709749485,0.15078267894194122,0.15395936965798068,-0.7841371470242383,0.1497463899749063
logistic,sgd,F6,5,4000,0,4000,0.26725528356569095,0.2415216720106782,0.29764678595996197,-0.5592309979396755,0.23650206514547384
logistic,sgd,F6,6,4000,0,4000,0.277965295713835,0.2561183199944136,0.30080125944479835,-0.48949478015735,0.2532666812573262
logistic,sgd,F6,7,4000,0,4000,0.33797111247954936,0.33126628241069617,0.3461847170555471,-0.4458392526632991,0.33014924556972963
logistic,adam,F0,0,4000,0,4000,0.2869319074855581,0.2783239188513207,0.30439109774913736,-0.4359238557728605,0.2894443510625189
logistic,adam,F0,1,4000,0,4000,0.24401747641005578,0.2409557246995814,0.24772180790422538,-0.5847191652583891,0.2402413034729099
logistic,adam,F0,2,4000,0,4000,0.25328117394119454,0.24911894773160015,0.25745183888880196,-0.5440921202467993,0.24887165725851484
logistic,adam,F0,3,4000,0,4000,0.2894902880145779,0.27256855542852915,0.3131491077334295,-0.5152490282729082,0.2705721593198394
logistic,adam,F0,4,4000,0,4000,0.1655852353140983,0.15191439597453213,0.16802582237112004,-0.7317179052211449,0.1485363405119811
logistic,adam,F0,5,4000,0,4000,0.21039665358947188,0.19900722377014501,0.2213954637655375,-0.6427473318861822,0.1985797901707655
logistic,adam,F0,6,4000,0,4000,0.3412654114143227,0.31970538373502017,0.35273918999209847,-0.47390096760386907,0.3160912510033224
logistic,adam,F0,7,4000,0,4000,0.1314106350970341,0.12452718790331956,0.140825023150328,-0.721557787334282,0.12330337184248624
logistic,adam,F1,0,4000,0,4000,0.290601515742936,0.28110118196149636,0.3058036877456691,-0.4336466349899125,0.2940166317995679
logistic,adam,F1,1,4000,0,4000,0.2582985513015725,0.253992363801351,0.26053745291647934,-0.5593266360557326,0.25179495093468984
logistic,adam,F1,2,4000,0,4000,0.25576276262655817,0.2518732321102319,0.2606818760828086,-0.5357763052823422,0.25088520251764157
logistic,adam,F1,3,4000,0,4000,0.29552250497488375,0.27936336859340394,0.32123205954659184,-0.5084463091249062,0.275304218038736
logistic,adam,F1,4,4000,0,4000,0.1670165394381568,0.15067332753606483,0.16990338651595166,-0.7415654807080714,0.14684514465501947
logistic,adam,F1,5,4000,0,4000,0.20982305630471448,0.1981887020256521,0.22346024550344176,-0.6345484598166178,0.19812869270933217
logistic,adam,F1,6,4000,0,4000,0.3467591327647819,0.3235457023789336,0.35690883409175234,-0.46452765775551536,0.3170313940772455
logistic,adam,F1,7,4000,0,4000,0.1246094389821654,0.11762796060875096,0.13188515505270026,-0.7320016992586974,0.11695422387896103
logistic,adam,F2,0,4000,0,4000,0.2962357100460038,0.2866798263992124,0.3077510638644533,-0.4343853296740666,0.30055487824475435
logistic,adam,F2,1,4000,0,4000,0.26901799083512223,0.2647892296638956,0.2730704223757523,-0.5440046201202922,0.2639552849915006
logistic,adam,F2,2,4000,0,4000,0.2603662476108911,0.2567968671340333,0.26242694754345197,-0.527297667692301,0.25511384452866237
logistic,adam,F2,3,4000,0,4000,0.29865605259287464,0.2829462478047431,0.3277896971384092,-0.5051755173961674,0.27760770689080294
logistic,adam,F2,4,4000,0,4000,0.1675724058623972,0.1530748517724383,0.16924094332428827,-0.7496544665807657,0.14866145650463086
logistic,adam,F2,5,4000,0,4000,0.21093455906308664,0.1947991055505337,0.2234103938598947,-0.6351051716394092,0.1934089782184773
logistic,adam,F2,6,4000,0,4000,0.35603539056071376,0.33050930222271,0.36410709544556746,-0.45487697253903686,0.32140826221657315
logistic,adam,F2,7,4000,0,4000,0.12166673870474717,0.11404044357740802,0.13036436287845893,-0.7283913068702496,0.11330768543681641
logistic,adam,F3,0,4000,0,4000,0.2857909860745793,0.27761916036009093,0.3044754676548415,-0.4364606345127605,0.29011948326134157
logistic,adam,F3,1,4000,0,4000,0.2417615823917798,0.238697416405458,0.24605644287695408,-0.5797663242461261,0.23737234227637818
logistic,adam,F3,2,4000,0,4000,0.2555208025918614,0.2515876037333107,0.2591220182142042,-0.5368192539745894,0.25304545317770166
logistic,adam,F3,3,4000,0,4000,0.2833609880318596,0.26688370372351333,0.30731404499496934,-0.5171100216520599,0.2644950391436104
logistic,adam,F3,4,4000,0,4000,0.1678481657491038,0.15332901190643705,0.16970189294916277,-0.7278063332804247,0.14979338308637422
logistic,adam,F3,5,4000,0,4000,0.21055550349002106,0.19866329542758487,0.2198889011202856,-0.6443932407035825,0.19824974151243566
logistic,adam,F3,6,4000,0,4000,0.346584968317031,0.3253588509601149,0.354290712815415,-0.4721602980818148,0.3212183548353019
logistic,adam,F3,7,4000,0,4000,0.12595967765794905,0.12112525064079308,0.1351036684495179,-0.7377288990733825,0.1211260367741391
logistic,adam,F4,0,4000,0,4000,0.28595693706164405,0.2763820527121851,0.3041733188788538,-0.4357697261092775,0.28549300240543674
logistic,adam,F4,1,4000,0,4000,0.2609543515237341,0.25548378860795246,0.26304364820151804,-0.5563982478847735,0.2541090813871497
logistic,adam,F4,2,4000,0,4000,0.2521763895204472,0.2488981932428852,0.25586294952644684,-0.5431568169561831,0.2484763060967363
logistic,adam,F4,3,4000,0,4000,0.2944516542417631,0.27937500331822246,0.32050871407525616,-0.5104150856220288,0.2754812940467557
logistic,adam,F4,4,4000,0,4000,0.1659758689447597,0.15233838543411443,0.16929682044163888,-0.7401051930943151,0.14754761708816905
logistic,adam,F4,5,4000,0,4000,0.2053357959259293,0.19434760374993695,0.2210070890722434,-0.6446868895461894,0.193769990473916
logistic,adam,F4,6,4000,0,4000,0.34667497101731826,0.32345194235939645,0.3565402728340807,-0.46403333085224496,0.3159056699257941
logistic,adam,F4,7,4000,0,4000,0.12649509511309776,0.11758589939114035,0.13442147826143278,-0.7246537631572288,0.11724867902253173
logistic,adam,F5,0,4000,0,4000,0.2947382764710196,0.2851998192332607,0.306998620585717,-0.43542056174438604,0.29726495975115347
logistic,adam,F5,1,4000,0,4000,0.27211722541111916,0.2665055578371485,0.2756843885816328,-0.5414739590491144,0.2671177925297865
logistic,adam,F5,2,4000,0,4000,0.2584174147978849,0.25574781775808897,0.26093690180309514,-0.5319841723618516,0.25423237079086086
logistic,adam,F5,3,4000,0,4000,0.29953375202946,0.28388989615161664,0.32899117607819206,-0.5053474482478835,0.27868617285904684
logistic,adam,F5,4,4000,0,4000,0.1669161987207854,0.15361599017068409,0.16846277337576943,-0.7498111915614556,0.14913521012420033
logistic,adam,F5,5,4000,0,4000,0.20998152984310303,0.1932179672168281,0.22261851552931614,-0.6387882549141123,0.19219414431055779
logistic,adam,F5,6,4000,0,4000,0.3553743762697281,0.3306262912605476,0.3633504714644966,-0.4545573411468588,0.31943393044999646
logistic,adam,F5,7,4000,0,4000,0.12164577290737721,0.11396014879890613,0.13181686440709148,-0.7239598426270253,0.11384566479613044
logistic,adam,F6,0,4000,0,4000,0.28548738948840957,0.2754307905282626,0.3043778450877768,-0.4354815270556649,0.2868758157740483
logistic,adam,F6,1,4000,0,4000,0.25537095268583054,0.25041877542467383,0.2572635142620285,-0.565570639348842,0.2490475944507377
logistic,adam,F6,2,4000,0,4000,0.252864791519384,0.24828327034760037,0.25663024479784585,-0.5441330745572442,0.24706358476593582
logistic,adam,F6,3,4000,0,4000,0.2906559547294815,0.27567394262281125,0.31638093977317455,-0.5136754995561862,0.27242938395332555
logistic,adam,F6,4,4000,0,4000,0.16540093447640264,0.14969821850673945,0.16751442374305642,-0.7392689358264222,0.14566202759207225
logistic,adam,F6,5,4000,0,4000,0.21120452858157457,0.19971414462582993,0.22439219509825284,-0.639475056545203,0.19934714632754708
logistic,adam,F6,6,4000,0,4000,0.3448059056038485,0.32318800754150456,0.35491039066412033,-0.46755749422500104,0.316342994578864
logistic,adam,F6,7,4000,0,4000,0.12844427585858195,0.12056802343663452,0.1374277038539844,-0.7233544560479377,0.11976861684859659
