task,filter,noise,optimizer,clip,seed,t_eps,final_grad_norm_sq,final_loss,final_alpha_hat,elapsed_s
quadratic,F0,N3,sgd,False,0,-1,1.5485820054748416,0.09201383207543862,,1.3484362099989085
quadratic,F0,N3,sgd,False,1,-1,1.5011572721886781,0.12867843093250214,,1.3297725730008096
quadratic,F0,N3,sgd,False,2,-1,1.264435180399559,0.12346244167226525,,1.3167595019986038
quadratic,F0,N3,sgd,False,3,-1,1.0454258773535874,0.09018093297415213,,1.350037643001997
quadratic,F0,N3,sgd,False,4,-1,1.1440340151293422,0.07619379027548814,,0.8286933550043614
quadratic,F0,N3,sgd,False,5,-1,1.201629974915629,0.05004510408033486,,1.3167598319996614
quadratic,F0,N3,sgd,True,0,-1,1.5474174550741502,0.09149658591244936,1.0975710692480491,1.3630125299969222
quadratic,F0,N3,sgd,True,1,-1,1.5011456695700585,0.12867715933582388,1.3993865253409823,0.8056543200000306
quadratic,F0,N3,sgd,True,2,-1,1.2638737691925666,0.12327727221076235,1.114620503769582,1.393720874999417
quadratic,F0,N3,sgd,True,3,-1,1.045218490399202,0.09009706198401736,1.1608104944585766,0.8129825919968425
quadratic,F0,N3,sgd,True,4,-1,1.1440333309965152,0.07619347408838212,1.05,0.8505201139996643
quadratic,F0,N3,sgd,True,5,-1,1.2016292676111542,0.05004473073231386,1.3480751271928895,1.3583342710044235
quadratic,F0,N3,adam,False,0,-1,1.2710014329579722,0.018855534793353113,,0.8078148440035875
quadratic,F0,N3,adam,False,1,-1,0.8847397381901992,0.06749825664125053,,0.8387798299954738
quadratic,F0,N3,adam,False,2,-1,1.0387109119228568,0.06405392779188579,,0.7991964909961098
quadratic,F0,N3,adam,False,3,-1,0.8568832047177808,0.052257613802025926,,0.8379288619980798
quadratic,F0,N3,adam,False,4,-1,0.8689577657175496,0.043293745934731065,,1.312960422001197
quadratic,F0,N3,adam,False,5,-1,0.961945108230161,0.019106562484231066,,1.392362961996696
quadratic,F0,N3,adam,True,0,-1,1.18956449964189,0.004926939546954112,1.0944134896849422,1.4123846080037765
quadratic,F0,N3,adam,True,1,-1,0.8911252109264892,0.0714157266059931,1.4396376709001821,0.8399851860012859
quadratic,F0,N3,adam,True,2,-1,1.0165992023652883,0.060784697767739954,1.105061578688215,0.8434922730011749
quadratic,F0,N3,adam,True,3,-1,0.8426031271139631,0.05107502080454002,1.1487429596907326,0.8672363409932586
quadratic,F0,N3,adam,True,4,-1,0.8682130065964613,0.04391425849595346,1.05,0.8875605380017078
quadratic,F0,N3,adam,True,5,-1,0.9824805903621753,0.022003524916291428,1.405377116988601,1.3653253720040084
quadratic,F0,N4,sgd,False,0,-1,2.8755343860019105,0.18106098990822866,,5.012751481997839
quadratic,F0,N4,sgd,False,1,-1,2.512804487501555,0.2194121343236461,,5.00889477799501
quadratic,F0,N4,sgd,False,2,-1,2.9276156371490076,0.48697273000600166,,5.154020009002124
quadratic,F0,N4,sgd,False,3,-1,1.1396995713279499,0.13614994220218338,,5.019728646999283
quadratic,F0,N4,sgd,False,4,-1,1.7416222998338389,0.1674564985231286,,3.130333626999345
quadratic,F0,N4,sgd,False,5,-1,3.443130065681903,0.26366917170926507,,3.0533262719982304
quadratic,F0,N4,sgd,True,0,-1,2.8755271979551904,0.1810578155173279,1.234719319833696,3.1589160160001484
quadratic,F0,N4,sgd,True,1,-1,2.5128105675734607,0.21941493961056902,1.6343356266067017,5.122503759004758
quadratic,F0,N4,sgd,True,2,-1,1.9607607273056924,0.13405320866722623,1.1612725394943664,3.170574376999866
quadratic,F0,N4,sgd,True,3,-1,0.9864640237352112,0.09213819513371851,1.2320148987619222,5.08715617100097
quadratic,F0,N4,sgd,True,4,-1,1.740736427607588,0.16705567443553399,1.1198763404512253,5.087180119997356
quadratic,F0,N4,sgd,True,5,-1,3.4431299259328134,0.2636691051579113,1.4655142742855949,5.132065860001603
quadratic,F0,N4,adam,False,0,-1,2.2113894608973514,0.04125217508120649,,3.246453499996278
quadratic,F0,N4,adam,False,1,-1,1.3161996209629316,0.06619081453650358,,3.12625677199685
quadratic,F0,N4,adam,False,2,-1,1.7733874122076063,0.14561954991475312,,3.1820038279984146
quadratic,F0,N4,adam,False,3,-1,1.4606192999902126,0.1327017890348045,,3.21105958300177
quadratic,F0,N4,adam,False,4,-1,0.8994241096769241,0.0955854592361042,,5.101855715998681
quadratic,F0,N4,adam,False,5,-1,1.5174628498800353,0.07425364179411675,,5.1430528450000565
quadratic,F0,N4,adam,True,0,-1,2.2107186722578454,0.039911570043511924,1.2693912330692123,5.1042284140057745
quadratic,F0,N4,adam,True,1,-1,1.3300371595161824,0.06793432944955116,1.6056688295017865,5.660134098005074
quadratic,F0,N4,adam,True,2,-1,1.5446339098956825,0.08009326129338135,1.167662022031097,5.059620123000059
quadratic,F0,N4,adam,True,3,-1,1.2792104396204198,0.09422881391448351,1.2973169926560053,5.1269728140032385
quadratic,F0,N4,adam,True,4,-1,0.9477972022784544,0.0831333250296806,1.1723229106773239,5.1264360190034495
quadratic,F0,N4,adam,True,5,-1,1.5712764367032124,0.07974491392499289,1.4797302273404433,5.690690848001395
quadratic,F2,N3,sgd,False,0,-1,3.838057455322363,0.25269446608125407,,1.6574281989960582
quadratic,F2,N3,sgd,False,1,-1,2.1363046698212607,0.23906746631158488,,1.6428982580036973
quadratic,F2,N3,sgd,False,2,-1,1.7443478979768785,0.13692147594499,,1.6722762869976577
quadratic,F2,N3,sgd,False,3,-1,1.9882365821864747,0.1555614426653718,,1.709708791000594
quadratic,F2,N3,sgd,False,4,-1,2.382649713378633,0.17945442497544103,,1.6566147539997473
quadratic,F2,N3,sgd,False,5,-1,2.7375336020782024,0.14771126615566982,,1.6484509270012495
quadratic,F2,N3,sgd,True,0,-1,3.8376770532389015,0.2526582099435517,1.2874745924782536,1.713912512997922
quadratic,F2,N3,sgd,True,1,-1,2.13630467175463,0.2390674665118913,2.0,1.7043425399970147
quadratic,F2,N3,sgd,True,2,-1,1.7443478979768785,0.13692147594499,1.1951327483913157,1.6734296959984931
quadratic,F2,N3,sgd,True,3,-1,1.9882365821864747,0.1555614426653718,2.0,2.908677642000839
quadratic,F2,N3,sgd,True,4,-1,2.382649713378633,0.17945442497544103,1.7508118101014747,1.6847239269991405
quadratic,F2,N3,sgd,True,5,-1,2.7375336020782024,0.14771126615566982,2.0,2.9082539869996253
quadratic,F2,N3,adam,False,0,-1,49.5496311827006,2.8965812373394915,,2.9560196489983355
quadratic,F2,N3,adam,False,1,-1,74.66321628523043,4.373034920487376,,1.7462318680045428
quadratic,F2,N3,adam,False,2,-1,104.83803774273892,5.747918585850718,,1.6940548760030651
quadratic,F2,N3,adam,False,3,-1,30.534370897418523,1.8934830204510398,,2.9616542250005296
quadratic,F2,N3,adam,False,4,-1,27.146464701936484,1.7279837514698861,,2.9587648079977953
quadratic,F2,N3,adam,False,5,-1,35.799929572865175,2.160581294109118,,2.941268039998249
quadratic,F2,N3,adam,True,0,-1,49.5496311827006,2.8965812373394915,2.0,2.939818497005035
quadratic,F2,N3,adam,True,1,-1,74.66321628523043,4.373034920487376,2.0,1.7208373680041404
quadratic,F2,N3,adam,True,2,-1,104.83803774273892,5.747918585850718,2.0,1.6957276409957558
quadratic,F2,N3,adam,True,3,-1,30.534370897418523,1.8934830204510398,2.0,1.7459300850023283
quadratic,F2,N3,adam,True,4,-1,27.146464701936484,1.7279837514698861,1.6866974321051869,2.9587373239992303
quadratic,F2,N3,adam,True,5,-1,35.799929572865175,2.160581294109118,2.0,1.7307346279994817
quadratic,F2,N4,sgd,False,0,-1,3.6078433049922354,0.1638652926683355,,6.727232293997076
quadratic,F2,N4,sgd,False,1,-1,2.3317005666227666,0.16128008014222733,,6.727084439000464
quadratic,F2,N4,sgd,False,2,-1,14.943252163242713,1.4515104047104446,,6.62045772899728
quadratic,F2,N4,sgd,False,3,-1,3.390097022305542,0.34296382182663987,,3.9485104640043573
quadratic,F2,N4,sgd,False,4,-1,3.909134814389031,0.3242573973767372,,3.920944578007038
quadratic,F2,N4,sgd,False,5,-1,3.4947832729937467,0.22009173924385078,,6.749265613005264
quadratic,F2,N4,sgd,True,0,-1,3.6078433049922354,0.1638652926683355,2.0,4.03253592299734
quadratic,F2,N4,sgd,True,1,-1,2.3317005666227666,0.16128008014222733,1.2096698668839392,6.626689778000582
quadratic,F2,N4,sgd,True,2,-1,14.943252163242713,1.4515104047104446,1.8860142712682078,6.701244746000157
quadratic,F2,N4,sgd,True,3,-1,3.390097022305542,0.34296382182663987,2.0,4.041300047996629
quadratic,F2,N4,sgd,True,4,-1,3.909134814389031,0.3242573973767372,1.6074407552837693,6.702635575995373
quadratic,F2,N4,sgd,True,5,-1,3.4947832729937467,0.22009173924385078,1.7623398336508485,6.725594324001577
quadratic,F2,N4,adam,False,0,-1,47.325227534362384,2.6297929600805094,,3.9745675759986625
quadratic,F2,N4,adam,False,1,-1,125.95015248069063,6.803137682221425,,4.026430527002958
quadratic,F2,N4,adam,False,2,-1,37.01216185007216,3.871027813988837,,3.980666105999262
quadratic,F2,N4,adam,False,3,-1,22.276795737586653,1.7954013094454968,,4.070966221996059
quadratic,F2,N4,adam,False,4,-1,30.68448742882305,2.091213530391365,,6.690429665002739
quadratic,F2,N4,adam,False,5,-1,50.42919670177691,3.0552432102491656,,6.7417935590056
quadratic,F2,N4,adam,True,0,-1,47.325227534362384,2.6297929600805094,2.0,6.745343574999424
quadratic,F2,N4,adam,True,1,-1,125.95015248069063,6.803137682221425,2.0,7.075581037999655
quadratic,F2,N4,adam,True,2,-1,37.01216185007216,3.871027813988837,1.1115832672712116,6.7583799099957105
quadratic,F2,N4,adam,True,3,-1,22.276795737586653,1.7954013094454968,2.0,6.721371628998895
quadratic,F2,N4,adam,True,4,-1,30.68448742882305,2.091213530391365,2.0,6.725214967998909
quadratic,F2,N4,adam,True,5,-1,50.42919670177691,3.0552432102491656,2.0,3.979206942996825
quadratic,F4,N3,sgd,False,0,-1,0.8791801461809352,-0.06964968829728796,,6.729846781003289
quadratic,F4,N3,sgd,False,1,-1,0.5884556370825635,0.005482274798057074,,9.645806373999221
quadratic,F4,N3,sgd,False,2,-1,0.7949464466202995,-0.013383982426605406,,6.65183871499903
quadratic,F4,N3,sgd,False,3,-1,0.8053631000137563,0.05364986175705275,,6.48280857699865
quadratic,F4,N3,sgd,False,4,-1,0.411304298609042,-0.016048780296184145,,6.639347556003486
quadratic,F4,N3,sgd,False,5,-1,0.44805375742940096,-0.04967268310330697,,10.131809475999034
quadratic,F4,N3,sgd,True,0,-1,0.8791801461809352,-0.06964968829728796,2.0,10.23114511300082
quadratic,F4,N3,sgd,True,1,-1,0.5884556370825635,0.005482274798057074,2.0,10.235187420003058
quadratic,F4,N3,sgd,True,2,-1,0.7949464466202995,-0.013383982426605406,1.7302086336381186,10.261288513000181
quadratic,F4,N3,sgd,True,3,-1,0.8053631000137563,0.05364986175705275,2.0,10.244744905998232
quadratic,F4,N3,sgd,True,4,-1,0.411304298609042,-0.016048780296184145,1.936051216102616,10.241514267996536
quadratic,F4,N3,sgd,True,5,-1,0.44805375742940096,-0.04967268310330697,2.0,10.200563329999568
quadratic,F4,N3,adam,False,0,-1,2.852860955379552,0.1222063490434277,,6.823784896005236
quadratic,F4,N3,adam,False,1,-1,2.2920188317232983,0.17706892957265122,,6.555706530001771
quadratic,F4,N3,adam,False,2,-1,2.2665051671804575,0.1437980287047684,,6.401961424999172
quadratic,F4,N3,adam,False,3,-1,2.1166048613763317,0.22225185058837987,,10.119852443000127
quadratic,F4,N3,adam,False,4,-1,0.9924491634318355,0.052688839261427145,,6.577768835006282
quadratic,F4,N3,adam,False,5,-1,1.2921176157440406,0.05046221857346339,,6.751290278996748
quadratic,F4,N3,adam,True,0,-1,2.852860955379552,0.1222063490434277,1.9813554534568005,6.544687786998111
quadratic,F4,N3,adam,True,1,-1,2.2920188317232983,0.17706892957265122,1.9224989372031942,6.675970294003491
quadratic,F4,N3,adam,True,2,-1,2.2665051671804575,0.1437980287047684,1.6204238881329474,10.401654651999706
quadratic,F4,N3,adam,True,3,-1,2.1166048613763317,0.22225185058837987,2.0,10.415671989001567
quadratic,F4,N3,adam,True,4,-1,0.9924491634318355,0.052688839261427145,1.9920248826060798,10.414197292004246
quadratic,F4,N3,adam,True,5,-1,1.2921176157440406,0.05046221857346339,2.0,10.381406485998014
quadratic,F4,N4,sgd,False,0,-1,0.7490044446109932,-0.08105749688803165,,14.817403067994746
quadratic,F4,N4,sgd,False,1,-1,1.0750207541290924,0.07244299325189785,,14.818038819998037
quadratic,F4,N4,sgd,False,2,-1,1.1133727210418087,0.03989178444214564,,14.51336176499899
quadratic,F4,N4,sgd,False,3,-1,0.7062730123629855,0.034788064573994415,,8.657728733000113
quadratic,F4,N4,sgd,False,4,-1,0.8795926875562056,0.03434976789885208,,8.63358900500316
quadratic,F4,N4,sgd,False,5,-1,2.0992703150448255,0.10917155262447314,,14.651298909993784
quadratic,F4,N4,sgd,True,0,-1,0.7490044446109932,-0.08105749688803165,1.8726092794904394,8.747878349997336
quadratic,F4,N4,sgd,True,1,-1,1.0750207541290924,0.07244299325189785,1.9564020865160097,8.638134645996615
quadratic,F4,N4,sgd,True,2,-1,1.1133727210418087,0.03989178444214564,1.8061405947727378,14.795672913998715
quadratic,F4,N4,sgd,True,3,-1,0.7062730123629855,0.034788064573994415,2.0,14.670570462003525
quadratic,F4,N4,sgd,True,4,-1,0.8795926875562056,0.03434976789885208,1.7685598895325731,14.672915632996592
quadratic,F4,N4,sgd,True,5,-1,2.0992703150448255,0.10917155262447314,1.6710225057588148,8.758092815005512
quadratic,F4,N4,adam,False,0,-1,1.3196115675623568,0.005252793047715532,,14.81866867899953
quadratic,F4,N4,adam,False,1,-1,2.981296006865653,0.24414207795637632,,8.701648721005768
quadratic,F4,N4,adam,False,2,-1,2.6657255782028213,0.19028757600172985,,8.849230583000463
quadratic,F4,N4,adam,False,3,-1,1.642631178977273,0.13709993320155153,,8.715267386003688
quadratic,F4,N4,adam,False,4,-1,2.289647766376792,0.1994309026989945,,14.703634707002493
quadratic,F4,N4,adam,False,5,-1,3.00822285437244,0.24083107484856517,,14.948433326004306
quadratic,F4,N4,adam,True,0,-1,1.3196115675623568,0.005252793047715532,1.653242188705902,14.949329240000225
quadratic,F4,N4,adam,True,1,-1,2.981296006865653,0.24414207795637632,1.91492770594452,8.88045743600378
quadratic,F4,N4,adam,True,2,-1,2.6657255782028213,0.19028757600172985,2.0,14.593114339004387
quadratic,F4,N4,adam,True,3,-1,1.642631178977273,0.13709993320155153,1.930984091869734,8.812108819998684
quadratic,F4,N4,adam,True,4,-1,2.289647766376792,0.1994309026989945,1.8927943708572312,8.657172375998925
quadratic,F4,N4,adam,True,5,-1,3.00822285437244,0.24083107484856517,1.7781825728795235,8.76970738700038
quadratic,F7,N3,sgd,False,0,-1,0.8118430951689795,-0.06862490805405264,,11.017489252000814
quadratic,F7,N3,sgd,False,1,-1,0.6119700685876096,0.011447070300969114,,10.983168924998608
quadratic,F7,N3,sgd,False,2,-1,0.8291662285560759,-0.003692204861881848,,10.984837411997432
quadratic,F7,N3,sgd,False,3,-1,0.6718696676542577,0.04087470121666846,,11.056792103998305
quadratic,F7,N3,sgd,False,4,-1,0.4685343394671383,-0.013391081399967641,,7.085006155997689
quadratic,F7,N3,sgd,False,5,-1,0.46965560682729496,-0.04651749764274499,,10.688103079999564
quadratic,F7,N3,sgd,True,0,-1,0.8118430951689795,-0.06862490805405264,1.643474523869092,10.936753588997817
quadratic,F7,N3,sgd,True,1,-1,0.6119700685876096,0.011447070300969114,2.0,10.937289301000419
quadratic,F7,N3,sgd,True,2,-1,0.8291662285560759,-0.003692204861881848,1.8886055712240646,7.033224314000108
quadratic,F7,N3,sgd,True,3,-1,0.6718696676542577,0.04087470121666846,1.958096921872675,6.836338032997446
quadratic,F7,N3,sgd,True,4,-1,0.4685343394671383,-0.013391081399967641,1.9812798129482563,7.159418289003952
quadratic,F7,N3,sgd,True,5,-1,0.46965560682729496,-0.04651749764274499,1.782250612939627,10.946101852998254
quadratic,F7,N3,adam,False,0,-1,1.4251252411696642,0.0024412395862988268,,7.050336918000539
quadratic,F7,N3,adam,False,1,-1,1.8137089624004448,0.136316755982493,,11.039802601997508
quadratic,F7,N3,adam,False,2,-1,1.6705378059608136,0.08965957674173647,,11.047166996999294
quadratic,F7,N3,adam,False,3,-1,1.6305709607418528,0.1643655390741383,,11.045314257004065
quadratic,F7,N3,adam,False,4,-1,0.6171013696224655,0.011396958793902623,,11.018097339001542
quadratic,F7,N3,adam,False,5,-1,0.9052430885939827,0.01263452734094589,,7.0712306310015265
quadratic,F7,N3,adam,True,0,-1,1.4251252411696642,0.0024412395862988268,1.6922523809179109,6.936653677999857
quadratic,F7,N3,adam,True,1,-1,1.8137089624004448,0.136316755982493,1.9592495459117059,7.1090042180003366
quadratic,F7,N3,adam,True,2,-1,1.6705378059608136,0.08965957674173647,1.7915453812403932,10.839332030998776
quadratic,F7,N3,adam,True,3,-1,1.6305709607418528,0.1643655390741383,1.9258735441273267,11.030969835999713
quadratic,F7,N3,adam,True,4,-1,0.6171013696224655,0.011396958793902623,2.0,11.03015817800042
quadratic,F7,N3,adam,True,5,-1,0.9052430885939827,0.01263452734094589,1.913387787639102,7.201765566998802
quadratic,F7,N4,sgd,False,0,-1,0.8682525727122455,-0.06961983917455389,,9.188967480004067
quadratic,F7,N4,sgd,False,1,-1,1.0557661279285175,0.06919537880573831,,9.108915174998401
quadratic,F7,N4,sgd,False,2,-1,1.8367613788672854,0.07869723324437977,,15.097719634999521
quadratic,F7,N4,sgd,False,3,-1,0.6472247395593657,0.028501617722934844,,9.217653828993207
quadratic,F7,N4,sgd,False,4,-1,0.8887302328635243,0.037135970043694067,,15.398127784996177
quadratic,F7,N4,sgd,False,5,-1,1.8098712951951994,0.0867947978372961,,15.354596069002582
quadratic,F7,N4,sgd,True,0,-1,0.8682525727122455,-0.06961983917455389,1.954841647207722,15.354317370001809
quadratic,F7,N4,sgd,True,1,-1,1.0557661279285175,0.06919537880573831,1.9045354035680626,15.409436026006006
quadratic,F7,N4,sgd,True,2,-1,1.8367613788672854,0.07869723324437977,1.6329331943768313,9.313471762994595
quadratic,F7,N4,sgd,True,3,-1,0.6472247395593657,0.028501617722934844,1.9004961308830062,15.340153839999402
quadratic,F7,N4,sgd,True,4,-1,0.8887302328635243,0.037135970043694067,2.0,15.616040702996543
quadratic,F7,N4,sgd,True,5,-1,1.8098712951951994,0.0867947978372961,1.9906437739061371,15.617373651002708
quadratic,F7,N4,adam,False,0,-1,1.4861001328430403,0.012159356179086589,,9.291682820999995
quadratic,F7,N4,adam,False,1,-1,1.857520060415149,0.1440952756402888,,9.264383547000762
quadratic,F7,N4,adam,False,2,-1,1.9733727590338908,0.10910017060071922,,9.32295795299433
quadratic,F7,N4,adam,False,3,-1,1.165085736929261,0.0791460532917953,,9.50762107000628
quadratic,F7,N4,adam,False,4,-1,2.257106798158418,0.15765744805119025,,15.32147047699982
quadratic,F7,N4,adam,False,5,-1,2.4097047230331774,0.17136939168473764,,15.714354313997319
quadratic,F7,N4,adam,True,0,-1,1.4861001328430403,0.012159356179086589,1.7773453410140232,15.713522124999145
quadratic,F7,N4,adam,True,1,-1,1.857520060415149,0.1440952756402888,2.0,15.716001168999355
quadratic,F7,N4,adam,True,2,-1,1.9733727590338908,0.10910017060071922,1.6439562237344896,9.447832732003008
quadratic,F7,N4,adam,True,3,-1,1.165085736929261,0.0791460532917953,2.0,9.300023925999994
quadratic,F7,N4,adam,True,4,-1,2.257106798158418,0.15765744805119025,1.9095397298093655,15.708093590998033
quadratic,F7,N4,adam,True,5,-1,2.4097047230331774,0.17136939168473764,1.8531861776746306,9.3916864779967
logistic,F0,N3,sgd,False,0,-1,0.20174179629334962,7.575092722465433,,2.061222470001667
logistic,F0,N3,sgd,False,1,-1,0.24583022872556984,11.9359509098917,,1.2463378850006848
logistic,F0,N3,sgd,False,2,-1,0.12053458689295393,1.5431989116627747,,2.054853382993315
logistic,F0,N3,sgd,False,3,-1,0.030570353916039766,0.6719926744462638,,2.0540183170014643
logistic,F0,N3,sgd,False,4,-1,0.022201268975187396,0.6658245148670909,,2.070177050998609
logistic,F0,N3,sgd,False,5,-1,0.3642594327838674,112.70525873364883,,1.234741517000657
logistic,F0,N3,sgd,True,0,-1,0.036379614327074684,0.8709980811402358,1.05,2.084125953995681
logistic,F0,N3,sgd,True,1,-1,0.02408560906322522,0.8221602539668754,1.2518110655242025,2.0838178810008685
logistic,F0,N3,sgd,True,2,-1,0.06516160303766924,0.8628407657145872,1.2491302738361345,1.2441643130005104
logistic,F0,N3,sgd,True,3,-1,0.03177234570064951,0.6494901326426114,1.3668538481312011,2.1194198679950205
logistic,F0,N3,sgd,True,4,-1,0.022888297115845124,0.6578315984387729,1.1712731333345294,1.2598846670007333
logistic,F0,N3,sgd,True,5,-1,0.058517141895714636,0.8319253626637783,1.1055261746777285,2.076782115000242
logistic,F0,N3,adam,False,0,-1,0.03956566149323682,0.7179886921962005,,2.064693495995016
logistic,F0,N3,adam,False,1,-1,0.027544308041772995,0.7060198153644087,,1.2622657570027513
logistic,F0,N3,adam,False,2,-1,0.062394285312775466,0.7562916267616615,,1.2634055439993972
logistic,F0,N3,adam,False,3,-1,0.03634510598917456,0.5768091856954356,,1.2566190810030093
logistic,F0,N3,adam,False,4,-1,0.019177546393816698,0.5164317213420997,,2.1207585919983103
logistic,F0,N3,adam,False,5,-1,0.06261974515240334,0.7106850238385919,,1.2533168840018334
logistic,F0,N3,adam,True,0,-1,0.03709022073703441,0.711034687161118,1.05,1.2994799869993585
logistic,F0,N3,adam,True,1,-1,0.02188645669264993,0.6683835400703897,1.2483495211060232,1.2996133979977458
logistic,F0,N3,adam,True,2,-1,0.05160564928487424,0.6827067529965118,1.2470889001239451,2.124367087999417
logistic,F0,N3,adam,True,3,-1,0.030575318532306398,0.555195616074664,1.3656358871563108,1.298689335002564
logistic,F0,N3,adam,True,4,-1,0.018951014037431754,0.5182309346957242,1.1775908974422595,2.124771872004203
logistic,F0,N3,adam,True,5,-1,0.053021297854042596,0.671292601066228,1.1032384944113491,1.2879884750000201
logistic,F0,N4,sgd,False,0,-1,0.036404466487462345,0.9686989127507603,,3.706410869002866
logistic,F0,N4,sgd,False,1,-1,0.027098202731813372,0.7892435577400888,,3.7583681640026043
logistic,F0,N4,sgd,False,2,-1,0.03844358375158669,0.8321860532231132,,6.716200647002552
logistic,F0,N4,sgd,False,3,-1,0.027058756190921476,0.7590723414563048,,6.719731358993158
logistic,F0,N4,sgd,False,4,-1,0.11073711470956028,1.6545850807651155,,3.752721881995967
logistic,F0,N4,sgd,False,5,-1,0.050709786047532984,3.1327191560520404,,3.845065418005106
logistic,F0,N4,sgd,True,0,-1,0.030765925059041514,0.8464927352497644,1.2500426564915847,5.95525431400165
logistic,F0,N4,sgd,True,1,-1,0.02506984517862715,0.7185300700455002,1.550198407722507,5.955741306999698
logistic,F0,N4,sgd,True,2,-1,0.0383994385171429,0.8330823815167989,1.3606566733032694,6.058900106996589
logistic,F0,N4,sgd,True,3,-1,0.03417007979033195,0.6153425320759678,1.3250023595197156,6.704209516996343
logistic,F0,N4,sgd,True,4,-1,0.06751263796888045,0.9880636019465731,1.191777213927852,6.055673650997051
logistic,F0,N4,sgd,True,5,-1,0.04311486180905662,0.9021531916034492,1.2662459247195312,3.8091594080033246
logistic,F0,N4,adam,False,0,-1,0.028492081531913356,0.6525693406277743,,3.843880063999677
logistic,F0,N4,adam,False,1,-1,0.022257522329219084,0.5626922544849522,,6.650697823002702
logistic,F0,N4,adam,False,2,-1,0.039432296070809045,0.6558275873488526,,3.869330285997421
logistic,F0,N4,adam,False,3,-1,0.024338919348053788,0.5040962085502808,,3.827541154001665
logistic,F0,N4,adam,False,4,-1,0.04455689491209699,0.665469666768573,,6.784031110000797
logistic,F0,N4,adam,False,5,-1,0.03465133625855686,0.6145869947078328,,6.780058688003919
logistic,F0,N4,adam,True,0,-1,0.028035117362958616,0.6452297899112415,1.2539220866290308,5.998558707004122
logistic,F0,N4,adam,True,1,-1,0.02131620102299633,0.5487913768158423,1.555625893028254,5.998862829001155
logistic,F0,N4,adam,True,2,-1,0.03916821902211414,0.6598879001967228,1.3663500881985524,3.812117465000483
logistic,F0,N4,adam,True,3,-1,0.029621125622959404,0.509941156870498,1.312574516943335,3.964464038996084
logistic,F0,N4,adam,True,4,-1,0.045689248590509116,0.6736805255212377,1.1748671291128523,3.9305524109950056
logistic,F0,N4,adam,True,5,-1,0.04297483613823321,0.6726551666368403,1.2597986941980839,3.8765567830050713
logistic,F2,N3,sgd,False,0,-1,0.2059025871124218,7.840533197100112,,2.786155574998702
logistic,F2,N3,sgd,False,1,-1,0.2468325089511362,12.118701839153244,,2.788258918997599
logistic,F2,N3,sgd,False,2,-1,0.13076984993197197,1.691680573618609,,2.764773476003029
logistic,F2,N3,sgd,False,3,-1,0.028669798201604854,0.6469071835622457,,2.7807616510035587
logistic,F2,N3,sgd,False,4,-1,0.023336018122783134,0.683498494128764,,1.626004195997666
logistic,F2,N3,sgd,False,5,-1,0.36450972793989744,113.04417146948312,,2.7600961969947093
logistic,F2,N3,sgd,True,0,-1,0.16109493458837545,4.475245139298758,1.05,1.7260787750055897
logistic,F2,N3,sgd,True,1,-1,0.10404381997652654,2.567538826342401,2.0,2.760152126000321
logistic,F2,N3,sgd,True,2,-1,0.13076984993197197,1.691680573618609,2.0,1.6800534970025183
logistic,F2,N3,sgd,True,3,-1,0.028669798201604854,0.6469071835622457,1.503124927535097,1.6850012599970796
logistic,F2,N3,sgd,True,4,-1,0.023336018122783134,0.683498494128764,1.3415348768726028,2.7407560229985393
logistic,F2,N3,sgd,True,5,-1,0.06666471776917489,1.1313172628847588,1.798231525874073,1.6840790339992964
logistic,F2,N3,adam,False,0,-1,0.05712291409437181,3.912574832091099,,2.7543423699971754
logistic,F2,N3,adam,False,1,-1,0.044536244584440346,3.7727743522741477,,2.7543529399990803
logistic,F2,N3,adam,False,2,-1,0.10990501499701937,4.575965028021577,,2.7242882719947374
logistic,F2,N3,adam,False,3,-1,0.04706852004219994,2.215396703317886,,1.662801815000421
logistic,F2,N3,adam,False,4,-1,0.025338447345134442,2.1144296880001074,,2.734555549999641
logistic,F2,N3,adam,False,5,-1,0.10816618026394219,3.9822898647509994,,2.736819886005833
logistic,F2,N3,adam,True,0,-1,0.05457957036262712,3.788307578138382,1.05,1.6428636179989553
logistic,F2,N3,adam,True,1,-1,0.043803431113811866,3.776089383877096,1.642271630432328,1.6662416319959448
logistic,F2,N3,adam,True,2,-1,0.10990501499701937,4.575965028021577,2.0,2.8251532159993076
logistic,F2,N3,adam,True,3,-1,0.04706852004219994,2.215396703317886,1.4666628105566903,2.8261067119965446
logistic,F2,N3,adam,True,4,-1,0.025338447345134442,2.1144296880001074,1.3576662094757939,1.691600797996216
logistic,F2,N3,adam,True,5,-1,0.09700850982612619,3.430494250585933,1.9587514824515824,2.7608887189999223
logistic,F2,N4,sgd,False,0,-1,0.04170525499372228,1.058950552476739,,4.157495288003702
logistic,F2,N4,sgd,False,1,-1,0.025867398690278032,0.7758314569119624,,4.14079509700241
logistic,F2,N4,sgd,False,2,-1,0.039247921508000674,0.8061198914502286,,4.194594815999153
logistic,F2,N4,sgd,False,3,-1,0.0269294451929716,0.7628879153336185,,6.858936312004516
logistic,F2,N4,sgd,False,4,-1,0.11069469559295181,1.706504362005504,,6.5930058200028725
logistic,F2,N4,sgd,False,5,-1,0.05111774730229919,3.159403170893036,,6.595348547001777
logistic,F2,N4,sgd,True,0,-1,0.04170525499372228,1.058950552476739,1.64420589787916,4.213263286997972
logistic,F2,N4,sgd,True,1,-1,0.025867398690278032,0.7758314569119624,2.0,6.565322424998158
logistic,F2,N4,sgd,True,2,-1,0.039247921508000674,0.8061198914502286,2.0,6.563552200001141
logistic,F2,N4,sgd,True,3,-1,0.0269294451929716,0.7628879153336185,1.2644486287367893,7.35959365999588
logistic,F2,N4,sgd,True,4,-1,0.11069469559295181,1.706504362005504,1.05,7.3590236629970605
logistic,F2,N4,sgd,True,5,-1,0.03833972565978296,2.3197914301577147,1.7732119596212557,6.923699079998187
logistic,F2,N4,adam,False,0,-1,0.04266766273297424,3.2362573015260185,,4.257978451998497
logistic,F2,N4,adam,False,1,-1,0.024099005140121296,2.0908637022051404,,4.187205835994973
logistic,F2,N4,adam,False,2,-1,0.05206722450820998,3.0236429009274235,,4.1986346900011995
logistic,F2,N4,adam,False,3,-1,0.0333125365232636,2.178401439304557,,4.247701877000509
logistic,F2,N4,adam,False,4,-1,0.06125541848219331,2.94940705102653,,7.3456090280014905
logistic,F2,N4,adam,False,5,-1,0.038961590901707414,3.099292077420027,,7.34599299000547
logistic,F2,N4,adam,True,0,-1,0.04266766273297424,3.2362573015260185,1.6483656654253416,6.7941593719951925
logistic,F2,N4,adam,True,1,-1,0.024099005140121296,2.0908637022051404,2.0,6.512928445001307
logistic,F2,N4,adam,True,2,-1,0.05206722450820998,3.0236429009274235,2.0,6.51261944900034
logistic,F2,N4,adam,True,3,-1,0.0333125365232636,2.178401439304557,1.278536496314816,4.188883262002491
logistic,F2,N4,adam,True,4,-1,0.06125541848219331,2.94940705102653,1.05,4.15264111700526
logistic,F2,N4,adam,True,5,-1,0.040209982953456555,3.180541756727155,1.751777722752276,4.174923757003853
logistic,F4,N3,sgd,False,0,-1,0.01719598725454159,0.4708198052140262,,5.964422894998279
logistic,F4,N3,sgd,False,1,1182,0.01782544720761337,0.6029394196866106,,5.966590058000293
logistic,F4,N3,sgd,False,2,1919,0.011575508823269725,0.4453463804620781,,5.495164282998303
logistic,F4,N3,sgd,False,3,-1,0.023393996355039397,0.5276661705298797,,3.772607804996369
logistic,F4,N3,sgd,False,4,-1,0.014176942539274123,0.43644881743292263,,3.6485446840015356
logistic,F4,N3,sgd,False,5,1060,0.018703784835796093,0.4137710464574635,,3.651114457003132
logistic,F4,N3,sgd,True,0,-1,0.01719598725454159,0.4708198052140262,2.0,3.6448115919993143
logistic,F4,N3,sgd,True,1,1182,0.01782544720761337,0.6029394196866106,1.6408799345198215,3.688487753002846
logistic,F4,N3,sgd,True,2,1919,0.011575508823269725,0.4453463804620781,1.7824894928025805,5.770835782001086
logistic,F4,N3,sgd,True,3,-1,0.023393996355039397,0.5276661705298797,1.8580683387586112,5.775742993995664
logistic,F4,N3,sgd,True,4,-1,0.014176942539274123,0.43644881743292263,2.0,5.840571643006115
logistic,F4,N3,sgd,True,5,1060,0.018703784835796093,0.4137710464574635,2.0,5.872622295995825
logistic,F4,N3,adam,False,0,-1,0.02612323964317547,0.9162852060356188,,5.869930975997704
logistic,F4,N3,adam,False,1,1203,0.019003296989510306,1.1573911840289504,,5.803317236001021
logistic,F4,N3,adam,False,2,-1,0.016641759189857948,0.8219250596132719,,5.852550260002317
logistic,F4,N3,adam,False,3,-1,0.0328607307099094,0.9995795331451677,,5.850981886003865
logistic,F4,N3,adam,False,4,-1,0.01915280526254134,0.771243847788567,,3.634413942003448
logistic,F4,N3,adam,False,5,-1,0.029538484754470178,0.641170097531547,,3.642637835997448
logistic,F4,N3,adam,True,0,-1,0.02612323964317547,0.9162852060356188,1.9691335335663271,3.691385332000209
logistic,F4,N3,adam,True,1,1203,0.019003296989510306,1.1573911840289504,1.6089966606489847,3.5870919649969437
logistic,F4,N3,adam,True,2,-1,0.016641759189857948,0.8219250596132719,1.8466134021740679,3.7392661510020844
logistic,F4,N3,adam,True,3,-1,0.0328607307099094,0.9995795331451677,1.9635398504042714,3.686278102999495
logistic,F4,N3,adam,True,4,-1,0.01915280526254134,0.771243847788567,2.0,5.894726521997654
logistic,F4,N3,adam,True,5,-1,0.029538484754470178,0.641170097531547,2.0,5.892426321996027
logistic,F4,N4,sgd,False,0,-1,0.037014617251952764,0.6550994701732628,,6.08293853700161
logistic,F4,N4,sgd,False,1,-1,0.022309028222608197,0.5328750076084862,,10.3348455919986
logistic,F4,N4,sgd,False,2,1442,0.027427777475927912,0.643661833283501,,6.196970012999373
logistic,F4,N4,sgd,False,3,1956,0.014210650286674079,0.4213168375929789,,10.407951207002043
logistic,F4,N4,sgd,False,4,-1,0.033072502365338124,0.581510411326319,,10.406636546998925
logistic,F4,N4,sgd,False,5,-1,0.018184782952255115,0.4865942845977183,,10.355216616000689
logistic,F4,N4,sgd,True,0,-1,0.037014617251952764,0.6550994701732628,1.7938957110399976,10.385162705002585
logistic,F4,N4,sgd,True,1,-1,0.022309028222608197,0.5328750076084862,1.7828686206524371,10.382920413998363
logistic,F4,N4,sgd,True,2,1442,0.027427777475927912,0.643661833283501,2.0,6.171924886002671
logistic,F4,N4,sgd,True,3,1956,0.014210650286674079,0.4213168375929789,1.7564995791198492,6.106926035005017
logistic,F4,N4,sgd,True,4,-1,0.033072502365338124,0.581510411326319,1.997562170474304,10.239562597002077
logistic,F4,N4,sgd,True,5,-1,0.018184782952255115,0.4865942845977183,1.7309074183143789,10.240034685994033
logistic,F4,N4,adam,False,0,-1,0.03877491587793681,1.032797723693303,,6.093085965003411
logistic,F4,N4,adam,False,1,-1,0.028707765611926072,0.8608369052940513,,6.1404038469991065
logistic,F4,N4,adam,False,2,1468,0.035271606232385865,1.1428906393427039,,6.192709741000726
logistic,F4,N4,adam,False,3,-1,0.016595787990991696,0.6030714508712653,,6.124429963005241
logistic,F4,N4,adam,False,4,-1,0.039836569886292125,0.9546857902161426,,9.918080654999358
logistic,F4,N4,adam,False,5,-1,0.02391559887316873,0.8359966319575601,,10.427027906000149
logistic,F4,N4,adam,True,0,-1,0.03877491587793681,1.032797723693303,1.8020865606051824,10.42754712900205
logistic,F4,N4,adam,True,1,-1,0.028707765611926072,0.8608369052940513,1.7279614185540568,9.908347479999065
logistic,F4,N4,adam,True,2,1468,0.035271606232385865,1.1428906393427039,2.0,10.423103400004038
logistic,F4,N4,adam,True,3,-1,0.016595787990991696,0.6030714508712653,1.6823767891116386,10.42416760299966
logistic,F4,N4,adam,True,4,-1,0.039836569886292125,0.9546857902161426,1.8519056667660174,6.099299948000407
logistic,F4,N4,adam,True,5,-1,0.02391559887316873,0.8359966319575601,1.729101711587395,6.147382510003808
logistic,F7,N3,sgd,False,0,-1,0.01631538719858325,0.4468693673847292,,3.8130195400008233
logistic,F7,N3,sgd,False,1,1188,0.015891814883775564,0.6027567614067839,,3.8791524869957357
logistic,F7,N3,sgd,False,2,1920,0.010705659515318653,0.4256472544924327,,6.086217526994005
logistic,F7,N3,sgd,False,3,-1,0.023348020972080774,0.49448812594190433,,6.091393219001475
logistic,F7,N3,sgd,False,4,-1,0.014784808117885646,0.4505814919220992,,3.8493733659997815
logistic,F7,N3,sgd,False,5,-1,0.02013241906954808,0.4277154620642616,,3.8557183849989087
logistic,F7,N3,sgd,True,0,-1,0.01631538719858325,0.4468693673847292,1.6152674347075986,3.900031864999619
logistic,F7,N3,sgd,True,1,1188,0.015891814883775564,0.6027567614067839,2.0,3.822316416997637
logistic,F7,N3,sgd,True,2,1920,0.010705659515318653,0.4256472544924327,1.7574732283221435,6.091731961998448
logistic,F7,N3,sgd,True,3,-1,0.023348020972080774,0.49448812594190433,2.0,6.105253202003951
logistic,F7,N3,sgd,True,4,-1,0.014784808117885646,0.4505814919220992,1.7911226394965847,6.109225221996894
logistic,F7,N3,sgd,True,5,-1,0.020166171686008177,0.4276727502881514,1.7937175431449488,6.108036764002463
logistic,F7,N3,adam,False,0,-1,0.023992320770331813,0.6934279789539568,,6.119855662000191
logistic,F7,N3,adam,False,1,1200,0.017911098113420103,0.9814109844856682,,6.120937796004
logistic,F7,N3,adam,False,2,-1,0.014886505905048492,0.6359428918758502,,6.039385181000398
logistic,F7,N3,adam,False,3,-1,0.03199953291669607,0.7347400194516879,,6.037206733002677
logistic,F7,N3,adam,False,4,-1,0.01958678715999077,0.6852418328535291,,3.8341015450059786
logistic,F7,N3,adam,False,5,-1,0.02828912071754952,0.5721683415121217,,3.807329627001309
logistic,F7,N3,adam,True,0,-1,0.023992320770331813,0.6934279789539568,1.6162855364735078,3.961022094998043
logistic,F7,N3,adam,True,1,1200,0.017911098113420103,0.9814109844856682,2.0,3.843918541999301
logistic,F7,N3,adam,True,2,-1,0.014886505905048492,0.6359428918758502,1.84669191766963,3.8965236980002373
logistic,F7,N3,adam,True,3,-1,0.03199953291669607,0.7347400194516879,2.0,6.199160610995023
logistic,F7,N3,adam,True,4,-1,0.01958678715999077,0.6852418328535291,1.785435587334531,3.918982398005028
logistic,F7,N3,adam,True,5,-1,0.02827178080262615,0.5733826261295443,1.8057759363268784,6.183554351999192
logistic,F7,N4,sgd,False,0,-1,0.03018597016022157,0.6044184729236313,,6.3501845659993705
logistic,F7,N4,sgd,False,1,-1,0.01781450223811596,0.5323785688453023,,6.318942450001487
logistic,F7,N4,sgd,False,2,1443,0.028692149381635244,0.6456203192476977,,10.676519631997508
logistic,F7,N4,sgd,False,3,-1,0.01684384884102282,0.45685937572964486,,10.67659401200217
logistic,F7,N4,sgd,False,4,-1,0.028366516507198014,0.5608932174656934,,10.67727475600259
logistic,F7,N4,sgd,False,5,-1,0.01733314947096071,0.5066870551576358,,10.677146400994388
logistic,F7,N4,sgd,True,0,-1,0.03018597016022157,0.6044184729236313,2.0,10.530138979003823
logistic,F7,N4,sgd,True,1,-1,0.01781450223811596,0.5323785688453023,1.6798305058100071,10.527280614995107
logistic,F7,N4,sgd,True,2,1443,0.028692149381635244,0.6456203192476977,2.0,6.330775892005477
logistic,F7,N4,sgd,True,3,-1,0.01684384884102282,0.45685937572964486,1.8709277274004046,6.2535204159939894
logistic,F7,N4,sgd,True,4,-1,0.028366516507198014,0.5608932174656934,1.7111827309954328,10.572867640999903
logistic,F7,N4,sgd,True,5,-1,0.01733314947096071,0.5066870551576358,2.0,10.3739420829952
logistic,F7,N4,adam,False,0,-1,0.031168594746119785,0.785970583734706,,6.355936343999929
logistic,F7,N4,adam,False,1,-1,0.020475309281150017,0.6991918724340747,,6.351064938004129
logistic,F7,N4,adam,False,2,-1,0.03531811078170829,0.9288692658928419,,6.368667370006733
logistic,F7,N4,adam,False,3,-1,0.015901669329391743,0.5474096104015683,,6.162529290995735
logistic,F7,N4,adam,False,4,-1,0.031147711590043804,0.7425250384831279,,8.03015657299693
logistic,F7,N4,adam,False,5,-1,0.021247126144854595,0.730111630256439,,8.077208839000377
logistic,F7,N4,adam,True,0,-1,0.031168594746119785,0.785970583734706,2.0,8.112111524002103
logistic,F7,N4,adam,True,1,-1,0.020475309281150017,0.6991918724340747,1.7025396654915856,8.051271395001095
logistic,F7,N4,adam,True,2,-1,0.03531811078170829,0.9288692658928419,2.0,8.099142623999796
logistic,F7,N4,adam,True,3,-1,0.015901669329391743,0.5474096104015683,1.882772531402982,7.909133797002141
logistic,F7,N4,adam,True,4,-1,0.031147711590043804,0.7425250384831279,1.6975003066373089,6.246284856999409
logistic,F7,N4,adam,True,5,-1,0.021247126144854595,0.730111630256439,2.0,6.291360777999216
