block,model,noise,optimizer,filter,n_seeds,conv100_frac,t_drop100_med,t_eps_med,eps_hit_frac,slope_mean,slope_lo,slope_hi,floor_p50_med,floor_p10_med,floor_p90_med,auc_mean,auc_lo,auc_hi,holdout_mean,holdout_lo,holdout_hi,wall_med,floor_ratio_vs_F0,speedup_vs_F0
A,ar,N1,clipped_sgd,F0,100,1.0,75.0,362.0,1.0,0.0470867309475316,-0.0937330621995294,0.20194261405994685,0.0009639057827750108,0.0003138809322703494,0.002270935455420749,-2.9790724852604358,-2.9843346674625755,-2.973823882474463,0.9996824048152022,0.991861241941795,1.0073879018862115,0.29134639649419114,1.0,1.0
A,ar,N1,clipped_sgd,F1,100,1.0,75.0,416.0,1.0,0.030769664189223844,-0.16129345732945138,0.23624871713382803,0.000699472905305463,0.0002447775408536148,0.0015777800292323147,-3.1147348316687276,-3.1210028381744768,-3.1085756312169415,0.9996714472411182,0.9917544601936106,1.007368709801042,0.28967302048113197,1.378045919239815,0.8701923076923077
A,ar,N1,clipped_sgd,F2,100,1.0,74.0,423.0,1.0,0.007654250100437881,-0.2810140500830154,0.3291170864951271,0.00031810699416745845,0.00012164786785842215,0.0006647119476150682,-3.4338861337033677,-3.44237603234261,-3.4252141571406645,0.9996187277554455,0.9916667766346408,1.0073147148374533,0.2911791040096432,3.0301307435811666,0.8557919621749409
A,ar,N1,clipped_sgd,F3,100,1.0,74.0,406.0,1.0,2.4711471288437328,1.8537443399800342,3.068752978264578,0.00014178460934277307,5.7435160377868986e-05,0.0004669167563707985,-3.7748014604395395,-3.7911422992198216,-3.758748521480708,0.9997511824079767,0.991914196880933,1.007504316317587,0.2880281255056616,6.798380919079227,0.8916256157635468
A,ar,N1,clipped_sgd,F4,100,1.0,75.0,574.0,1.0,0.13241051750392735,-0.05306277997750502,0.3317789837491536,0.0010295747269362145,0.0003530562937446114,0.0023754399816330388,-2.949032794235231,-2.954152543368883,-2.943673609592811,0.9996914062152992,0.9918932055921699,1.0074055366201586,0.423060875502415,0.9362174085638059,0.6306620209059234
A,ar,N1,normalized_sgd,F0,100,1.0,35.0,3000.0,0.32,0.006476416613543296,-0.05850691776883903,0.07190924769533812,0.005389244793309151,0.0017633078275292031,0.013039123836397663,-2.278518835647705,-2.281964225079613,-2.2746628707977194,1.0004906051671898,0.9924614565892446,1.0082147078145518,0.29171129153110087,1.0,1.0
A,ar,N1,normalized_sgd,F1,100,1.0,30.0,3000.0,0.35,0.06023648637574663,-0.010499232107499973,0.13523871060662643,0.0040296915927013266,0.0016268150070563266,0.0077999794466805045,-2.4122598873354963,-2.416511661593481,-2.4074868215407035,1.000466448547301,0.9924245518944336,1.0082027912416394,0.2869615204981528,1.3373839335670947,1.0
A,ar,N1,normalized_sgd,F2,100,1.0,30.0,3000.0,0.0,0.03344815259146906,-0.008654179483992218,0.08058333107897302,0.0027407766352022305,0.0017846696783845382,0.003902647251119975,-2.5533558199867734,-2.5599751143095277,-2.5464652354780806,0.9999128759072198,0.991946626093766,1.0076136479641846,0.2899864164937753,1.9663203210689588,1.0
A,ar,N1,normalized_sgd,F3,100,1.0,30.0,3000.0,0.07,0.5102418806244019,0.43136847183298377,0.5850952084175733,0.00309197080232084,0.0015614008370526378,0.003599731276058616,-2.628895346881253,-2.639511090630501,-2.618774662093849,1.0004661145518268,0.9927255552550113,1.0082263966728342,0.2877682079852093,1.742980492980067,1.0
A,ar,N1,normalized_sgd,F4,100,1.0,31.0,3000.0,0.18,0.05422022519083016,-0.020043070824797997,0.12963062716805426,0.005807049986069207,0.0021488511898377425,0.012576906248855687,-2.2496292620128524,-2.252242168402743,-2.2469162261381483,1.001100295677021,0.9930870512358326,1.0090455752672296,0.4322205835196655,0.9280520757075713,1.0
A,ar,N1,sgd,F0,100,1.0,75.0,362.0,1.0,0.047086730947531456,-0.0937330621995295,0.20194261405994693,0.0009639057827750108,0.0003138809322703494,0.002270935455420749,-2.9790866463656,-2.9843497666013676,-2.9738391307704215,0.9996824048152022,0.991861241941795,1.0073879018862115,0.2848540414997842,1.0,1.0
A,ar,N1,sgd,F1,100,1.0,75.0,416.0,1.0,0.03076966418922386,-0.1612934573294513,0.23624871713382808,0.000699472905305463,0.0002447775408536148,0.0015777800292323147,-3.114737458703228,-3.1210037876131023,-3.1085790447750203,0.9996714472411182,0.9917544601936106,1.007368709801042,0.2829946669808123,1.378045919239815,0.8701923076923077
A,ar,N1,sgd,F2,100,1.0,74.0,423.0,1.0,0.007654250100437623,-0.2810140500830156,0.32911708649512705,0.00031810699416745845,0.00012164786785842215,0.0006647119476150682,-3.4338993086765237,-3.442389454820965,-3.4252322556551293,0.9996187277554455,0.9916667766346408,1.0073147148374533,0.28369306251988746,3.0301307435811666,0.8557919621749409
A,ar,N1,sgd,F3,100,1.0,74.0,406.0,1.0,2.4711471288437328,1.8537443399800346,3.068752978264578,0.00014178460934277307,5.7435160377868986e-05,0.0004669167563707985,-3.774804162267171,-3.7911440058565664,-3.7587510111879214,0.9997511824079767,0.991914196880933,1.007504316317587,0.28044845853582956,6.798380919079227,0.8916256157635468
A,ar,N1,sgd,F4,100,1.0,75.0,574.0,1.0,0.13241051750392716,-0.053062779977505185,0.3317789837491531,0.0010295747269362145,0.0003530562937446114,0.0023754399816330388,-2.9490446069655354,-2.954163898166008,-2.943685033949236,0.9996914062152992,0.9918932055921699,1.0074055366201586,0.4129079164995346,0.9362174085638059,0.6306620209059234
A,ar,N2,clipped_sgd,F0,100,1.0,150.0,3000.0,0.01,0.004267405357481713,-0.3909812610434825,0.40205093864596514,0.023602338735191943,0.00941736833037949,0.045940357138373626,-1.6352980988930577,-1.6502029650918102,-1.6204426496870634,1.0069092649130562,0.9988114034384277,1.014764676278836,0.3028946040139999,1.0,1.0
A,ar,N2,clipped_sgd,F1,100,1.0,157.5,3000.0,0.0,0.006129398934758049,-0.40539825719541117,0.41676696560579374,0.02284718955248993,0.009336864940618278,0.042962659566678954,-1.6512867455838078,-1.6667315167852417,-1.635875206465288,1.0066376558541263,0.9985031283366794,1.0144627670521777,0.29962441651150584,1.033052169544403,1.0
A,ar,N2,clipped_sgd,F2,100,1.0,174.0,3000.0,0.0,0.04663428421477414,-0.42712150089026524,0.5157173159042443,0.019178264435367624,0.008403779931678353,0.033763188006580486,-1.727336622548226,-1.7452848554901874,-1.7090067989071023,1.0057448994679377,0.9977223911018255,1.0135637451698063,0.30146681249607354,1.230681682106002,1.0
A,ar,N2,clipped_sgd,F3,100,1.0,152.0,3000.0,0.0,-0.08369619373862124,-0.6170654134992294,0.45249302801301244,0.016818464427675057,0.008144221290484914,0.0298257395146142,-1.7658755620827151,-1.7855936719915741,-1.7463573545422106,1.0060916000250941,0.9980579650795509,1.0138523973972788,0.3088571874832269,1.403358721403478,1.0
A,ar,N2,clipped_sgd,F4,100,1.0,154.5,3000.0,0.0,0.004523053167814104,-0.39938979059255764,0.4025034601441927,0.023952184907633886,0.009602187809976567,0.045630055219431656,-1.6398627974875213,-1.6550763631916843,-1.6248373648752243,1.0069688621146669,0.9988301472992577,1.014871148415646,0.43708043749211356,0.9853939766334033,1.0
A,ar,N2,normalized_sgd,F0,100,1.0,54.5,3000.0,0.0,0.006476902937602808,-0.26757850028112046,0.28657858655018925,0.03585725198902372,0.014505105248727834,0.07498252939434534,-1.4596004956507762,-1.4695189952352452,-1.44981346584621,1.011191628374757,1.003372083851953,1.0189786154062839,0.3008011874917429,1.0,1.0
A,ar,N2,normalized_sgd,F1,100,1.0,52.5,3000.0,0.0,-0.0025126117216510736,-0.3075001229266959,0.3068025791863896,0.03340615793721023,0.013361139981681803,0.06516860812392132,-1.4953902891793027,-1.5060444433506461,-1.4847283444370623,1.0121571136323768,1.0040642645496007,1.0202932764176271,0.29937508347211406,1.0733725218093182,1.0
A,ar,N2,normalized_sgd,F2,100,1.0,78.5,3000.0,0.02,-0.00873457830607021,-0.42303597456528147,0.3974102027834005,0.022902396476559242,0.009955254973895267,0.0431642982336477,-1.648843848352478,-1.6643110986014609,-1.6338470661184987,1.007542813703167,0.9995104421318411,1.0152998292097977,0.3096903954865411,1.5656550189288643,1.0
A,ar,N2,normalized_sgd,F3,100,1.0,38.0,3000.0,0.0,0.011852112386557647,-0.43822812654947,0.47569576991694185,0.0206924172257043,0.009536862977093299,0.03753353427755256,-1.6983137591446695,-1.7152210023088037,-1.6812650728825866,1.0093298831763022,1.0014674734664355,1.0173210135536828,0.3034351875248831,1.732869176080672,1.0
A,ar,N2,normalized_sgd,F4,100,1.0,48.0,3000.0,0.0,0.0056857004150712735,-0.2681742966574391,0.29031202540812173,0.03630002793076157,0.014814806511274837,0.07490532736150096,-1.4517429788924585,-1.461566315240907,-1.4420794797259597,1.012913793784322,1.0049715611358279,1.0209677089218412,0.4326129994879011,0.9878023250400138,1.0
A,ar,N2,sgd,F0,100,1.0,150.0,3000.0,0.01,0.004267405357481757,-0.3909812610434825,0.4020509386459652,0.023602338735191943,0.00941736833037949,0.045940357138373626,-1.6353113177173002,-1.6502153321189377,-1.6204515123314411,1.0069092649130562,0.9988114034384277,1.014764676278836,0.2905965624959208,1.0,1.0
A,ar,N2,sgd,F1,100,1.0,157.5,3000.0,0.0,0.006129398934758076,-0.405398257195411,0.41676696560579374,0.02284718955248993,0.009336864940618278,0.042962659566678954,-1.6512916883603719,-1.6667391661780815,-1.6358803889962525,1.0066376558541263,0.9985031283366794,1.0144627670521777,0.29246231299475767,1.033052169544403,1.0
A,ar,N2,sgd,F2,100,1.0,174.0,3000.0,0.0,0.04663428421477404,-0.42712150089026524,0.5157173159042442,0.01917826443536762,0.008403779931678353,0.033763188006580486,-1.7273479302286534,-1.745296208803336,-1.709016222609972,1.0057448994679377,0.9977223911018255,1.0135637451698063,0.29516499998862855,1.2306816821060023,1.0
A,ar,N2,sgd,F3,100,1.0,152.0,3000.0,0.0,-0.08369619373862124,-0.6170654134992294,0.4524930280130125,0.016818464427675057,0.008144221290484914,0.0298257395146142,-1.7658788640584162,-1.785596843492833,-1.7463596029009136,1.0060916000250941,0.9980579650795509,1.0138523973972788,0.2970978540251963,1.403358721403478,1.0
A,ar,N2,sgd,F4,100,1.0,154.5,3000.0,0.0,0.004523053167814086,-0.39938979059255764,0.40250346014419275,0.023952184907633886,0.009602187809976567,0.045630055219431656,-1.6398744850743876,-1.6550873934645307,-1.6248472080933192,1.0069688621146669,0.9988301472992577,1.014871148415646,0.43019695801194757,0.9853939766334033,1.0
A,ar,N3,clipped_sgd,F0,100,1.0,89.0,3000.0,0.07,0.10692570540916421,-0.042876130095751544,0.2674686204526869,0.011390290576400112,0.0035640150674263126,0.030895718878892357,-1.9356970125504385,-1.9409276115161846,-1.9301510977758733,1.0023773438519097,0.9943903141039441,1.0103510427938283,0.29931258302531205,1.0,1.0
A,ar,N3,clipped_sgd,F1,100,1.0,129.0,3000.0,0.02,-0.11212355152953045,-0.6491827855130088,0.42810505012980926,0.033322153366056664,0.008401699265129327,0.27482455702091335,-1.3526242398535926,-1.3661449169628728,-1.338824406324197,1.0222054052589495,1.011270435230204,1.033472984173981,0.3175205209699925,0.341823364512893,1.0
A,ar,N3,clipped_sgd,F2,100,1.0,141.0,3000.0,0.0,0.162260903106961,-0.8705466544559513,1.2277950670845093,0.03150183061910243,0.007055837831949798,0.28901688368164313,-1.341168707901529,-1.3675554110051824,-1.314775873756957,1.1177326610377647,1.0484467357474778,1.2184638128137968,0.3100919999706093,0.36157551331296733,1.0
A,ar,N3,clipped_sgd,F3,100,1.0,94.0,3000.0,0.04,0.10232801417484183,-0.3426108539521343,0.5617109710804047,0.011335690812471233,0.0035700184784064675,0.032071716649302945,-1.9172228689293749,-1.9303855334112947,-1.9029796661157037,1.0061120528841905,0.9980885255282882,1.0139752325843527,0.30542772851185873,1.004816624309196,1.0
A,ar,N3,clipped_sgd,F4,100,1.0,76.0,1268.0,0.83,-0.06671189718592369,-0.26620098321452196,0.14808511747643424,0.002159068982871693,0.0007493722390574909,0.00554383683257746,-2.631246170928695,-2.63739682716041,-2.6249072807663394,1.0002126989858684,0.9922540322061787,1.0079203848623854,0.43339877101243474,5.275556578674172,2.365930599369085
A,ar,N3,normalized_sgd,F0,100,1.0,54.0,3000.0,0.09,-0.00040035457696774746,-0.10082326959905988,0.10032482714066263,0.010371933352691135,0.0032856749606394744,0.026243184171895223,-1.9901866598103086,-1.9942875268645162,-1.985706835915235,1.0021777238784335,0.9940431149017501,1.0099737807452587,0.30520977050764486,1.0,1.0
A,ar,N3,normalized_sgd,F1,100,1.0,53.5,3000.0,0.0,-0.07763087014014472,-0.39396076331035856,0.2398284243742922,0.05138998482112911,0.01249197464928357,0.26735760428217026,-1.2445342704973714,-1.2516506439708652,-1.2369661410492867,1.020909899688992,1.010534579768968,1.0311992485143198,0.29819954151753336,0.20182791236059464,1.0
A,ar,N3,normalized_sgd,F2,100,1.0,53.5,3000.0,0.0,0.07545094164179583,-0.698184237691405,0.842107648245179,0.03337431841286363,0.008112394377579941,0.2347465473602339,-1.3527254446898371,-1.370923210450185,-1.3339063791940018,1.0751111239070485,1.0333497097686917,1.1351491480845675,0.30055572948185727,0.3107758853494197,1.0
A,ar,N3,normalized_sgd,F3,100,1.0,47.0,3000.0,0.01,0.04751454232083253,-0.31878894090337584,0.4220382484761548,0.02245781062646767,0.0068006213354203345,0.0640439479147234,-1.641518963513516,-1.652304321297165,-1.6298730677444029,1.0145748708929967,1.0061413884095702,1.023289039130396,0.29756968750734814,0.461840805642349,1.0
A,ar,N3,normalized_sgd,F4,100,1.0,32.0,3000.0,0.08,-0.06718277721877755,-0.18739462766772547,0.045346499548790685,0.009627148059121612,0.0034371506323889666,0.022761688766945613,-2.023446859137685,-2.0261266796065396,-2.0206457645934224,1.0029307670639598,0.9949936839351412,1.0107540303075173,0.4337748750112951,1.0773630247499775,1.0
A,ar,N3,sgd,F0,100,1.0,108.0,3000.0,0.01,0.14921974859909892,-0.684993236353134,0.9917298714046326,0.04787918732482012,0.0097794995076364,0.4789800882565158,-1.1424711043459315,-1.1653222353773651,-1.1189342935858488,1.223146272770899,1.0504083725864675,1.4563748001567756,0.28188479150412604,1.0,1.0
A,ar,N3,sgd,F1,100,1.0,132.5,3000.0,0.02,0.1557484737025957,-0.7557232612435874,1.0902534552923755,0.04380093081334581,0.009465510426700506,0.4063361882807488,-1.1765379883578404,-1.2018864497660973,-1.1505314252659955,1.2923743389403006,1.0556497802376912,1.6235590399647848,0.2832899170171004,1.0931089005586085,1.0
A,ar,N3,sgd,F2,100,1.0,146.0,3000.0,0.0,0.13522243114109814,-1.0036217979482704,1.3134861723747329,0.0321730754268375,0.0070184682417247495,0.29879477019699213,-1.2984216641739568,-1.3311496942570704,-1.2653863767936842,1.424851064247348,1.0727515253638584,1.9071584768129923,0.29505479149520397,1.4881756465495122,1.0
A,ar,N3,sgd,F3,100,1.0,110.0,3000.0,0.01,0.10641879288699398,-0.9734809348013072,1.1835258915351394,0.02666875483783793,0.006117679016555926,0.24775426216500415,-1.375212659667053,-1.4069108232529834,-1.3427430884088132,1.2145602790327568,1.0449515937905816,1.4409420156969877,0.2857542500132695,1.7953289389007614,1.0
A,ar,N3,sgd,F4,100,1.0,76.5,1336.0,0.82,-0.06671189718592785,-0.26620098321451957,0.14808511747643574,0.002159068982871693,0.0007493722390574909,0.00554383683257746,-2.631161720202633,-2.6372792266934346,-2.62486753569948,1.0002126989858684,0.9922540322061787,1.0079203848623854,0.43448912497842684,22.17584880550592,2.245508982035928
A,ar,N4,clipped_sgd,F0,100,0.01,3000.0,3000.0,0.0,0.32710322425580435,-0.550748028148115,1.207130933720028,4.333774604600607,1.7796468822215359,10.814004747169356,0.8214131036571046,0.7524502947651157,0.8986533775169258,7.061651399306831,3.6678988805459625,11.868520959521446,0.3108954794879537,1.0,1.0
A,ar,N4,clipped_sgd,F1,100,0.02,3000.0,3000.0,0.0,0.3308577325909737,-0.5332832481410604,1.1936268642664294,4.705726663051217,1.773720332407395,12.32025873598607,0.853667514639903,0.7870043101841883,0.9286059000157272,7.268696501025281,3.811066073600221,12.167733430278867,0.3076847294869367,0.920957572531543,1.0
A,ar,N4,clipped_sgd,F2,100,0.0,3000.0,3000.0,0.0,0.4174571328476152,-0.49862321793459485,1.3260637527740418,5.230709000265573,1.9041087463645416,15.471391026521982,0.8799192615470572,0.8122702886381422,0.95647013146993,7.706139896295755,4.187532934975746,12.617902230895226,0.3078077294921968,0.8285252734152431,1.0
A,ar,N4,clipped_sgd,F3,100,0.01,3000.0,3000.0,0.0,0.32047028111236586,-0.5701353783328331,1.2162397865082184,4.425343673483164,1.7151076392130553,11.118945548183591,0.8201844678035493,0.7508581379163288,0.8975530932492065,7.0894975914942355,3.6915525884394778,11.903435354302168,0.3123513124883175,0.9793080321803609,1.0
A,ar,N4,clipped_sgd,F4,100,0.02,3000.0,3000.0,0.0,0.3459138117106056,-0.5375766084927275,1.2389103197316795,4.385066749659221,1.69031889379072,10.930585380127752,0.8195030286398999,0.7502437129888553,0.896731510252729,7.087066465245021,3.6635222795440727,11.90961749622308,0.4511169789766427,0.9883029956014694,1.0
A,ar,N4,normalized_sgd,F0,100,0.01,3000.0,3000.0,0.0,0.28041790031771413,-0.5934173807248289,1.1471106102495867,3.962511202854102,1.6608379781384286,9.4484885256111,0.779943403216866,0.7114612442989704,0.8559170014847818,6.023406204815892,3.262543603367502,10.108076006128341,0.3038915630313568,1.0,1.0
A,ar,N4,normalized_sgd,F1,100,0.01,3000.0,3000.0,0.0,0.2973086507892017,-0.5614360284248433,1.1542063651921333,4.204704355903334,1.6253642180506174,10.405993951224595,0.8070184349417079,0.7403786137917447,0.8804969195647846,6.181997258422269,3.3739854207064215,10.334148161718057,0.3097739585209638,0.9423994810219661,1.0
A,ar,N4,normalized_sgd,F2,100,0.0,3000.0,3000.0,0.0,0.3694527419146405,-0.5176277796899522,1.2653135237008815,4.504908735590834,1.6499997156680313,12.434364476971325,0.8359181017034379,0.7695402051964637,0.9106606606133884,6.454890815023683,3.6120995966549296,10.649651552925173,0.3130365830147639,0.8795985524742057,1.0
A,ar,N4,normalized_sgd,F3,100,0.0,3000.0,3000.0,0.0,0.24828020980801452,-0.6361771119336699,1.126905728350848,4.030907037368072,1.5547436244053336,9.465557944060139,0.7776136214008709,0.7096499475925748,0.853447947745164,6.044864011494546,3.26781292976769,10.12222845319586,0.31145166701753624,0.983032147881379,1.0
A,ar,N4,normalized_sgd,F4,100,0.01,3000.0,3000.0,0.0,0.299023570906632,-0.5804870117959675,1.1640323631234295,4.0225770951793045,1.614752006689537,9.506794984357654,0.7795249224748423,0.711664664742269,0.8552563504315729,6.05070648573323,3.2749386052702505,10.154950521868932,0.4407591455092188,0.9850678082970278,1.0
A,ar,N4,sgd,F0,100,0.04,3000.0,3000.0,0.0,0.6088220978932736,-0.41241621965893843,1.6566274937280447,5.31841949150864,1.859964714491738,23.15464272909791,0.9691871032753719,0.898404160151656,1.0490436390640159,465.9174352934955,8.056493426101504,1377.295591396931,0.31188249998376705,1.0,1.0
A,ar,N4,sgd,F1,100,0.04,3000.0,3000.0,0.0,0.6346449598392829,-0.3944749109967217,1.7013963707048314,5.42666610161804,1.8165753419304498,22.65168697704175,0.9659539082629174,0.894320037143007,1.0465470697791897,503.6677728414603,8.32076921309503,1489.8042037546388,0.30368495848961174,0.9800528338979387,1.0
A,ar,N4,sgd,F2,100,0.02,3000.0,3000.0,0.0,0.7069935286706207,-0.3633413343906308,1.830137978091909,5.535593418274241,1.8982200672449157,22.177571159670578,0.9481580553301773,0.8736100503598159,1.0326301776319573,525.1508412478875,8.158616668243937,1554.151104070318,0.3036434164678212,0.9607677243692319,1.0
A,ar,N4,sgd,F3,100,0.04,3000.0,3000.0,0.0,0.6108771727707312,-0.43147235304638976,1.683476596512862,5.0741069937228085,1.8210796498582278,22.42251213679488,0.9548801313970421,0.8827497485633721,1.03638252842088,465.8892263913204,8.009198934312607,1377.3026997455374,0.29599997896002606,1.0481488660148615,1.0
A,ar,N4,sgd,F4,100,0.03,3000.0,3000.0,0.0,0.6238110157885697,-0.39704921012372035,1.705142120250872,5.072086900152502,1.7527166735190334,19.377040876278677,0.9162024639439886,0.8421840152239016,0.9990263013227,399.1392702704234,7.272087694635814,1178.5962293059308,0.43781329196644947,1.0485663191907715,1.0
A,logistic,N1,clipped_sgd,F0,100,1.0,1003.5,1701.5,1.0,-1.428759769078587,-1.6395452664125578,-1.2240978780350011,0.0002831368800394478,0.00021933365325169384,0.0003543926033528814,-2.9670590260974556,-2.973101941639725,-2.9608491850238443,0.8770466666666665,0.8754065,0.8786869999999999,0.6276401249924675,1.0,1.0
A,logistic,N1,clipped_sgd,F1,100,1.0,1010.5,1707.0,1.0,-1.437016949886568,-1.6495202338616342,-1.2332550733380343,0.00028223179200905136,0.00021785348852443797,0.00035049469541269354,-2.968415841224576,-2.974471790649464,-2.962208038686868,0.8769866666666667,0.8753333333333334,0.8785801666666667,0.6835539794701617,1.0032068960904568,0.9967779730521382
A,logistic,N1,clipped_sgd,F2,100,1.0,1006.0,1707.5,1.0,-1.475223497476643,-1.6934026311297017,-1.267307459450033,0.00027229906311938373,0.00021405258747150287,0.00033743482157945893,-2.975011229465065,-2.9813152571113357,-2.968578680666649,0.8770800000000001,0.8755,0.8786341666666668,0.6687181250017602,1.0398011539074317,0.9964860907759883
A,logistic,N1,clipped_sgd,F3,100,1.0,1005.5,1690.0,1.0,-1.224148783826877,-1.4648280976392631,-1.0027769283617303,0.00026959700817958684,0.00021659360396979936,0.000339261115846492,-2.9794051538187643,-2.985868723512428,-2.9728888872567993,0.8767533333333334,0.8751866666666669,0.8783403333333332,0.6411684164777398,1.0502226339649943,1.0068047337278105
A,logistic,N1,clipped_sgd,F4,100,1.0,1022.0,1777.0,1.0,-1.3242372658110517,-1.5467800929861515,-1.1068286512411492,0.000308331025100666,0.00023958001476007026,0.00039728354008937026,-2.9435517511936093,-2.950413877582759,-2.9366347623091333,0.8771266666666666,0.8754796666666665,0.8787068333333333,1.0541895419883076,0.9182886475566555,0.9575126617895329
A,logistic,N1,normalized_sgd,F0,100,1.0,431.0,787.5,1.0,-0.06974873290395292,-0.33848769396563655,0.1872947915813672,0.0004223130153487855,0.000260821804077257,0.0006275574575033323,-3.1472194630469237,-3.153429034177299,-3.140918029082984,0.8761333333333333,0.8745131666666667,0.8777401666666669,0.6661072080023587,1.0,1.0
A,logistic,N1,normalized_sgd,F1,100,1.0,305.5,625.5,1.0,0.08806309872613757,-0.12696011455779954,0.30640348312040566,0.000699753044148258,0.00042186920925394345,0.001035093114526868,-3.0489286049130184,-3.054016157633337,-3.0439489009102605,0.8758333333333332,0.8741664999999998,0.8775399999999999,0.6536273334932048,0.6035172249415884,1.2589928057553956
A,logistic,N1,normalized_sgd,F2,100,1.0,284.5,569.5,1.0,0.07178196408139145,-0.17369474208501487,0.3123269367849467,0.0006282662147894469,0.00039429956764855216,0.0009556390799312497,-3.095181452797439,-3.1008349559688404,-3.089730967694094,0.8757733333333333,0.8741598333333335,0.8773936666666668,0.7023140419623815,0.6721880078977616,1.382791922739245
A,logistic,N1,normalized_sgd,F3,100,1.0,255.5,497.5,1.0,0.8863860403875133,0.591275136152209,1.1787865938673407,0.0005817837251123716,0.00033951454593500897,0.0009400135097880545,-3.1644746655897187,-3.1709630425192272,-3.157996204905244,0.8728400000000001,0.8711998333333334,0.8744868333333333,0.6292371875024401,0.7258934843308236,1.5829145728643217
A,logistic,N1,normalized_sgd,F4,100,1.0,344.0,736.5,1.0,0.1552799685748754,-0.05366438547316781,0.3640958001678413,0.0007542921805042987,0.00047895735553977786,0.0011555084849497845,-2.9975032677100146,-3.0031802073390126,-2.9913025190938742,0.8755266666666667,0.8739131666666665,0.8771670000000003,1.0416119165020064,0.5598798797919909,1.0692464358452138
A,logistic,N1,sgd,F0,100,1.0,1003.5,1701.5,1.0,-1.428759769078587,-1.6395452664125578,-1.2240978780350011,0.0002831368800394478,0.00021933365325169384,0.0003543926033528814,-2.9670590260974556,-2.973101941639725,-2.9608491850238443,0.8770466666666665,0.8754065,0.8786869999999999,0.6355965205002576,1.0,1.0
A,logistic,N1,sgd,F1,100,1.0,1010.5,1707.0,1.0,-1.437016949886568,-1.6495202338616342,-1.2332550733380343,0.00028223179200905136,0.00021785348852443797,0.00035049469541269354,-2.968415841224576,-2.974471790649464,-2.962208038686868,0.8769866666666667,0.8753333333333334,0.8785801666666667,0.6369758959626779,1.0032068960904568,0.9967779730521382
A,logistic,N1,sgd,F2,100,1.0,1006.0,1707.5,1.0,-1.475223497476643,-1.6934026311297017,-1.267307459450033,0.00027229906311938373,0.00021405258747150287,0.00033743482157945893,-2.975011229465065,-2.9813152571113357,-2.968578680666649,0.8770800000000001,0.8755,0.8786341666666668,0.6328526875004172,1.0398011539074317,0.9964860907759883
A,logistic,N1,sgd,F3,100,1.0,1005.5,1690.0,1.0,-1.224148783826877,-1.4648280976392631,-1.0027769283617303,0.00026959700817958684,0.00021659360396979936,0.000339261115846492,-2.9794051538187643,-2.985868723512428,-2.9728888872567993,0.8767533333333334,0.8751866666666669,0.8783403333333332,0.6315597494831309,1.0502226339649943,1.0068047337278105
A,logistic,N1,sgd,F4,100,1.0,1022.0,1777.0,1.0,-1.3242372658110517,-1.5467800929861515,-1.1068286512411492,0.000308331025100666,0.00023958001476007026,0.00039728354008937026,-2.9435517511936093,-2.950413877582759,-2.9366347623091333,0.8771266666666666,0.8754796666666665,0.8787068333333333,1.0300337084627245,0.9182886475566555,0.9575126617895329
A,logistic,N2,clipped_sgd,F0,100,0.0,3000.0,3000.0,0.0,0.1289329969316137,-0.20218023574202287,0.45644730482658713,0.01858067274366302,0.014755410920196065,0.022342641141800672,-1.672428062920909,-1.6908887441618674,-1.6518679896604065,0.8293266666666667,0.8253194999999999,0.8333266666666667,0.679625021002721,1.0,1.0
A,logistic,N2,clipped_sgd,F1,100,0.0,3000.0,3000.0,0.0,0.13597762683689615,-0.19856140050467133,0.463032128110581,0.018587333509644793,0.014821231607864447,0.02232205326211032,-1.6726122150859668,-1.691124746171505,-1.6520521754985662,0.8295399999999999,0.8255733333333335,0.8335199999999999,0.7811079380044248,0.9996416502680001,1.0
A,logistic,N2,clipped_sgd,F2,100,0.0,3000.0,3000.0,0.0,0.1545347705790854,-0.17570229587753441,0.4828471492615994,0.018322560228739224,0.014834643415024204,0.02196520552750804,-1.6760224010206992,-1.6945567211170112,-1.655362846555404,0.8295133333333333,0.825666,0.8334066666666665,0.7866638335108291,1.0140871423917572,1.0
A,logistic,N2,clipped_sgd,F3,100,0.0,3000.0,3000.0,0.0,0.11896014521902655,-0.2185506841526357,0.4507412596316531,0.018564786170148454,0.014774978149978246,0.021868711983124033,-1.6781694627076893,-1.6967096258012908,-1.6576088023286226,0.8292133333333334,0.8250398333333333,0.833287,0.7465061664988752,1.000855736951073,1.0
A,logistic,N2,clipped_sgd,F4,100,0.0,3000.0,3000.0,0.0,0.13496708644136718,-0.2001308305372951,0.46166373832659763,0.018554022858410728,0.014862761133319694,0.022454451458272975,-1.67187571463081,-1.6905310378625715,-1.6513946424278207,0.8294400000000002,0.825386666666667,0.8334203333333333,1.134976708504837,1.0014363400032253,1.0
A,logistic,N2,normalized_sgd,F0,100,0.0,3000.0,3000.0,0.0,0.13312359055013523,-0.20135222433989255,0.4538295972763895,0.022938269935954273,0.017613379225653272,0.029062430791676645,-1.6114908809618893,-1.6298764176755327,-1.5911007001868533,0.8230266666666666,0.8183651666666667,0.8276673333333333,0.6701574164908379,1.0,1.0
A,logistic,N2,normalized_sgd,F1,100,0.0,3000.0,3000.0,0.0,0.11874849119989019,-0.21205320173919326,0.43153482655887593,0.024894025369878843,0.018679032084185643,0.031069367806362075,-1.5869575950101589,-1.6058066905357384,-1.5665368357178944,0.8202799999999998,0.8153791666666667,0.8251745,0.7918691250088159,0.9214367542064537,1.0
A,logistic,N2,normalized_sgd,F2,100,0.0,3000.0,3000.0,0.0,0.1426207541211847,-0.18516133916197833,0.4550071303213902,0.02557586156337796,0.019451901266785004,0.03156182263738115,-1.5804431661025686,-1.5991871814411538,-1.5600737436469612,0.8190733333333334,0.8142458333333332,0.8239736666666667,0.6884407499746885,0.8968718367165214,1.0
A,logistic,N2,normalized_sgd,F3,100,0.0,3000.0,3000.0,0.0,0.07780974319946679,-0.24955422430148133,0.3869852915665439,0.026411615965939782,0.019648624135608576,0.03129340251595829,-1.5836045150795615,-1.6019975138183988,-1.5634363621387677,0.8183066666666666,0.8130663333333333,0.8232675,0.7029148125147913,0.8684917259714547,1.0
A,logistic,N2,normalized_sgd,F4,100,0.0,3000.0,3000.0,0.0,0.12053340951673196,-0.2193956948100773,0.44035435966883074,0.02449687905994924,0.018370364873846502,0.03074688139028128,-1.591984319612311,-1.6108371614162358,-1.5718992556274496,0.8207333333333334,0.8157528333333334,0.8255066666666666,1.1136540625011548,0.9363751961961886,1.0
A,logistic,N2,sgd,F0,100,0.0,3000.0,3000.0,0.0,0.1289329969316137,-0.20218023574202287,0.45644730482658713,0.01858067274366302,0.014755410920196065,0.022342641141800672,-1.672428062920909,-1.6908887441618674,-1.6518679896604065,0.8293266666666667,0.8253194999999999,0.8333266666666667,0.7045000415237155,1.0,1.0
A,logistic,N2,sgd,F1,100,0.0,3000.0,3000.0,0.0,0.13597762683689615,-0.19856140050467133,0.463032128110581,0.018587333509644793,0.014821231607864447,0.02232205326211032,-1.6726122150859668,-1.691124746171505,-1.6520521754985662,0.8295399999999999,0.8255733333333335,0.8335199999999999,0.714194854022935,0.9996416502680001,1.0
A,logistic,N2,sgd,F2,100,0.0,3000.0,3000.0,0.0,0.1545347705790854,-0.17570229587753441,0.4828471492615994,0.018322560228739224,0.014834643415024204,0.02196520552750804,-1.6760224010206992,-1.6945567211170112,-1.655362846555404,0.8295133333333333,0.825666,0.8334066666666665,0.7184541459719185,1.0140871423917572,1.0
A,logistic,N2,sgd,F3,100,0.0,3000.0,3000.0,0.0,0.11896014521902655,-0.2185506841526357,0.4507412596316531,0.018564786170148454,0.014774978149978246,0.021868711983124033,-1.6781694627076893,-1.6967096258012908,-1.6576088023286226,0.8292133333333334,0.8250398333333333,0.833287,0.6655265000008512,1.000855736951073,1.0
A,logistic,N2,sgd,F4,100,0.0,3000.0,3000.0,0.0,0.13496708644136718,-0.2001308305372951,0.46166373832659763,0.018554022858410728,0.014862761133319694,0.022454451458272975,-1.67187571463081,-1.6905310378625715,-1.6513946424278207,0.8294400000000002,0.825386666666667,0.8334203333333333,1.0911072920134757,1.0014363400032253,1.0
A,logistic,N3,clipped_sgd,F0,100,0.96,1777.5,3000.0,0.16,-0.39953123678191926,-0.7130865227001958,-0.07452408133245593,0.0015051374711525954,0.0010004523908068133,0.002071583841730836,-2.4875540693637377,-2.4976677508239287,-2.4779726755450073,0.8735199999999997,0.8720191666666667,0.8751066666666667,0.6759255620127078,1.0,1.0
A,logistic,N3,clipped_sgd,F1,100,0.0,3000.0,3000.0,0.0,-0.16662792369918208,-0.5983965170587187,0.26386991389435416,0.010844296815603012,0.006834038208500925,0.015541490054863353,-1.837277639873607,-1.852699257474469,-1.820899199167657,0.8485133333333335,0.8456791666666665,0.8513401666666666,0.6814015000127256,0.13879530381232008,1.0
A,logistic,N3,clipped_sgd,F2,100,0.0,3000.0,3000.0,0.0,-0.006704173277752179,-0.6634606794434594,0.6268294461737741,0.028768992221189407,0.01684155117376634,0.044671141094276334,-1.4672237772865437,-1.4930808776871654,-1.4410040549970382,0.8083466666666668,0.8011731666666665,0.8153005,0.7001612290041521,0.05231804644321211,1.0
A,logistic,N3,clipped_sgd,F3,100,0.61,2626.5,3000.0,0.0,-0.28685790639801156,-0.6466154147139946,0.06458170920343911,0.0026347059113543347,0.0019080336718045954,0.0037249609839352504,-2.3278150749773467,-2.339319142575249,-2.316052650576905,0.8682199999999999,0.8665595000000001,0.8699333333333334,0.6697313954937272,0.5712734254954853,1.0
A,logistic,N3,clipped_sgd,F4,100,1.0,1104.0,2023.0,0.99,-0.8891031425491128,-1.1338432208747322,-0.6318463117431481,0.000476855616307916,0.00034714316339914085,0.0006455884057438189,-2.842296258351615,-2.8506600089782475,-2.834362059655615,0.8762266666666666,0.8746729999999999,0.8778066666666666,1.0864887294883374,3.1563798761692587,1.4829461196243203
A,logistic,N3,normalized_sgd,F0,100,1.0,1283.5,2979.5,0.51,-0.27884044307148054,-0.5961954734068157,0.02764880464706716,0.0011658842820620934,0.0007493211741677404,0.0016625839701839475,-2.623261788114226,-2.633529114301719,-2.6140698013608947,0.8743866666666666,0.872793,0.8760133333333333,0.6545806459907908,1.0,1.0
A,logistic,N3,normalized_sgd,F1,100,0.02,3000.0,3000.0,0.0,-0.03844928491253397,-0.4089246203119395,0.3290629114090732,0.0076287511744861074,0.004830470964171692,0.011576780289890724,-1.9966890245260829,-2.0094207570530394,-1.9840222202519804,0.8566066666666667,0.854406333333333,0.8589201666666666,0.677795646013692,0.1528276719735364,0.9931666666666666
A,logistic,N3,normalized_sgd,F2,100,0.0,3000.0,3000.0,0.0,-0.12583002309316957,-0.7098498092094024,0.46315410231858123,0.022692742164882113,0.013741948555701869,0.034166561959166855,-1.5817885815373323,-1.60276676380037,-1.5600628077822383,0.8248066666666667,0.8197395000000001,0.8297669999999999,0.6676068330125418,0.051376967736686485,0.9931666666666666
A,logistic,N3,normalized_sgd,F3,100,0.33,3000.0,3000.0,0.0,-0.15775829627833363,-0.47104825710126247,0.15208455324765377,0.0040605564472422735,0.0026676775055509893,0.006080740683010436,-2.2552688113088144,-2.2664038788858143,-2.2445470405461174,0.8620333333333333,0.8600798333333333,0.8640401666666668,0.680212354491232,0.28712426417662623,0.9931666666666666
A,logistic,N3,normalized_sgd,F4,100,1.0,467.0,1315.0,0.96,-0.014318584703386103,-0.24813223836390597,0.23307187486499728,0.0011910699244036308,0.0007478996159805238,0.001846223131234156,-2.8084719655436094,-2.814751100698416,-2.8027036334464333,0.8744000000000001,0.8727466666666668,0.8760133333333332,1.0857544369937386,0.9788546064126773,2.2657794676806082
A,logistic,N3,sgd,F0,100,0.0,3000.0,3000.0,0.0,0.22497504912578808,-0.39212696501615774,0.9011042656393718,0.07665207393470869,0.041852525165334636,0.10027648478237354,-1.1897160105604723,-1.2391682802622077,-1.138263995127,0.7131933333333332,0.6876986666666666,0.7364481666666667,0.6816438960086089,1.0,1.0
A,logistic,N3,sgd,F1,100,0.0,3000.0,3000.0,0.0,0.2260603780205896,-0.39610643766027703,0.9055660334431744,0.0732150427823641,0.04196760877039239,0.10032492103047486,-1.1914447032914273,-1.240971951079301,-1.1399171889715436,0.71284,0.6875064999999999,0.736416333333333,0.6673103960056324,1.0469443303142136,1.0
A,logistic,N3,sgd,F2,100,0.0,3000.0,3000.0,0.0,0.2312971067404591,-0.4125939552765506,0.9077398403691888,0.0735241680020306,0.04356625822537277,0.09455994561872826,-1.1964573390332933,-1.2461058982930882,-1.143435131026948,0.7132933333333336,0.6881786666666668,0.7370746666666667,0.7316324790008366,1.0425425546140379,1.0
A,logistic,N3,sgd,F3,100,0.0,3000.0,3000.0,0.0,0.23440489998849603,-0.3943869019985826,0.91544734614474,0.07560114537784773,0.04158193670538898,0.10039395287048586,-1.2005415966533135,-1.250968742828671,-1.1472858534662351,0.7135000000000001,0.6884023333333334,0.7370801666666666,0.7133259170223027,1.0139009607805345,1.0
A,logistic,N3,sgd,F4,100,1.0,1105.5,2007.5,0.99,-0.8883982761435351,-1.1331520699722502,-0.6308983759949363,0.0004768414494281952,0.00034714316339914085,0.0006455806845390429,-2.8423316765958293,-2.850949090545316,-2.834326791179265,0.8762266666666666,0.8746729999999999,0.8778066666666666,1.1258406870183535,160.74960351417872,1.4943960149439601
A,logistic,N4,clipped_sgd,F0,100,0.0,3000.0,3000.0,0.0,-0.021390610485493244,-0.09833849044256814,0.05825214548550086,0.27192313752259967,0.26725778201230416,0.2811683662117968,-0.5830728320286859,-0.6055128919773681,-0.5605455793764298,0.5275133333333333,0.5106505000000001,0.5435271666666668,0.6911662289930973,1.0,1.0
A,logistic,N4,clipped_sgd,F1,100,0.0,3000.0,3000.0,0.0,-0.021285962129248607,-0.0990221380777062,0.05795538032636785,0.2718805630202271,0.26602935800458694,0.28085937064743766,-0.5818759584212966,-0.6044040080699127,-0.5593738234065513,0.5272066666666667,0.5103570000000001,0.5432556666666667,0.6937703330186196,1.000156592666646,1.0
A,logistic,N4,clipped_sgd,F2,100,0.0,3000.0,3000.0,0.0,-0.022006672960335916,-0.10203974804718971,0.0583995018049499,0.273867934810045,0.2661018658681743,0.27861230759873523,-0.5798792354222198,-0.6024610146880542,-0.5576311704036424,0.5263266666666666,0.5095913333333334,0.5421225000000001,0.6966758329654112,0.9928987769641807,1.0
A,logistic,N4,clipped_sgd,F3,100,0.0,3000.0,3000.0,0.0,-0.021626991003679062,-0.09902525137644896,0.057505126116338054,0.2718903332458357,0.26523303911781015,0.2794943548961124,-0.5830711384834896,-0.6056170520153055,-0.5606457229482225,0.5277,0.5109851666666667,0.5438611666666666,0.7029833124834113,1.0001206526042037,1.0
A,logistic,N4,clipped_sgd,F4,100,0.0,3000.0,3000.0,0.0,-0.023058833409755165,-0.10135608466815481,0.057363917202396766,0.2716744801639736,0.26488949886174,0.2782631601117557,-0.5833933555219235,-0.6059923811531424,-0.5610103715060122,0.5280599999999999,0.5112591666666667,0.5442081666666666,1.1061257499968633,1.0009152768359986,1.0
A,logistic,N4,normalized_sgd,F0,100,0.0,3000.0,3000.0,0.0,-0.021113262627377248,-0.09802365239307088,0.058440763882088624,0.2718217871413666,0.2668640675786301,0.2810155545846801,-0.5852771339281886,-0.6077241839620506,-0.5627890662393307,0.5275733333333333,0.5106978333333334,0.5435736666666668,0.7035847914812621,1.0,1.0
A,logistic,N4,normalized_sgd,F1,100,0.0,3000.0,3000.0,0.0,-0.020891616236910576,-0.09859065861845166,0.05866650885482182,0.2717473130114707,0.26592690294936155,0.280807350977259,-0.5839682768640894,-0.6064919903316042,-0.5614710005096732,0.5271933333333334,0.5103510000000001,0.5432161666666666,0.6947523959970567,1.0002740565456585,1.0
A,logistic,N4,normalized_sgd,F2,100,0.0,3000.0,3000.0,0.0,-0.021540591740666647,-0.10153117718021346,0.058901473870087234,0.2737799108637624,0.26605069023138345,0.2784854991488672,-0.5818248208929073,-0.6044029498749761,-0.5595894957064338,0.5263266666666666,0.5095988333333333,0.5420913333333334,0.6980113534955308,0.9928478181024386,1.0
A,logistic,N4,normalized_sgd,F3,100,0.0,3000.0,3000.0,0.0,-0.021444887496007915,-0.09888162124867413,0.05774280291729473,0.2718061507613972,0.2651211782117448,0.27924945585062544,-0.5851402155376162,-0.6076844000179344,-0.5627189715271513,0.5277466666666666,0.5110386666666668,0.5439478333333333,0.7018602914758958,1.000057527689957,1.0
A,logistic,N4,normalized_sgd,F4,100,0.0,3000.0,3000.0,0.0,-0.02273030212405176,-0.10110088692402772,0.057729486976794364,0.27160480743368665,0.26463073735572007,0.2780668581044232,-0.585437026222251,-0.6080680148813127,-0.5630506177744732,0.5280933333333333,0.5113258333333334,0.5441954999999998,1.1156697084952611,1.0007988802176595,1.0
A,logistic,N4,sgd,F0,100,0.0,3000.0,3000.0,0.0,-0.005286701286894449,-0.08637455899360713,0.07614372475929089,0.28742765392047176,0.27733192067640383,0.2960526264499699,-0.5613072287815405,-0.583324810517058,-0.5392805993553456,0.5155333333333334,0.4987664999999999,0.5322541666666667,0.6584111039992422,1.0,1.0
A,logistic,N4,sgd,F1,100,0.0,3000.0,3000.0,0.0,-0.004631086577652416,-0.08576277248193212,0.07641148274568453,0.28733305766298317,0.2773209923087615,0.2962557107294088,-0.5613812150529035,-0.5834243141246116,-0.539318402377564,0.5155000000000001,0.498633,0.5322661666666666,0.6553305630222894,1.0003292216296238,1.0
A,logistic,N4,sgd,F2,100,0.0,3000.0,3000.0,0.0,-0.002430274522854724,-0.08347936176832374,0.07895515566545315,0.28722850233051744,0.27696254586032765,0.29693191361342786,-0.5615080479502376,-0.5836601123673582,-0.5393818792909894,0.5152666666666668,0.4984516666666666,0.5321778333333333,0.6816628749947995,1.0006933559460096,1.0
A,logistic,N4,sgd,F3,100,0.0,3000.0,3000.0,0.0,-0.005337149939008313,-0.08632348930205579,0.07594011659579639,0.28744051752194655,0.2772343149212606,0.2960606006192871,-0.5613294330744426,-0.5833525788904849,-0.5392621985612771,0.5155133333333334,0.49875983333333335,0.5322481666666667,0.6544582709902897,0.9999552477793121,1.0
A,logistic,N4,sgd,F4,100,0.0,3000.0,3000.0,0.0,-0.005300022014346833,-0.08672384011100769,0.07586906210862447,0.28668703592594386,0.276116450514568,0.2959955291432226,-0.5635111245291113,-0.5856143296511904,-0.5412958882998937,0.5161333333333333,0.4992596666666666,0.5329573333333333,1.07775518798735,1.0025833675810831,1.0
A,quadratic,N1,clipped_sgd,F0,100,1.0,309.0,245.5,1.0,-0.04259935297000748,-0.1826262332478985,0.09847642215926845,0.0017067378849117266,0.0010925457475855283,0.0025816813504823018,-2.647689451305668,-2.65327608202732,-2.6421503712367236,0.018358879392356964,0.017761311302063574,0.018960476826369407,0.0433709170029033,1.0,1.0
A,quadratic,N1,clipped_sgd,F1,100,1.0,315.5,244.5,1.0,-0.0497158224619105,-0.20158420180025008,0.1030794800788184,0.0015958779534858815,0.0010230957660941381,0.0023849288299995306,-2.676612361242014,-2.6823225015684513,-2.6708622788323457,0.01769096672523846,0.017081189193141222,0.018291942743107175,0.04676554200705141,1.0694664220303898,1.0040899795501022
A,quadratic,N1,clipped_sgd,F2,100,1.0,306.0,241.5,1.0,-0.08281831470475391,-0.27780592008153493,0.11034840656096513,0.0011856071587367455,0.000750931718214858,0.0017227263418928434,-2.794405264052214,-2.800920709764241,-2.7879285538360437,0.01574782235494423,0.015159330535394974,0.016334523930067058,0.06389497901545838,1.4395475536182165,1.0165631469979297
A,quadratic,N1,clipped_sgd,F3,100,1.0,299.5,243.0,1.0,4.187147944104645,3.925819161392158,4.452597630061706,0.0006875844488596052,0.0004375503042448048,0.0023962162982606727,-3.089696594866333,-3.0996054347618474,-3.0795319679204534,0.03625752034089167,0.03494879716164098,0.03756265481498025,0.04732089600292966,2.4822229294778855,1.0102880658436213
A,quadratic,N1,clipped_sgd,F4,100,1.0,311.5,251.5,1.0,-0.011694361047878868,-0.17269878342038442,0.15044214522966026,0.002155598156936265,0.00134977995709139,0.0032881246327771943,-2.558738798354224,-2.5637076383553263,-2.553612468534802,0.02090770756190443,0.02019121451208472,0.02168435355879038,0.7476044789655134,0.7917699685443691,0.9761431411530815
A,quadratic,N1,normalized_sgd,F0,100,1.0,211.0,162.0,1.0,-0.05996715898485391,-0.15964265188897062,0.04155166361084113,0.003254543395587644,0.002036125791318997,0.004989667423465404,-2.4301687609124873,-2.4338025938598236,-2.426367924586121,0.025527485643865134,0.024761685450395175,0.026333597956114955,0.041861333505949005,1.0,1.0
A,quadratic,N1,normalized_sgd,F1,100,0.9,208.0,92.0,1.0,0.027374452707576893,-0.03559086928280205,0.09132308771649406,0.009832774892521023,0.006398595278734537,0.014415923719815184,-1.9934802194092214,-1.9957195220388722,-1.9911783668547869,0.04810585402294399,0.04638748585238281,0.049834926374925474,0.04424883300089277,0.330989311884187,1.7608695652173914
A,quadratic,N1,normalized_sgd,F2,100,1.0,90.0,72.0,1.0,-0.001653598860027441,-0.09045600543903633,0.0920880081688236,0.0042276688081233395,0.002730171991139998,0.006075398238826663,-2.3527746387334427,-2.3555364663420373,-2.3500685136308075,0.03514031203574736,0.03389444551515495,0.0364278514928579,0.06290106300730258,0.7698198565919204,2.25
A,quadratic,N1,normalized_sgd,F3,100,1.0,81.5,70.0,1.0,5.830899980884407,5.601238520893359,6.047633849055552,0.001041204456339204,0.0006006628184515775,0.00763970314893919,-3.036043711012113,-3.043122123160311,-3.02878609553435,0.07186633419679576,0.0683963712448347,0.07521060410187572,0.04717852096655406,3.1257486229269245,2.3142857142857145
A,quadratic,N1,normalized_sgd,F4,100,0.93,202.0,108.0,1.0,0.004765696626211264,-0.06535571099437908,0.07687398997397406,0.009508672134516932,0.005991355742875251,0.014424175105765425,-2.0026336449988325,-2.00473417027996,-2.000487181256877,0.04613760362991308,0.04459011375854364,0.047653596623808074,0.7702324585116003,0.34227107103351445,1.5
A,quadratic,N1,sgd,F0,100,1.0,309.0,245.5,1.0,-0.04259935297000748,-0.1826262332478985,0.09847642215926845,0.0017067378849117266,0.0010925457475855283,0.0025816813504823018,-2.647689451305668,-2.65327608202732,-2.6421503712367236,0.018358879392356964,0.017761311302063574,0.018960476826369407,0.03711245849262923,1.0,1.0
A,quadratic,N1,sgd,F1,100,1.0,315.5,244.5,1.0,-0.0497158224619105,-0.20158420180025008,0.1030794800788184,0.0015958779534858815,0.0010230957660941381,0.0023849288299995306,-2.676612361242014,-2.6823225015684513,-2.6708622788323457,0.01769096672523846,0.017081189193141222,0.018291942743107175,0.04013035402749665,1.0694664220303898,1.0040899795501022
A,quadratic,N1,sgd,F2,100,1.0,306.0,241.5,1.0,-0.08281831470475391,-0.27780592008153493,0.11034840656096513,0.0011856071587367455,0.000750931718214858,0.0017227263418928434,-2.794405264052214,-2.800920709764241,-2.7879285538360437,0.01574782235494423,0.015159330535394974,0.016334523930067058,0.056838041986338794,1.4395475536182165,1.0165631469979297
A,quadratic,N1,sgd,F3,100,1.0,299.5,243.0,1.0,4.187147944104645,3.925819161392158,4.452597630061706,0.0006875844488596052,0.0004375503042448048,0.0023962162982606727,-3.089696594866333,-3.0996054347618474,-3.0795319679204534,0.03625752034089167,0.03494879716164098,0.03756265481498025,0.04129791649756953,2.4822229294778855,1.0102880658436213
A,quadratic,N1,sgd,F4,100,1.0,311.5,251.5,1.0,-0.011694361047878868,-0.17269878342038442,0.15044214522966026,0.002155598156936265,0.00134977995709139,0.0032881246327771943,-2.558738798354224,-2.5637076383553263,-2.553612468534802,0.02090770756190443,0.02019121451208472,0.02168435355879038,0.8325183959968854,0.7917699685443691,0.9761431411530815
A,quadratic,N2,clipped_sgd,F0,100,0.0,4000.0,4000.0,0.0,-0.22092428291324467,-0.46999162023414504,0.04717887570846236,0.12362931513370191,0.08605148567186284,0.16892116381820532,-0.9062524351712077,-0.91523315188892,-0.8965883404846511,0.18392948441907567,0.17660069548590138,0.1914666295803263,0.09882181297871284,1.0,1.0
A,quadratic,N2,clipped_sgd,F1,100,0.0,4000.0,4000.0,0.0,-0.22120238677029735,-0.47333295415758964,0.045795330155567505,0.12249846746550434,0.08585971183263844,0.1667732442072964,-0.9081214822908908,-0.9171549159828639,-0.8984045585508825,0.18338785508734282,0.17598205722167137,0.1910118120576591,0.0964263130153995,1.0092315250271684,1.0
A,quadratic,N2,clipped_sgd,F2,100,0.0,4000.0,4000.0,0.0,-0.2237428052398508,-0.4879577202561075,0.057282888096031916,0.1167067838999453,0.0820245834368865,0.15644347884477927,-0.9317750221382347,-0.941376314410098,-0.921427409023637,0.1798831516894111,0.172747572848995,0.18728632096249614,0.12065893749240786,1.059315585627751,1.0
A,quadratic,N2,clipped_sgd,F3,100,0.0,4000.0,4000.0,0.0,-0.11723340785521023,-0.4068773639370449,0.18554311572951643,0.1023029244475474,0.0773919466724862,0.1379856648079632,-0.9823767265423595,-0.9930966834587721,-0.9711803235394632,0.18247190505795532,0.17545630723156894,0.18991246884327892,0.1077883539837785,1.2084631578356193,1.0
A,quadratic,N2,clipped_sgd,F4,100,0.0,4000.0,4000.0,0.0,-0.21408525865743708,-0.4636388354827287,0.05094398589559906,0.1214617152679152,0.08623866225544019,0.16643378417595328,-0.9056609450980743,-0.9146859036666535,-0.8959091633260738,0.18356283834115972,0.17613635984895,0.19110441514133963,0.8961619994661305,1.0178459513848088,1.0
A,quadratic,N2,normalized_sgd,F0,100,0.0,4000.0,4000.0,0.0,-0.21301794951428832,-0.4365768747997348,0.0311280349914425,0.14132919616818646,0.09825971959297294,0.19669207718649406,-0.8506925871251334,-0.8587319975110176,-0.8421211680496073,0.19718235597636838,0.1891627210463844,0.20515321438639733,0.1010316040192265,1.0,1.0
A,quadratic,N2,normalized_sgd,F1,100,0.0,4000.0,4000.0,0.0,-0.1932928842395019,-0.39327177266435864,0.020536144340717433,0.16827773532485904,0.11685267641312598,0.24176745595747115,-0.771643095882683,-0.7783553634314416,-0.7645605015935947,0.21794835013914962,0.20926153168922332,0.22648274866818505,0.10350362499593757,0.8398567754394328,1.0
A,quadratic,N2,normalized_sgd,F2,100,0.0,4000.0,4000.0,0.0,-0.20044619732250937,-0.4135087514644437,0.026923954024160496,0.16038506418466073,0.11112464433933289,0.22411359285237786,-0.7957256153217682,-0.8027595597923761,-0.788404752240212,0.22152367670074163,0.21272418358935755,0.23043547728071234,0.1203525000018999,0.8811867669015979,1.0
A,quadratic,N2,normalized_sgd,F3,100,0.0,4000.0,4000.0,0.0,0.07452959500902744,-0.1865575436636738,0.3464549091504142,0.13106393318035406,0.08991113397428566,0.180801768069128,-0.8935174876870076,-0.9023304668398068,-0.8846077990857764,0.24304062392600695,0.23349572303231447,0.25300969900064474,0.10393843750352971,1.0783225616593286,1.0
A,quadratic,N2,normalized_sgd,F4,100,0.0,4000.0,4000.0,0.0,-0.19143553410308517,-0.3969533306430786,0.032899165542686744,0.1610336801865178,0.10963888992576276,0.22882729697175053,-0.7930433268154392,-0.8001802116975191,-0.785686950751446,0.21122922369563848,0.20268629862665138,0.21968787736194945,0.8879597705090418,0.8776374979724206,1.0
A,quadratic,N2,sgd,F0,100,0.0,4000.0,4000.0,0.0,-0.22092428291324467,-0.46999162023414504,0.04717887570846236,0.12362931513370191,0.08605148567186284,0.16892116381820532,-0.9062524351712077,-0.91523315188892,-0.8965883404846511,0.18392948441907567,0.17660069548590138,0.1914666295803263,0.08492477054824121,1.0,1.0
A,quadratic,N2,sgd,F1,100,0.0,4000.0,4000.0,0.0,-0.22120238677029735,-0.47333295415758964,0.045795330155567505,0.12249846746550434,0.08585971183263844,0.1667732442072964,-0.9081214822908908,-0.9171549159828639,-0.8984045585508825,0.18338785508734282,0.17598205722167137,0.1910118120576591,0.08769635402131826,1.0092315250271684,1.0
A,quadratic,N2,sgd,F2,100,0.0,4000.0,4000.0,0.0,-0.2237428052398508,-0.4879577202561075,0.057282888096031916,0.1167067838999453,0.0820245834368865,0.15644347884477927,-0.9317750221382347,-0.941376314410098,-0.921427409023637,0.1798831516894111,0.172747572848995,0.18728632096249614,0.10551008299808018,1.059315585627751,1.0
A,quadratic,N2,sgd,F3,100,0.0,4000.0,4000.0,0.0,-0.11723340785521023,-0.4068773639370449,0.18554311572951643,0.1023029244475474,0.0773919466724862,0.1379856648079632,-0.9823767265423595,-0.9930966834587721,-0.9711803235394632,0.18247190505795532,0.17545630723156894,0.18991246884327892,0.09265910449903458,1.2084631578356193,1.0
A,quadratic,N2,sgd,F4,100,0.0,4000.0,4000.0,0.0,-0.21408525865743708,-0.4636388354827287,0.05094398589559906,0.1214617152679152,0.08623866225544019,0.16643378417595328,-0.9056609450980743,-0.9146859036666535,-0.8959091633260738,0.18356283834115972,0.17613635984895,0.19110441514133963,0.82118129148148,1.0178459513848088,1.0
A,quadratic,N3,clipped_sgd,F0,100,0.47,4000.0,607.5,1.0,0.0029770227450693883,-0.1473765441843059,0.16390078184712428,0.019911827234437796,0.012254723219172887,0.030594132595419314,-1.656341282347788,-1.6614091521682197,-1.6514497393323695,0.06516477204280023,0.06291855398315864,0.06744866422775661,0.05495770848938264,1.0,1.0
A,quadratic,N3,clipped_sgd,F1,100,0.0,4000.0,4000.0,0.0,-0.05337173788684492,-0.2915602685101852,0.19063903809345228,0.16466266476239416,0.08338606940375891,0.3153986503175471,-0.7801898883237551,-0.7863503626224463,-0.7738950435771689,0.18788283041147458,0.17859402235742178,0.19693680032834768,0.0629139170050621,0.12092496658650748,0.151875
A,quadratic,N3,clipped_sgd,F2,100,0.0,4000.0,4000.0,0.0,-0.7107533510788748,-1.4004850982501778,-0.02261879858588831,0.3305402290370165,0.12473669494237734,1.0906261300489817,-0.4295139292249061,-0.44644776817597426,-0.41237036912012537,0.3283835715813389,0.2939658782713405,0.36713337325319434,0.08681489553418942,0.06024025363704795,0.151875
A,quadratic,N3,clipped_sgd,F3,100,0.04,4000.0,4000.0,0.27,0.3762273456034273,0.15061975934078314,0.591947927519495,0.03668425944505756,0.022960270207214376,0.06541538828610152,-1.4001811407406652,-1.4060266917504043,-1.3943719924296918,0.12438295456928355,0.11903181359219285,0.12953115197062176,0.06595497948001139,0.5427894016576775,0.151875
A,quadratic,N3,clipped_sgd,F4,100,1.0,392.0,274.5,1.0,-0.09228400656509082,-0.23957952531288135,0.07058022210263118,0.004728044725233938,0.0030134736407197906,0.007145695959558402,-2.2469056259735485,-2.252214643522041,-2.241464127259753,0.03272852846355519,0.031483133326780995,0.033930236856894454,0.8118018954992294,4.211429542569013,2.2131147540983607
A,quadratic,N3,normalized_sgd,F0,100,0.91,910.0,539.5,1.0,-0.09355377721133326,-0.26608081614241125,0.08089012296918684,0.009925831378049409,0.006346729077486745,0.015173857320846688,-1.9020447873236095,-1.9085862480363562,-1.8953955952673343,0.04541656527485067,0.04373353816940221,0.04697944685780903,0.05618187499931082,1.0,1.0
A,quadratic,N3,normalized_sgd,F1,100,0.0,4000.0,4000.0,0.0,-0.024019330216067853,-0.19312783889098126,0.1503347596255146,0.0872841381251478,0.05155063184269998,0.1432583206586472,-1.0400123796633645,-1.0453955356461535,-1.0350023277287852,0.1382709091706098,0.13301595302843047,0.14347215104986283,0.05949683298240416,0.11371861590496286,0.134875
A,quadratic,N3,normalized_sgd,F2,100,0.0,4000.0,4000.0,0.0,-0.3930570774171138,-0.8463151732267199,0.05234453254337518,0.2555822248787857,0.11105318213494605,0.588682628487242,-0.5752028497420184,-0.5855232725257864,-0.5645259642684369,0.266517048466465,0.2469346329235488,0.28709783908216957,0.07670079148374498,0.038836156867939106,0.134875
A,quadratic,N3,normalized_sgd,F3,100,0.01,4000.0,4000.0,0.18,0.41342903230340405,0.19536858834453188,0.623962233011315,0.04080354851149227,0.025367900893324965,0.06835878309267085,-1.3732441984197437,-1.3781900448937376,-1.3681111572989466,0.1337846479885477,0.12807361377912863,0.13956605617071477,0.06094931252300739,0.24325902378940917,0.134875
A,quadratic,N3,normalized_sgd,F4,100,0.77,551.5,165.5,1.0,0.0032368233711954843,-0.0910708373008259,0.10855628289399875,0.014056577055647682,0.008825275374286116,0.02138941876579858,-1.8310452400500574,-1.833673173070934,-1.8282168090715432,0.05564796308730788,0.05373472914940619,0.05747818431484979,0.8227204375143629,0.7061343126960904,3.2598187311178246
A,quadratic,N3,sgd,F0,100,0.02,4000.0,4000.0,0.0,-1.2431957338896418,-2.350875471478479,-0.08129746702324772,0.45574733227393754,0.14808540783056537,2.769772360814906,-0.1524801972890862,-0.18387183897029144,-0.11690940277835393,0.6629904167142879,0.44453078924517764,0.9628700374294534,0.046174229006282985,1.0,1.0
A,quadratic,N3,sgd,F1,100,0.02,4000.0,4000.0,0.0,-1.2527347409265095,-2.3877058831297213,-0.08635673910704353,0.45500720653569693,0.14657281640718625,2.48030857275348,-0.16034585547585192,-0.19255189246035304,-0.12378528673198062,0.6602561261293234,0.4298445093239252,0.982226160061395,0.04893997948965989,1.0016266242108025,1.0
A,quadratic,N3,sgd,F2,100,0.03,4000.0,4000.0,0.0,-1.3232888693776372,-2.572127791578844,-0.07011282904287709,0.4180138951320035,0.13805949128941203,2.0881367178789154,-0.19440498384381524,-0.23090628638416236,-0.15386877397081447,0.7004968529704827,0.4305759487398504,1.076894860873879,0.06860810448415577,1.0902683800260236,1.0
A,quadratic,N3,sgd,F3,100,0.02,4000.0,4000.0,0.0,-1.322900819280686,-2.533637005183235,-0.09870633151196567,0.3311237231409586,0.10638317263210632,2.296370095124185,-0.28118213801045916,-0.3172947663445229,-0.24129241083865324,0.661000773133813,0.4431171832999801,0.9613356977887711,0.0543329999782145,1.376365691804954,1.0
A,quadratic,N3,sgd,F4,100,1.0,387.5,278.5,1.0,-0.09228386335597275,-0.23957952535980412,0.07058049548733371,0.004728044725609233,0.00301347364096707,0.007145695959423128,-2.2411433576317905,-2.249686984314607,-2.229250567966637,0.032728528446613475,0.031483133326846456,0.03393023685575425,0.8294936039892491,96.39234794150813,14.362657091561939
A,quadratic,N4,clipped_sgd,F0,100,0.0,4000.0,4000.0,0.0,0.4356820877086762,-0.2202990021748682,1.1161093563796236,60.25142225097133,43.978553134363565,79.33152576536311,1.7427149738825085,1.6955367268450638,1.7984133015220902,4.995705379450806,4.453110482140166,5.64152604023118,0.11726729152724147,1.0,1.0
A,quadratic,N4,clipped_sgd,F1,100,0.0,4000.0,4000.0,0.0,0.43116809406993317,-0.21397474690927895,1.111872283312395,62.01008709185121,45.46772911613711,82.32134148586556,1.7626129658097296,1.7165648599289085,1.8172641740530395,5.075109666956498,4.52878749014378,5.722522750246172,0.12773041700711474,0.9716390522355678,1.0
A,quadratic,N4,clipped_sgd,F2,100,0.0,4000.0,4000.0,0.0,0.42318100971664196,-0.21851763481458603,1.098796014529531,66.29287326578029,49.08194136686585,91.31915899110803,1.799853941058024,1.7548930143456107,1.8528771811058442,5.239286659484693,4.688003465655051,5.892182609636792,0.13385662500513718,0.908867262539856,1.0
A,quadratic,N4,clipped_sgd,F3,100,0.0,4000.0,4000.0,0.0,0.44566574776305456,-0.2110812451406736,1.1417079921566835,60.31927295558167,44.33065974804502,80.48519256545745,1.7524597760486915,1.7060102974580809,1.8077240883263064,5.046862922135165,4.49936251811966,5.6928098857209175,0.13159491700935178,0.9988751405432175,1.0
A,quadratic,N4,clipped_sgd,F4,100,0.0,4000.0,4000.0,0.0,0.44988624122053467,-0.20766627597146653,1.1512751599399502,60.60294469881433,44.17528275713431,81.01980035463944,1.753135960463504,1.7065579310717225,1.8087132474949617,5.042679016664537,4.492506160930574,5.694778262138988,0.8604212920181453,0.9941995813967456,1.0
A,quadratic,N4,normalized_sgd,F0,100,0.0,4000.0,4000.0,0.0,0.2634953970162416,-0.23656758092564703,0.7854947604481526,44.87566416319983,36.71706283137522,53.9097460509912,1.521170882796143,1.4795522791295899,1.5679651838942392,3.75281946176786,3.4568454490651255,4.098560391697527,0.11225860446575098,1.0,1.0
A,quadratic,N4,normalized_sgd,F1,100,0.0,4000.0,4000.0,0.0,0.2566898389943478,-0.24711105020891772,0.7736625314992385,46.89874168715289,38.05715513572833,55.58172248613098,1.5432365075960428,1.503075897315975,1.5886377811588057,3.825502958133726,3.527174388762597,4.172749624685628,0.1265692499873694,0.9568628613226259,1.0
A,quadratic,N4,normalized_sgd,F2,100,0.0,4000.0,4000.0,0.0,0.25375507917879736,-0.2548174826269279,0.774142531779783,51.45598572435157,40.51800788659222,59.23629044359908,1.5817107485837298,1.5428887409144003,1.6252083961289685,3.9693546087983163,3.669493012617707,4.316160773920993,0.14578112500021234,0.8721174714949129,1.0
A,quadratic,N4,normalized_sgd,F3,100,0.0,4000.0,4000.0,0.0,0.2590852051966582,-0.2546354897988428,0.7883442057422579,45.70991954600606,37.36320987073623,55.05143365946117,1.5376233065090685,1.4970376238275507,1.5830387547230007,3.8065197795333927,3.5084712802750033,4.1533482747585415,0.12540602101944387,0.9817489203417527,1.0
A,quadratic,N4,normalized_sgd,F4,100,0.0,4000.0,4000.0,0.0,0.2588552790041032,-0.26619358598931325,0.7939301020013424,46.050232499918906,36.81827519239183,54.8713960783355,1.5410206211595152,1.500285430047646,1.5866227077898796,3.8150420914212857,3.5139746478534852,4.162072092218487,0.8522821034712251,0.9744937588160679,1.0
A,quadratic,N4,sgd,F0,100,0.0,4000.0,4000.0,0.0,1.1662154670412739,-0.2044669167374005,2.6905710594557295,130.96248601789955,60.5344760750158,429.8964052143346,2.221830288592854,2.150693013677069,2.3069042971290004,36.626903975918545,10.078305562863296,83.70348481101425,0.10512016699067317,1.0,1.0
A,quadratic,N4,sgd,F1,100,0.0,4000.0,4000.0,0.0,1.1574635664139843,-0.20625114657022886,2.7037750776294827,126.23528644925867,61.357915518581024,418.62574790639553,2.220945158239473,2.1498090677352226,2.306042997630415,36.662032803656956,9.846867655520995,83.94984304387734,0.10733100000652485,1.0374475291466227,1.0
A,quadratic,N4,sgd,F2,100,0.0,4000.0,4000.0,0.0,1.1652478546993394,-0.2147334245829349,2.7310954459948436,126.16114298950892,62.691801451903146,381.5047198864105,2.214225615636263,2.1424122928888796,2.3008659797400024,37.32709123397953,9.76759482055986,86.21123642702783,0.12536381249083206,1.0380572251853322,1.0
A,quadratic,N4,sgd,F3,100,0.0,4000.0,4000.0,0.0,1.1713589826291362,-0.2035195290918958,2.699928002241975,129.70677736488443,60.554229227847586,427.7217942110985,2.2172406749318236,2.145981533687687,2.3026204549359455,36.63013984001767,10.082388955246897,83.70945423970385,0.11133274997700937,1.009681133696527,1.0
A,quadratic,N4,sgd,F4,100,0.0,4000.0,4000.0,0.0,1.185968951259821,-0.18693571158966024,2.741350710629442,111.08738798281323,56.10813391368061,335.066401355018,2.1701936592116557,2.09813636960185,2.2567857534821982,35.54430111176307,9.184357819174654,82.21290604989676,0.8490506875095889,1.1789140819312565,1.0
B,ar,N2,adam,F0,100,1.0,92.0,7677.0,0.52,0.04104479738808539,-0.12483111605741452,0.19264785430637488,0.05312575743449247,0.019276627916780233,0.11171908858576908,-1.3147370650408314,-1.3188877261337615,-1.310714194830837,1.0138353628469428,1.005851329769939,1.0216310679820688,0.9090642500086688,1.0,1.0
B,ar,N2,adam,F1,100,1.0,81.5,6247.0,0.59,0.08139448464195817,-0.13380688001848404,0.29104575830189805,0.037985098261958575,0.014258939726839219,0.07713309683570488,-1.457271280452798,-1.4628651616128827,-1.4517558702890991,1.013584571298462,1.005381170601089,1.021410300357906,0.8659821460023522,1.3985947085912112,1.2289098767408355
B,ar,N2,adam,F2,100,1.0,76.5,3200.0,0.81,0.14211876450498637,-0.23457566818354958,0.49203656938074675,0.02254676781434707,0.008824633974280629,0.04318127574372266,-1.6987420665108968,-1.708630333183871,-1.6891130026169274,1.0075414877684148,0.9994589025145643,1.0153337891154337,0.861931145976996,2.3562471513405674,2.3990625
B,ar,N2,adam,F3,100,1.0,50.5,3018.5,0.8,0.3935741455608561,-0.09106584845331464,0.86104056746654,0.015836302229905563,0.006585276044516919,0.02993176413759157,-1.8495197621744819,-1.863303142082161,-1.8361601023636926,1.0092265822572535,1.001545732920782,1.0168234419360198,0.9332399580162019,3.3546819619398787,2.543316216663906
B,ar,N2,adam,F4,100,1.0,84.0,7691.5,0.53,0.044932489931528236,-0.11971413182891393,0.19930035386825934,0.05175828819470987,0.018997070525293175,0.10883548899713608,-1.3237664748734284,-1.327895140381477,-1.3196164755309583,1.0151313953957755,1.0069079408794286,1.0230429077204644,1.3266161874926183,1.0264202949417165,0.9981148020542157
B,ar,N2,adamw,F0,100,1.0,92.0,7677.0,0.52,0.041045429813345795,-0.12482993061796643,0.19264750206440462,0.05312412550339972,0.01927616781964768,0.11171852559921175,-1.3147450700603556,-1.318895707917787,-1.3107221671749316,1.0138350585274916,1.0058510843407211,1.0216308236889748,0.8244411250052508,1.0,1.0
B,ar,N2,adamw,F1,100,1.0,81.5,6247.0,0.59,0.0813956012983518,-0.13380425043223515,0.2910472450129193,0.0379848365243448,0.014258792125848588,0.0771325000361462,-1.4572746953394304,-1.4628685331217652,-1.4517594127882187,1.0135844342178641,1.0053810065738378,1.0214101569825034,0.8209462084923871,1.39856138302325,1.2289098767408355
B,ar,N2,adamw,F2,100,1.0,76.5,3200.0,0.81,0.14211968934247265,-0.23457430454904182,0.49203634271133473,0.022546871708558257,0.008824469036094263,0.043181089504773174,-1.6987430747157504,-1.7086318477075695,-1.6891139993277469,1.007541479408721,0.9994588933986073,1.0153337799908566,0.8355859374860302,2.356163914448276,2.3990625
B,ar,N2,adamw,F3,100,1.0,50.5,3018.5,0.8,0.39363445134931024,-0.09111032931015116,0.8611697543539938,0.01590324339661354,0.0065934876785104755,0.029945112658538907,-1.8495187739792933,-1.8633023562529012,-1.836157053585348,1.0092143483860883,1.0015399906079567,1.016819215579046,0.8490013545088004,3.3404585579512696,2.543316216663906
B,ar,N2,adamw,F4,100,1.0,84.0,7691.5,0.53,0.04493229340272137,-0.11971931930099397,0.1993051127171924,0.05175743743870596,0.01899656759522847,0.10883349914671686,-1.3237725937317413,-1.3279010595737875,-1.3196224588492498,1.0151311768465652,1.0069077527979666,1.0230427569839082,1.1934915834863205,1.0264056362201524,0.9981148020542157
B,ar,N4,adam,F0,100,0.0,8000.0,8000.0,0.0,1.1988912842491743,0.14977325942767447,2.3305320588022673,8.916975712120127,2.793308234374731,22.82403684516027,0.924676888981667,0.8784044228572901,0.9798858869431587,11.18731889371137,6.97074638601107,16.876415746243357,0.8331976039917208,1.0,1.0
B,ar,N4,adam,F1,100,0.0,8000.0,8000.0,0.0,1.2448507966945808,0.13926564777535702,2.4234533834459944,9.5194723965068,2.700854515634987,32.323644667357314,0.9860895202261811,0.9352706915780257,1.0461513945975514,17.590763877046076,9.006101445023829,29.678671760846935,0.8370766669977456,0.9367090255329948,1.0
B,ar,N4,adam,F2,100,0.01,8000.0,8000.0,0.0,1.2580417760500473,0.06676645303716866,2.493024943895547,8.554234355172271,2.5232948740244296,38.25283417773715,0.977359793841134,0.9218447181026783,1.0426389376711895,25.14572219970832,10.934314505754953,45.492840737011434,0.8568481875117868,1.042404888840639,1.0
B,ar,N4,adam,F3,100,0.01,8000.0,8000.0,0.0,1.2022594256163237,0.1295204277198205,2.3493596490886697,8.882733137326776,2.7909695673090487,22.337374792975528,0.9107963594336672,0.8636079230149578,0.9679060488945371,11.210253909542123,6.977022594241087,16.92940713780472,0.9160009374900255,1.003854959308578,1.0
B,ar,N4,adam,F4,100,0.01,8000.0,8000.0,0.0,1.2627623269358936,0.11406445845476862,2.470311651576564,8.409006402553725,2.450016071613116,26.105687188259758,0.9282024218198438,0.8763688727367971,0.9897637476469139,17.641351273727533,8.305524201083395,30.90999315562165,1.2633938750077505,1.0604077682010251,1.0
B,ar,N4,adamw,F0,100,0.0,8000.0,8000.0,0.0,1.1980027039777748,0.14927717022538634,2.3294694167733963,8.912248054377441,2.7918887348808985,22.815141200192166,0.9243913824049804,0.878171070992029,0.9795744737219152,11.148613539619427,6.957873259219934,16.805413990504192,0.8562857290089596,1.0,1.0
B,ar,N4,adamw,F1,100,0.0,8000.0,8000.0,0.0,1.2440515372516832,0.1392027292443181,2.422637472108985,9.515191623815289,2.6997725160016994,32.3044218810219,0.9858752379865391,0.9350711966544314,1.0459254654827468,17.52848134923927,8.992674923107629,29.554230462690658,0.8716422079887707,0.9366335862402646,1.0
B,ar,N4,adamw,F2,100,0.01,8000.0,8000.0,0.0,1.2573727338133116,0.0655859137286019,2.4925565304403587,8.552627752763808,2.523150509166684,38.24132754886752,0.9771974327934578,0.9217282407659185,1.0424413674491446,25.054641257215053,10.91440260413403,45.2981731150286,0.8720697500102688,1.0420479309996182,1.0
B,ar,N4,adamw,F3,100,0.01,8000.0,8000.0,0.0,1.2013633619148754,0.1287747041572178,2.3483381002705452,8.878115443289193,2.7896644563135027,22.3318977015616,0.9105129516808362,0.8633500059883095,0.9675957843836974,11.171489789180628,6.95644338469479,16.855535017273844,0.8511258540092967,1.003844578425036,1.0
B,ar,N4,adamw,F4,100,0.01,8000.0,8000.0,0.0,1.2620567797820548,0.1137762048979919,2.469320518636934,8.406817852551002,2.4442621223911076,26.097077318424265,0.9280084258922484,0.8762145483720164,0.9895588478691517,17.579008184106787,8.289996825707235,30.772315798200935,1.2121937080228236,1.0601214645887764,1.0
B,logistic,N2,adam,F0,100,0.0,8000.0,8000.0,0.03,0.08101945451522224,-0.21762794117159198,0.39371535299691546,0.02448493299350466,0.016241555125151914,0.03445855952020718,-1.594391438170054,-1.6114984527827731,-1.5774567051152202,0.8218866666666667,0.8167200000000001,0.8268669999999999,1.7842277709860355,1.0,1.0
B,logistic,N2,adam,F1,100,0.0,8000.0,8000.0,0.03,0.06851639148087557,-0.22670168597605708,0.3778283783486092,0.02457053828228751,0.01679919604435473,0.03553735872979674,-1.5820178113746786,-1.5993304983094272,-1.5645228400187117,0.8208133333333333,0.815505,0.8258403333333334,1.80960489550489,0.9965159375916254,1.0
B,logistic,N2,adam,F2,100,0.0,8000.0,8000.0,0.03,0.06659232845768014,-0.23151031923163531,0.3708909669813172,0.024626234276382733,0.016876521189399255,0.03558723172304329,-1.5860525765757936,-1.6031576048490495,-1.56890762619999,0.8212933333333332,0.8159731666666669,0.8264135000000001,1.8109054995002225,0.9942621644343901,1.0
B,logistic,N2,adam,F3,100,0.0,8000.0,8000.0,0.03,0.1586689750452373,-0.15913906425948784,0.4977184465065552,0.022989073377503458,0.015911267273391635,0.03349223345871238,-1.6349689674838468,-1.650629856923574,-1.61882108066171,0.81808,0.8124509999999999,0.8235806666666665,1.7809636250021867,1.0650682866350332,1.0
B,logistic,N2,adam,F4,100,0.0,8000.0,8000.0,0.03,0.07654224343061113,-0.22003055492556384,0.3867236609531236,0.02466917984169397,0.01685055515488359,0.035616832089436626,-1.5837161061603149,-1.6009496202611957,-1.5662373453352516,0.8210933333333333,0.8159129999999998,0.8260668333333332,2.8674656874791253,0.9925312941341524,1.0
B,logistic,N2,adamw,F0,100,0.0,8000.0,8000.0,0.03,0.08262402340065023,-0.21511372951752067,0.3960143082188007,0.024519227052716124,0.016253736923961055,0.034554191476745086,-1.5939938136338254,-1.6110539296122863,-1.5770716314238278,0.8217399999999999,0.8165533333333334,0.8267001666666667,1.792148521024501,1.0,1.0
B,logistic,N2,adamw,F1,100,0.0,8000.0,8000.0,0.03,0.0701361888330333,-0.2252781841881847,0.3793689364234272,0.024611381269889373,0.01680301102035279,0.03557768538171134,-1.5816128762147912,-1.5988869074697252,-1.564144000365075,0.8207599999999999,0.8153796666666664,0.8258469999999999,1.793477728992002,0.9962556259576543,1.0
B,logistic,N2,adamw,F2,100,0.0,8000.0,8000.0,0.03,0.06819386287452611,-0.23005672142212583,0.3730755921277542,0.024676365701554237,0.01690227967610054,0.03571780484232974,-1.585678234475971,-1.602764915770896,-1.5685471540254725,0.82116,0.8158508333333334,0.8262806666666667,1.8179699374886695,0.9936320181529723,1.0
B,logistic,N2,adamw,F3,100,0.0,8000.0,8000.0,0.03,0.1598070691055092,-0.1575783163606903,0.4982281407987517,0.022994141130430946,0.015925557895705728,0.03352036006716404,-1.634736006549184,-1.6503650582425882,-1.6186255686465427,0.8180266666666668,0.8123458333333332,0.8235266666666666,1.8026900624972768,1.066324978768911,1.0
B,logistic,N2,adamw,F4,100,0.0,8000.0,8000.0,0.03,0.07815310048201835,-0.21831361943142055,0.3878586802941232,0.024721927086145366,0.016895922249096015,0.03574389172854846,-1.5833121682910987,-1.6005190693619487,-1.5658552248307567,0.8210066666666669,0.8158194999999998,0.8259801666666666,2.9297181254951283,0.9918007996414309,1.0
B,logistic,N4,adam,F0,100,0.0,8000.0,8000.0,0.0,-0.15410230898352303,-0.2945641365489036,-0.02872358515203599,0.20473485638421207,0.19309990458677823,0.21847371883979488,-0.6649753848950073,-0.6896393573488019,-0.6416976479442622,0.5944666666666667,0.5806684999999999,0.6081878333333333,1.7588932705111802,1.0,1.0
B,logistic,N4,adam,F1,100,0.0,8000.0,8000.0,0.0,-0.1397702755729798,-0.28027571423993,-0.017292896687379083,0.21427773362292069,0.20082940627045043,0.2259495624214016,-0.6579501678287847,-0.6829513108350683,-0.6345536775609439,0.5903666666666667,0.5764578333333334,0.6042071666666666,1.7741341665096115,0.9554649142616849,1.0
B,logistic,N4,adam,F2,100,0.0,8000.0,8000.0,0.0,-0.12636339712801026,-0.2635746276011045,-0.006053229771601583,0.22025035668185844,0.20959323136319505,0.2343452411015592,-0.6506807000462652,-0.675081585010402,-0.6278202968103331,0.5853666666666668,0.5711980000000002,0.5995471666666666,1.786211833008565,0.9295551638081667,1.0
B,logistic,N4,adam,F3,100,0.0,8000.0,8000.0,0.0,-0.15829877984521107,-0.29579570658295556,-0.03535247304327224,0.2065629668351079,0.1868386922972306,0.21670765051364915,-0.6695433166681769,-0.6944466609942347,-0.6459581105493823,0.5971466666666666,0.5832386666666667,0.6108933333333334,1.7756967085006181,0.9911498635069705,1.0
B,logistic,N4,adam,F4,100,0.0,8000.0,8000.0,0.0,-0.14443411578753518,-0.28851215788769136,-0.018647273144693728,0.21227429775639556,0.20216598534271157,0.22530445419568584,-0.6609209959894343,-0.6854431954648619,-0.6378332374927188,0.5925533333333334,0.5787036666666667,0.6063011666666667,2.8647353335109074,0.9644825518121102,1.0
B,logistic,N4,adamw,F0,100,0.0,8000.0,8000.0,0.0,-0.15362295334771217,-0.29495546998719774,-0.027428687728741883,0.2046151340364097,0.1931856948212753,0.21876969644023975,-0.6649587233906437,-0.6896007371561177,-0.6416824818392213,0.5944533333333334,0.5806481666666667,0.6081603333333333,1.7721359369752463,1.0,1.0
B,logistic,N4,adamw,F1,100,0.0,8000.0,8000.0,0.0,-0.1397143731664804,-0.2809303595210035,-0.0163960315729633,0.2142565768282016,0.2009401788163438,0.22613886940035238,-0.6579223143810329,-0.6829187424430382,-0.6345618771450419,0.5903533333333333,0.5764791666666665,0.6042606666666667,1.7882039165124297,0.955000481504366,1.0
B,logistic,N4,adamw,F2,100,0.0,8000.0,8000.0,0.0,-0.1261103113235543,-0.26392072142067996,-0.005021688672361792,0.22022285489812332,0.21004363035152224,0.23470775269733013,-0.6506533322308401,-0.6750171245509639,-0.6277913949523529,0.5853066666666666,0.5710729999999999,0.599588,1.855404728994472,0.9291276063561439,1.0
B,logistic,N4,adamw,F3,100,0.0,8000.0,8000.0,0.0,-0.15778282585318132,-0.29583695137546173,-0.033845598046602,0.20639045997338756,0.18722977208530028,0.21710705750136278,-0.6695176359177705,-0.6944256551219302,-0.6459750651190497,0.5971066666666667,0.5832318333333334,0.6107938333333334,1.8651870625035372,0.9913982170629071,1.0
B,logistic,N4,adamw,F4,100,0.0,8000.0,8000.0,0.0,-0.14423782049127448,-0.2892240276440844,-0.017702185322800587,0.2124646133514526,0.2024009860886649,0.22544333879672615,-0.6608939860070007,-0.6853895857513926,-0.6378310167190253,0.5923133333333334,0.5783458333333332,0.6060203333333334,3.025048729032278,0.963055121550719,1.0
B,quadratic,N2,adam,F0,100,0.0,8000.0,814.0,1.0,0.0832153369763301,-0.026580584243201578,0.19960130007756754,0.23783390249819802,0.15633680315562914,0.34213728796401455,-0.639406094610091,-0.6437674659471375,-0.6351561645107184,0.25427935983700406,0.244443231854414,0.26419770811858323,0.1965101039968431,1.0,1.0
B,quadratic,N2,adam,F1,100,0.0,8000.0,1334.0,0.98,0.06502413879182825,-0.03473250521894399,0.1659896069874271,0.271266428318784,0.1750797034579899,0.3905137352520608,-0.5831519633708369,-0.5869224322398612,-0.5794609687623834,0.2760668170618826,0.2651017676780691,0.2865284408144763,0.20005795848555863,0.8767539130153729,0.6101949025487257
B,quadratic,N2,adam,F2,100,0.0,8000.0,437.0,1.0,0.103999764060249,-0.039390853954899496,0.2572403069702358,0.173267232341566,0.11396916348317153,0.24519142470876454,-0.7763853663249323,-0.7824307214831285,-0.7704864899773649,0.2323259756882792,0.22297514105596417,0.24186119756229083,0.23734308348502964,1.3726421279088141,1.862700228832952
B,quadratic,N2,adam,F3,100,0.0,8000.0,165.0,1.0,0.33659552973151285,0.14882509454978082,0.5307669732748117,0.12469035310967395,0.08414561997500174,0.1767619767846332,-0.9245107068726989,-0.9326979040087803,-0.9162442604522392,0.26491115397666865,0.2537992550703348,0.27613357345278233,0.2099850829981733,1.9073961743376118,4.933333333333334
B,quadratic,N2,adam,F4,100,0.0,8000.0,1314.0,0.99,0.06667010743873679,-0.03410519923868747,0.1704145062050651,0.26886897350031363,0.1735583342263889,0.3893252985903445,-0.5854947183868524,-0.5893253273874371,-0.5817349468137362,0.2705709979386635,0.25993338255560033,0.2811669574096373,1.6436094584933016,0.8845717652056294,0.619482496194825
B,quadratic,N2,adamw,F0,100,0.0,8000.0,814.0,1.0,0.08321566889100644,-0.02657942302564509,0.19959968612410994,0.237829703579727,0.15633383562670555,0.3421323745268243,-0.6394116802260938,-0.6437731119795558,-0.6351615913369527,0.25427702625806653,0.2444409034354063,0.2641952793408404,0.2074591459822841,1.0,1.0
B,quadratic,N2,adamw,F1,100,0.0,8000.0,1334.0,0.98,0.06502435705757986,-0.034732839775275415,0.16598901407806887,0.271264481221293,0.1750777223217781,0.39051138766473037,-0.5831549990815352,-0.586925462725176,-0.579464033706806,0.27606548150062443,0.26510048535233033,0.2865269904937914,0.2074562289926689,0.8767447271716695,0.6101949025487257
B,quadratic,N2,adamw,F2,100,0.0,8000.0,437.0,1.0,0.10399992753627929,-0.03939034730893485,0.2572406148309505,0.1732667821622686,0.11396895947981305,0.24519102774154086,-0.7763863164064552,-0.782431689148253,-0.7704874541432994,0.23232570646835624,0.2229749109965626,0.24186090651362482,0.24324299950967543,1.3726214604539353,1.862700228832952
B,quadratic,N2,adamw,F3,100,0.0,8000.0,165.0,1.0,0.336595793779942,0.14882492111599252,0.5307672097041204,0.12469012052893028,0.0841457047888318,0.1767617644634727,-0.9245115531932173,-0.9326987290300227,-0.9162451167234896,0.26491090498335756,0.25379899553122487,0.2761333200131907,0.21376225000130944,1.9073660573176394,4.933333333333334
B,quadratic,N2,adamw,F4,100,0.0,8000.0,1314.0,0.99,0.0666702392710199,-0.034104574223808526,0.17041467294818308,0.26886683196025507,0.17355676689632837,0.3893228434787123,-0.5854985221501098,-0.5893291346956855,-0.5817387515251111,0.270569321587427,0.2599318475434049,0.2811651084841899,1.672514833509922,0.8845631937779662,0.619482496194825
B,quadratic,N4,adam,F0,100,0.0,8000.0,8000.0,0.0,0.09933180378431451,-0.30630144454791375,0.5105539973997012,55.03917394355123,40.85626990043426,69.48645885851394,1.6437920847742402,1.6213357516483229,1.6664994018421209,4.118699917145222,3.907602636934137,4.3281903563978155,0.23089560397784226,1.0,1.0
B,quadratic,N4,adam,F1,100,0.0,8000.0,8000.0,0.0,0.16968014619550292,-0.2914003551979311,0.6464469019412299,81.9209051225596,56.702826033964634,109.91428225663716,1.8003043648846162,1.7751343430614568,1.8259294189463247,5.153284328169847,4.852971565463454,5.460758360318297,0.23195631252019666,0.6718574930441582,1.0
B,quadratic,N4,adam,F2,100,0.0,8000.0,8000.0,0.0,0.2236850102089571,-0.29019517239378306,0.754508156325971,114.01537857626279,70.05421775559009,161.7527720551422,1.9150171897950887,1.887346134510273,1.9435860825563123,6.090674192198394,5.7077212424286765,6.503396544399744,0.26472160351113416,0.4827346506308054,1.0
B,quadratic,N4,adam,F3,100,0.0,8000.0,8000.0,0.0,0.09094661116671561,-0.31510650122766365,0.5068321942205364,55.354918570704896,41.23935211105964,69.85908315793658,1.6488871404595296,1.626300103021412,1.6717744449248684,4.154989016257433,3.9430860430598433,4.3660971107992514,0.23488277051365003,0.9942959968995282,1.0
B,quadratic,N4,adam,F4,100,0.0,8000.0,8000.0,0.0,0.18097852969187847,-0.30883368954045715,0.6773255670755268,80.08736269631149,56.022841617078356,108.94376527134301,1.7816396767822096,1.754840539327691,1.8087655867198975,5.123269839033416,4.81627590002087,5.4490087083121,1.6871851044707,0.6872391859407068,1.0
B,quadratic,N4,adamw,F0,100,0.0,8000.0,8000.0,0.0,0.0989105609163537,-0.3064830127207175,0.5099045444190553,55.000222107584264,40.83028904727891,69.44799681228898,1.6435567687268204,1.6211100648902677,1.6662497313284625,4.116645224033521,3.9057699605257774,4.325833300917792,0.23111616598907858,1.0,1.0
B,quadratic,N4,adamw,F1,100,0.0,8000.0,8000.0,0.0,0.16917949442027222,-0.2916447060592833,0.6459476474385205,81.8628726074586,56.66761345065697,109.8338031861099,1.8000941717824768,1.7749342691372285,1.8257043415685357,5.15087316489796,4.850762052126503,5.458084290800833,0.24144933349452913,0.6718579541096282,1.0
B,quadratic,N4,adamw,F2,100,0.0,8000.0,8000.0,0.0,0.22312476401510778,-0.29091849019113497,0.7538512008052123,113.96057636330397,69.99330419106323,161.68302510634172,1.9148220239885907,1.8871685926543542,1.9433831624804134,6.087936756615531,5.705453967535725,6.499944013168232,0.27427993749734014,0.4826249907006848,1.0
B,quadratic,N4,adamw,F3,100,0.0,8000.0,8000.0,0.0,0.09052291147486248,-0.3152857945959285,0.5063320245481917,55.31537798854743,41.207865121620785,69.81940396107095,1.6486537460982662,1.626072314769254,1.6715341728349844,4.152943150706348,3.9412878086617424,4.363709424567183,0.2430098744807765,0.9943025630046599,1.0
B,quadratic,N4,adamw,F4,100,0.0,8000.0,8000.0,0.0,0.18045797507803185,-0.30936055031568693,0.6767290971772716,80.05258033955735,55.96587969486364,108.90329783349354,1.7814366661973973,1.7546440171571958,1.8085416967444254,5.120928033397124,4.814080131649106,5.446283916178487,1.6908342290262226,0.6870512090215078,1.0
