block,model,noise,optimizer,filter,n_seeds,conv100_frac,t_drop100_med,t_eps_med,eps_hit_frac,slope_mean,slope_lo,slope_hi,floor_p50_med,floor_p10_med,floor_p90_med,auc_mean,auc_lo,auc_hi,holdout_mean,holdout_lo,holdout_hi,wall_med,floor_ratio_vs_F0,speedup_vs_F0
A,ar,N1,clipped_sgd,F0,8,1.0,76.0,395.0,1.0,0.3078270518015026,-0.32950088055516413,1.008820535983509,0.0009919040820345745,0.0003395537880059653,0.0023639591030241006,-2.9602016142510905,-2.9734229480555374,-2.9477543272709026,0.9998105920852098,0.9790218281909883,1.0223089367670375,0.3157398334988102,1.0,1.0
A,ar,N1,clipped_sgd,F1,8,1.0,76.5,416.0,1.0,0.39473298536615825,-0.5001969248886471,1.2615172217072121,0.0007688692885494337,0.0002507582829393415,0.0015754892391773832,-3.0952966290040664,-3.1116669654114686,-3.0801809374285933,0.9996157343300296,0.9788467287690747,1.0223571744514217,0.29778991650164244,1.2900815480690135,0.9495192307692307
A,ar,N1,clipped_sgd,F2,8,1.0,73.0,394.5,1.0,0.727003450391191,-0.3357482570529162,1.7114261759931213,0.00033976714659113944,0.00012122704981830542,0.0006933978239033429,-3.4147817124981668,-3.436799046700988,-3.3939094594122596,0.9994978528672425,0.9787182715126509,1.0221028396957825,0.3071586664991628,2.919364311665446,1.0012674271229405
A,ar,N1,clipped_sgd,F4,8,1.0,76.5,451.5,1.0,0.5535161084808923,-0.029573601552800498,1.090720036437536,0.001046871844118774,0.00036179155791219374,0.0023357205014501404,-2.940596872506366,-2.963241469335163,-2.923178339759724,0.9994144841477491,0.9785078755085117,1.0222326302318285,0.49236733349971473,0.9474933227089799,0.8748615725359912
A,ar,N1,clipped_sgd,F7,8,1.0,74.0,360.0,1.0,1.2523675947691113,0.22105669621669596,2.244473391769928,0.00045240159263844153,0.00016781844708902539,0.0010048160974634227,-3.3077035978719596,-3.341165374567246,-3.2834525230663085,0.9993950945793473,0.9786957078981232,1.021924232949136,0.3292071034993569,2.1925300400684096,1.0972222222222223
A,ar,N1,clipped_sgd,FA,8,1.0,76.5,553.5,1.0,0.7265069792978964,0.0071575490279270374,1.4877975907665328,0.0010008155359072218,0.0003394591990507138,0.0022597728498152158,-2.9823163772998234,-3.003036969309951,-2.9625546580785214,0.9995131448637217,0.9785948054810616,1.0223123930517186,0.722019791501225,0.9910958078158038,0.7136404697380307
A,ar,N1,normalized_sgd,F0,8,1.0,37.0,1463.5,0.625,-0.06224873705793232,-0.23309502003043303,0.12749507131044077,0.005561211277466135,0.001775071732462653,0.013147466736692523,-2.2654907425990336,-2.274506353498166,-2.2564014917745334,1.0007066114549945,0.9799462118212845,1.0231233042773136,0.32133985399559606,1.0,1.0
A,ar,N1,normalized_sgd,F1,8,1.0,30.5,3000.0,0.375,0.05566093572545612,-0.21164948774376408,0.4309762126929964,0.0042088918156758795,0.0017262720114329436,0.007826250667537013,-2.3997219209255976,-2.414770940817492,-2.3866808158188224,1.0007069304311733,0.9795326394999649,1.0240372872766097,0.3053851665026741,1.3213005990682836,0.48783333333333334
A,ar,N1,normalized_sgd,F2,8,1.0,30.5,3000.0,0.0,0.13500957425188803,-0.0783412601474049,0.3686594179103037,0.0029195211713269483,0.0017968151953043237,0.004133394380251102,-2.5402149487929053,-2.561640843610169,-2.5199438293280423,1.0001495135587786,0.9791976885413762,1.0229954787478788,0.3226537910013576,1.9048367698387045,0.48783333333333334
A,ar,N1,normalized_sgd,F4,8,1.0,31.5,3000.0,0.25,0.16567681363907177,-0.06547501896692193,0.41905263827672823,0.006053577444732431,0.0022043749525030567,0.013251812557184061,-2.245473137670828,-2.2539979107997508,-2.2358023170063808,1.0011285092048001,0.9791234228386824,1.0254035352056814,0.46162622950214427,0.9186652567409157,0.48783333333333334
A,ar,N1,normalized_sgd,F7,8,1.0,30.5,3000.0,0.25,0.2238524964575134,-0.009179301851318655,0.5358747571987169,0.0035124757857947554,0.0014989321693398075,0.007221176998706919,-2.465618551698786,-2.480622558700141,-2.4487565609385644,1.001147612801411,0.9807944389971762,1.0223897216225606,0.3181139374974009,1.5832739117966104,0.48783333333333334
A,ar,N1,normalized_sgd,FA,8,1.0,31.0,1426.5,0.625,0.10960987464332334,-0.09195871544759704,0.3357152172413085,0.005613817940084797,0.0019721139999580315,0.01253065707721469,-2.2707993651803586,-2.281789690245954,-2.2601596831220587,1.0009370165469322,0.9794434045893272,1.0240269421710313,0.7340392919977603,0.990629075759114,1.025937609533824
A,ar,N1,sgd,F0,8,1.0,76.0,395.0,1.0,0.30782705180150227,-0.32950088055516413,1.008820535983509,0.0009919040820345745,0.0003395537880059653,0.0023639591030241006,-2.960219215402711,-2.9734405264976584,-2.9477648398312746,0.9998105920852098,0.9790218281909883,1.0223089367670375,0.2965187080008036,1.0,1.0
A,ar,N1,sgd,F1,8,1.0,76.5,416.0,1.0,0.39473298536615825,-0.5001969248886471,1.2615172217072121,0.0007688692885494337,0.0002507582829393415,0.0015754892391773832,-3.0952966290040664,-3.1116669654114686,-3.0801809374285933,0.9996157343300296,0.9788467287690747,1.0223571744514217,0.3011916249997739,1.2900815480690135,0.9495192307692307
A,ar,N1,sgd,F2,8,1.0,73.0,394.5,1.0,0.7270034503911901,-0.3357482570529171,1.7114261759931193,0.00033976714659113944,0.00012122704981830542,0.0006933978239033429,-3.4148026530237603,-3.436810331590176,-3.3939224256811,0.9994978528672425,0.9787182715126509,1.0221028396957825,0.31301800049914164,2.919364311665446,1.0012674271229405
A,ar,N1,sgd,F4,8,1.0,76.5,451.5,1.0,0.5535161084808916,-0.02957360155280196,1.0907200364375356,0.001046871844118774,0.00036179155791219374,0.0023357205014501404,-2.9406142740345755,-2.9632562503886444,-2.923181969042876,0.9994144841477491,0.9785078755085117,1.0222326302318285,0.44639893700150424,0.9474933227089799,0.8748615725359912
A,ar,N1,sgd,F7,8,1.0,74.0,360.0,1.0,1.2523675947691113,0.22105669621669596,2.244473391769928,0.00045240159263844153,0.00016781844708902539,0.0010048160974634227,-3.3077059093469794,-3.3411676860422657,-3.283459457491368,0.9993950945793473,0.9786957078981232,1.021924232949136,0.3115750834986102,2.1925300400684096,1.0972222222222223
A,ar,N1,sgd,FA,8,1.0,76.5,553.5,1.0,0.726506979297896,0.007157549027926601,1.487797590766532,0.0010008155359072218,0.0003394591990507138,0.0022597728498152158,-2.982334030499008,-3.0030378599696195,-2.9625727069328316,0.9995131448637217,0.9785948054810616,1.0223123930517186,0.7480646664989763,0.9910958078158038,0.7136404697380307
A,ar,N3,clipped_sgd,F0,8,1.0,82.5,3000.0,0.0,-0.3707856694883265,-0.8282805986584856,0.01921206306255825,0.011573317490323386,0.003487604563773987,0.02827205108709708,-1.9252733917697642,-1.9436398264202701,-1.9077090856106296,1.0018997936519345,0.9814117645258769,1.0243438325563325,0.3193918124961783,1.0,1.0
A,ar,N3,clipped_sgd,F1,8,1.0,164.0,3000.0,0.0,-1.5363188493793607,-4.094471098745496,1.3331464625636442,0.030614710673380237,0.008298726274221943,0.22698701587653286,-1.3388377434423484,-1.402279584493292,-1.2777417582965092,1.0223050148009578,1.0051479231834088,1.0411430561504824,0.30308352050269605,0.37803125477146804,1.0
A,ar,N3,clipped_sgd,F2,8,1.0,126.5,3000.0,0.0,-1.1979721101105678,-4.600401070813151,2.3206172805497505,0.026070187873536623,0.007027531820702341,0.18330543409339356,-1.3329133334879237,-1.422906971041546,-1.2507540554404217,1.0513426979443428,1.0049736947416417,1.1193126538799356,0.31853904200033867,0.44392919400750663,1.0
A,ar,N3,clipped_sgd,F4,8,1.0,74.5,1873.0,1.0,0.05832960611889633,-0.42678004565496314,0.5782652291609351,0.0021484092408972553,0.0007535264064414018,0.005479950031187772,-2.6223389582238754,-2.645542726328772,-2.599723568413059,0.9996920023897754,0.9789966926769624,1.0222930902357152,0.44664041699797963,5.386924087838097,1.601708489054992
A,ar,N3,clipped_sgd,F7,8,1.0,74.0,513.5,1.0,0.951135643027338,-0.0299463185332942,1.908284969867918,0.0009590655606850637,0.00035559726223257087,0.00213820552835731,-2.9629403379090844,-2.9977971503514595,-2.9259363022331155,1.0003401069930358,0.9793412409556989,1.023147875495903,0.30570214600084,12.067285037382144,5.8422590068159685
A,ar,N3,clipped_sgd,FA,8,1.0,74.0,1239.5,0.75,-0.39373721811620954,-1.0818120973858292,0.2635835015012955,0.002280403165348662,0.000842073102539784,0.0057100324657645175,-2.589508268233333,-2.6151594612430418,-2.5626920193403584,0.9999335897308945,0.9792998411475258,1.0222917954315105,0.7526283335027983,5.075119025522789,2.420330778539734
A,ar,N3,normalized_sgd,F0,8,1.0,51.5,3000.0,0.0,-0.21943401731516862,-0.7096833746939947,0.2977690306752249,0.0098870834204322,0.0033122183499703726,0.02423633863947128,-1.985937795086762,-2.0010688212876846,-1.9707935083490848,1.001572029445723,0.9811645415808345,1.0238083938481928,0.3295605209968926,1.0,1.0
A,ar,N3,normalized_sgd,F1,8,1.0,43.5,3000.0,0.0,-1.1114880281748163,-2.390819164633113,0.31111865896779844,0.04286936559624368,0.012195131481972578,0.2444900089923631,-1.2316429306066818,-1.2661166171352485,-1.1943141234792767,1.0118051473543195,0.9917461291083501,1.0322439017250784,0.3418915834990912,0.2306328372934572,1.0
A,ar,N3,normalized_sgd,F2,8,1.0,59.5,3000.0,0.0,-1.1541313023680586,-4.0619243613058575,1.9591795611926923,0.028298485116377538,0.007794503886103385,0.16513082488498174,-1.340603820839491,-1.4039315727563537,-1.2803301451630138,1.0267847839813675,1.0124857706287025,1.044204702054059,0.32981829150230624,0.34938560773735994,1.0
A,ar,N3,normalized_sgd,F4,8,1.0,32.5,3000.0,0.0,-0.10618545848845404,-0.42395167627593766,0.22022656659151324,0.009319707277192963,0.003293826047655579,0.02230245404792342,-2.025123698785735,-2.0330130946618663,-2.0142748046038204,1.0018347765692794,0.9824079430292848,1.022775639047729,0.4524633545006509,1.0608791806828217,1.0
A,ar,N3,normalized_sgd,F7,8,1.0,31.0,3000.0,0.375,0.2884543019796779,-0.14461822070039698,0.7399186925327669,0.004572159776968246,0.0016909312702019373,0.010707512289720889,-2.3424688850593327,-2.3596507023664133,-2.3249975305449793,1.0019253449996626,0.9804244633765861,1.0247620410337497,0.318598686997575,2.162453611143972,1.0
A,ar,N3,normalized_sgd,FA,8,1.0,34.0,3000.0,0.125,-0.10882255519863898,-0.44339623628119385,0.25757024545897195,0.009540824792510744,0.003131002020808356,0.023212212226355545,-2.0184034081923157,-2.0267715230217282,-2.009270024993082,1.0020673509609865,0.9829925576598266,1.022653480462965,0.7483630419992551,1.0362923159634227,1.0
A,ar,N3,sgd,F0,8,1.0,108.5,3000.0,0.0,-1.2433102614758262,-4.563203837026788,1.992894751662913,0.04205765594526983,0.009040867795222797,0.3795082271416337,-1.1210658146714951,-1.1892870696663562,-1.0570408469528174,1.060341221356186,1.0167708176707047,1.110209322371899,0.29882031249871943,1.0,1.0
A,ar,N3,sgd,F1,8,1.0,161.5,3000.0,0.0,-1.3057574040274207,-4.836501937155957,2.1508307886458016,0.04123509742327774,0.00880357865849683,0.33864080777522226,-1.151545197580862,-1.2295120724898507,-1.0794723573109006,1.0661793261781456,1.0265688571986504,1.1236018105580692,0.29829337499904796,1.019948019366816,1.0
A,ar,N3,sgd,F2,8,1.0,127.0,3000.0,0.0,-1.1547738438625335,-4.965710706038408,2.482332125705976,0.028675208611480367,0.007030048326886813,0.18556496720159033,-1.279026929344436,-1.3780857420150212,-1.1874996630416013,1.0732414774557484,1.0050046278505818,1.1848402436574241,0.2994626874969981,1.4666904961392917,1.0
A,ar,N3,sgd,F4,8,1.0,74.5,1873.0,1.0,0.058329606118914745,-0.4267800456549444,0.5782652291609419,0.0021484092408972553,0.0007535264064414018,0.005479950031187772,-2.6223948787048688,-2.6456067912329746,-2.5997995267468177,0.9996920023897754,0.9789966926769624,1.0222930902357152,0.467272124496958,19.576184622863096,1.601708489054992
A,ar,N3,sgd,F7,8,1.0,74.0,513.5,1.0,0.9510850241723497,-0.029996887635072453,1.9082342527501013,0.0009590655607004705,0.00035559726225341715,0.002138205528359145,-2.9621936029706926,-2.9969864270662057,-2.9252063243787747,1.0003401069935478,0.979341240956211,1.0231478754964023,0.31781902099828585,43.852743408440475,5.8422590068159685
A,ar,N3,sgd,FA,8,1.0,74.0,1239.5,0.75,-0.393737218116179,-1.0818120973857985,0.26358350150135,0.002280403165348662,0.000842073102539784,0.0057100324657645175,-2.5895833058741413,-2.615212295101747,-2.5627366212137246,0.9999335897308945,0.9792998411475258,1.0222917954315105,0.7081171250029001,18.443079094235262,2.420330778539734
A,ar,N4,clipped_sgd,F0,8,0.0,3000.0,3000.0,0.0,1.3276457177294472,-3.333926017236316,6.617445950269387,8.132989414140923,4.135514061939959,31.64828877919404,0.920425572094592,0.7197464318368516,1.1463853120779075,26.814574170453135,5.56843906284609,64.45894600767389,0.3551257085018733,1.0,1.0
A,ar,N4,clipped_sgd,F1,8,0.0,3000.0,3000.0,0.0,1.315054205139197,-3.322722374832493,6.493647998349226,9.191674491591064,4.290824558616681,31.76586602899652,0.9480950140421907,0.7570796761571965,1.1654168940418732,27.22334547001219,5.654001872692022,65.5525311402765,0.33475199999884353,0.8848213044947717,1.0
A,ar,N4,clipped_sgd,F2,8,0.0,3000.0,3000.0,0.0,1.2167358583607424,-3.522277907417895,6.496288151547351,9.227732261179792,4.745597801682967,34.74856722446957,0.9696523752139417,0.7733822903818637,1.1895267704676598,28.539057091917062,6.279205273417934,67.64932070618818,0.352872979001404,0.8813638263385306,1.0
A,ar,N4,clipped_sgd,F4,8,0.0,3000.0,3000.0,0.0,1.330882349939934,-3.398416026444739,6.668973822695476,7.8808790623604805,4.19613676431407,32.025223984136545,0.9179033374291066,0.7170878229786443,1.1440559150091196,26.983902572551756,5.460587859798494,65.02427589260958,0.5001803960039979,1.0319901307691086,1.0
A,ar,N4,clipped_sgd,F7,8,0.0,3000.0,3000.0,0.0,1.3416079049386478,-3.372230380968427,6.674109095441504,7.970524420016151,4.2099652478812715,30.897212535750377,0.916888721670011,0.7150443354278315,1.1433426248605072,27.16181797475768,5.64937410787201,65.15831855497372,0.3253012500026671,1.0203832251886436,1.0
A,ar,N4,clipped_sgd,FA,8,0.0,3000.0,3000.0,0.0,1.325646839818051,-3.3924077365133107,6.641776030052329,7.777050809314558,4.179009116541811,32.02656397309217,0.9143054316197404,0.7116896681713516,1.1425183794714295,27.015459204143262,5.459781428508969,65.07392884168787,0.7248296875004598,1.0457678127035068,1.0
A,ar,N4,normalized_sgd,F0,8,0.0,3000.0,3000.0,0.0,1.1492363493748243,-3.4406725429548293,6.387763335069264,7.32574114882542,3.889129170408088,28.25329132218056,0.8692720608075633,0.6711321188054077,1.0957120985434243,17.152140276321255,4.034888337733033,40.17245103418322,0.3244271874973492,1.0,1.0
A,ar,N4,normalized_sgd,F1,8,0.0,3000.0,3000.0,0.0,1.1353821962383053,-3.4297944088248378,6.286762676860352,8.042257036728923,3.9977675039998894,27.71532481600337,0.8932720904677228,0.706292401398365,1.107111844101633,17.31908930323613,4.089835071438108,40.66335934590184,0.32582514549721964,0.9109061194349819,1.0
A,ar,N4,normalized_sgd,F2,8,0.0,3000.0,3000.0,0.0,1.0842563695698935,-3.524625664117549,6.288554493579953,8.442807292546124,4.363542231673788,27.549615556937614,0.9197403261505384,0.7315342488732632,1.1339150908745133,17.813921973274123,4.416137322307342,41.43636076160877,0.3191000625010929,0.8676902000704286,1.0
A,ar,N4,normalized_sgd,F4,8,0.0,3000.0,3000.0,0.0,1.1859828871109785,-3.4219009332194115,6.451928205241096,7.270559752502404,3.948147347662929,27.836660401831146,0.8689679271638291,0.6721837149063721,1.0939146719500685,17.191388078803502,3.9853887686489626,40.26167878218925,0.5166799374965194,1.0075897039844868,1.0
A,ar,N4,normalized_sgd,F7,8,0.0,3000.0,3000.0,0.0,1.2018690306124498,-3.401162511579651,6.441155117991747,7.3823550996356095,4.000269415188075,27.64945610360666,0.8664731980341587,0.6690406528897601,1.0912810115580966,17.305216897408194,4.1580056810690005,40.563991776316925,0.3497964790003607,0.9923311802201192,1.0
A,ar,N4,normalized_sgd,FA,8,0.0,3000.0,3000.0,0.0,1.161110105767182,-3.4620725445037106,6.4352583486701525,7.112292060057582,3.97255244243967,27.763561569907488,0.8671641614096617,0.6694236418031503,1.092901099224494,17.213891890528352,3.9893085336535608,40.31641605672551,0.7470366454981558,1.0300112941039867,1.0
A,ar,N4,sgd,F0,8,0.0,3000.0,3000.0,0.0,3.087023148249919,-1.3128980594324244,8.249900250908446,18.414836612890447,5.197759672311549,104.04450578328809,1.1099869477011564,0.8807985982050431,1.3525845385131252,5718.076622713986,16.32667307800746,17065.23274038391,0.33080208300089,1.0,1.0
A,ar,N4,sgd,F1,8,0.0,3000.0,3000.0,0.0,3.0402350799930637,-1.3169247814159062,8.125143116167413,18.492434487362424,5.084812832217251,105.09023408129056,1.1071275503943616,0.8783162178046439,1.3510847654821216,6186.601411053977,17.025017187835,18469.07411548847,0.32019127100284095,0.995803804278717,1.0
A,ar,N4,sgd,F2,8,0.0,3000.0,3000.0,0.0,2.8395362756900044,-1.5212648853338366,7.9799762208919764,17.452805719199574,4.761171477270312,102.39741827967205,1.0920212422011297,0.8588603920440038,1.3400600873994268,6458.38743980829,20.392563802685633,19276.26668067227,0.30971612550274585,1.0551218474077526,1.0
A,ar,N4,sgd,F4,8,0.0,3000.0,3000.0,0.0,2.929836427844939,-1.4123882596157726,8.026128878818628,17.99163483772734,4.785859954359816,78.24409193006274,1.060252866389349,0.8251562664181925,1.3101789807332498,4894.442137770504,15.810200705104076,14595.131880188483,0.49185962499905145,1.0235221412050717,1.0
A,ar,N4,sgd,F7,8,0.0,3000.0,3000.0,0.0,2.9716651830118836,-1.430692112512172,8.101177040955317,17.869911993000972,4.722849433506135,84.5866526346284,1.0667503984981812,0.831957502994197,1.3174150411957264,4981.574984432786,15.756941854033482,14857.089285813234,0.33296997899742564,1.0304939733392589,1.0
A,ar,N4,sgd,FA,8,0.0,3000.0,3000.0,0.0,2.8598173158070863,-1.4560236769430261,7.905855271522601,17.911018535058915,4.746811619816802,71.62824694368892,1.0469891207916588,0.8122350827983413,1.2987116982794515,4417.07199936636,15.425305609287559,13164.03293033414,0.7261480204979307,1.0281289462598322,1.0
A,logistic,N1,clipped_sgd,F0,8,1.0,1042.5,1678.0,1.0,-1.0470706067787083,-1.4284690643470623,-0.6738993129091204,0.00026954894188925473,0.00021201726587334642,0.0003362164125758502,-2.977169575037502,-2.991094382722326,-2.9627482024767398,0.8743333333333334,0.8689166666666667,0.88025,0.7493493334986852,1.0,1.0
A,logistic,N1,clipped_sgd,F1,8,1.0,1051.0,1685.0,1.0,-1.0386192191043109,-1.42453722613671,-0.6662641909137434,0.00026765478873218615,0.0002097002207969784,0.00033506812747132906,-2.9784849081708185,-2.992130674236827,-2.9638942556747576,0.8743333333333334,0.8689166666666667,0.88025,0.7688269579994085,1.0070768513653006,0.9958456973293769
A,logistic,N1,clipped_sgd,F2,8,1.0,1024.0,1663.0,1.0,-1.0500819327819737,-1.4473553174526674,-0.6832942395136342,0.0002611510628206789,0.00020803383621184246,0.00032298992037589223,-2.98515166900661,-2.999483875855166,-2.969990419064265,0.8745,0.8694166666666667,0.87991875,0.7322225625030114,1.0321571697923446,1.0090198436560434
A,logistic,N1,clipped_sgd,F4,8,1.0,1064.5,1749.0,1.0,-1.2322020638538047,-1.5289167654433362,-0.9114108073206558,0.0002928521908897038,0.0002365080542877951,0.0003835698974344044,-2.9471126994074837,-2.965027771517702,-2.928566843243956,0.87375,0.8684145833333333,0.8795,1.2319877500049188,0.9204265847229884,0.9594053744997141
A,logistic,N1,clipped_sgd,F7,8,1.0,1038.5,1746.5,1.0,-1.2819059220796323,-1.6265629820961653,-0.9372442690555995,0.0002782277886575383,0.00022643213771036085,0.0003333890766169229,-2.9647876665545954,-2.9831606749019395,-2.944480841711752,0.8735833333333334,0.8685,0.8792500000000001,1.4732618335001462,0.9688066860245722,0.9607787002576582
A,logistic,N1,clipped_sgd,FA,8,1.0,1028.5,1706.0,1.0,-1.195814875475555,-1.4578014664361914,-0.9499634877917461,0.0002992952987707549,0.00022895095583124164,0.00038003607251404505,-2.9613472262335714,-2.9820053653684897,-2.9401921268571787,0.87375,0.86925,0.8788333333333334,3.5910736244986765,0.9006120142759596,0.9835873388042204
A,logistic,N1,normalized_sgd,F0,8,1.0,432.0,754.5,1.0,0.2519173236637441,-0.6123512824541462,0.9934486587512145,0.00040091566900065875,0.00026577096299621654,0.0006381991208788916,-3.1526706106608815,-3.170572939036295,-3.1344305175187865,0.8741666666666668,0.8689166666666667,0.8796708333333334,1.1188866664997477,1.0,1.0
A,logistic,N1,normalized_sgd,F1,8,1.0,297.0,676.5,1.0,0.18110889061469604,-0.6624699347522603,0.9081749944674999,0.0006813107714603766,0.00041341577038315135,0.0010926278572007818,-3.0518801331361645,-3.0704573022232693,-3.031991296268852,0.87425,0.86908125,0.8798333333333334,1.0884397080008057,0.5884475716438531,1.1152993348115299
A,logistic,N1,normalized_sgd,F2,8,1.0,272.0,512.0,1.0,0.352194148353442,-0.6186818890737872,1.2231728147015721,0.0006018653084708665,0.00037455236742545795,0.0009928986908777472,-3.096951699779566,-3.114551183964495,-3.077841052794776,0.8740000000000001,0.8694979166666666,0.8789187500000001,1.161133104502369,0.666121910264687,1.4736328125
A,logistic,N1,normalized_sgd,F4,8,1.0,324.0,751.0,1.0,0.1437978097664597,-0.5501897470655553,0.832575951090377,0.0007237361962792333,0.00048808150546489256,0.0012977024605404074,-2.997045124057678,-3.0129391009271247,-2.9781582529013044,0.8734999999999999,0.8685,0.8784166666666666,1.9976031879996299,0.5539527676821855,1.0046604527296938
A,logistic,N1,normalized_sgd,F7,8,1.0,319.0,652.5,1.0,0.3173589458009608,-0.3001420295422924,0.9432761997015869,0.0006041353459429212,0.00039295328412738506,0.0009818869078537247,-3.0831936838910705,-3.0987941440927296,-3.065331030130923,0.8731666666666666,0.86825,0.8784166666666667,1.0549733959996956,0.6636189583890648,1.1563218390804597
A,logistic,N1,normalized_sgd,FA,8,1.0,339.5,635.5,1.0,0.10534478415117922,-0.47248831524810686,0.6449428616297248,0.000682226297607697,0.0004411672781435207,0.0011792963782998257,-3.0335650992156014,-3.054876966693172,-3.0128730766812843,0.8745833333333333,0.86975,0.8797520833333333,2.9550970409982256,0.5876578935853315,1.1872541306058222
A,logistic,N1,sgd,F0,8,1.0,1042.5,1678.0,1.0,-1.0470706067787083,-1.4284690643470623,-0.6738993129091204,0.00026954894188925473,0.00021201726587334642,0.0003362164125758502,-2.977169575037502,-2.991094382722326,-2.9627482024767398,0.8743333333333334,0.8689166666666667,0.88025,0.7251893750035379,1.0,1.0
A,logistic,N1,sgd,F1,8,1.0,1051.0,1685.0,1.0,-1.0386192191043109,-1.42453722613671,-0.6662641909137434,0.00026765478873218615,0.0002097002207969784,0.00033506812747132906,-2.9784849081708185,-2.992130674236827,-2.9638942556747576,0.8743333333333334,0.8689166666666667,0.88025,0.7882730210003501,1.0070768513653006,0.9958456973293769
A,logistic,N1,sgd,F2,8,1.0,1024.0,1663.0,1.0,-1.0500819327819737,-1.4473553174526674,-0.6832942395136342,0.0002611510628206789,0.00020803383621184246,0.00032298992037589223,-2.98515166900661,-2.999483875855166,-2.969990419064265,0.8745,0.8694166666666667,0.87991875,0.7549934790004045,1.0321571697923446,1.0090198436560434
A,logistic,N1,sgd,F4,8,1.0,1064.5,1749.0,1.0,-1.2322020638538047,-1.5289167654433362,-0.9114108073206558,0.0002928521908897038,0.0002365080542877951,0.0003835698974344044,-2.9471126994074837,-2.965027771517702,-2.928566843243956,0.87375,0.8684145833333333,0.8795,1.216033687502204,0.9204265847229884,0.9594053744997141
A,logistic,N1,sgd,F7,8,1.0,1038.5,1746.5,1.0,-1.2819059220796323,-1.6265629820961653,-0.9372442690555995,0.0002782277886575383,0.00022643213771036085,0.0003333890766169229,-2.9647876665545954,-2.9831606749019395,-2.944480841711752,0.8735833333333334,0.8685,0.8792500000000001,0.811700396501692,0.9688066860245722,0.9607787002576582
A,logistic,N1,sgd,FA,8,1.0,1028.5,1706.0,1.0,-1.195814875475555,-1.4578014664361914,-0.9499634877917461,0.0002992952987707549,0.00022895095583124164,0.00038003607251404505,-2.9613472262335714,-2.9820053653684897,-2.9401921268571787,0.87375,0.86925,0.8788333333333334,2.064375707999716,0.9006120142759596,0.9835873388042204
A,logistic,N3,clipped_sgd,F0,8,0.875,1897.5,3000.0,0.0,0.14132751545608707,-0.7385945449651308,0.8265141054294507,0.002038485438426139,0.0014044478964094624,0.0025566470709044832,-2.457644924257945,-2.4763410579806697,-2.435240597053424,0.8703333333333333,0.8661666666666668,0.8747499999999999,0.9250925209998968,1.0,1.0
A,logistic,N3,clipped_sgd,F1,8,0.0,3000.0,3000.0,0.0,0.28533443967997496,-0.9429729521265159,1.418523007132984,0.013998535707696718,0.008908093914405937,0.020709815746211356,-1.7836933383848241,-1.8454542598459422,-1.7263390542030068,0.8370833333333334,0.8225791666666665,0.8500854166666666,0.9925107914968976,0.14562133361601048,1.0
A,logistic,N3,clipped_sgd,F2,8,0.0,3000.0,3000.0,0.0,0.9850093960138635,-0.907592328975909,2.7036998787899384,0.035714689758027884,0.02406958099366429,0.058178064806555005,-1.4294065397793707,-1.5737211231556136,-1.2798946616692701,0.7924166666666668,0.7669979166666667,0.8166666666666667,1.0072709795022092,0.05707694655160576,1.0
A,logistic,N3,clipped_sgd,F4,8,1.0,1123.5,1965.5,1.0,-0.2807982636428118,-1.3333323068457008,0.6237189151852663,0.0004950596273440888,0.00033960748066312455,0.0006296300935359517,-2.8439803440984313,-2.86354522745249,-2.821454927017547,0.8725,0.8675,0.8778333333333334,1.4956732294995163,4.117656390932682,1.5263291783261257
A,logistic,N3,clipped_sgd,F7,8,1.0,1170.0,2165.0,0.875,0.17758000285823544,-0.6251202110738135,0.9182863207677439,0.0004987603244048848,0.00037611200488142557,0.0006849411282488696,-2.8354454319124156,-2.8620227021674833,-2.8079809035773438,0.8729166666666666,0.8674166666666666,0.8785000000000001,1.0098150625017297,4.087104243623301,1.3856812933025404
A,logistic,N3,clipped_sgd,FA,8,1.0,1105.0,2058.5,1.0,-0.13651552980744663,-1.1873856882584934,0.8008379950344977,0.0005151261692679226,0.00035442977374699846,0.000687409274642829,-2.8244490248645393,-2.841357202341913,-2.80687984414655,0.8726666666666667,0.8678333333333333,0.8777520833333333,2.506523437496071,3.9572546689351,1.4573718727228564
A,logistic,N3,normalized_sgd,F0,8,1.0,1335.5,3000.0,0.25,0.3318127394943552,-0.7320496333066414,1.2498056535668294,0.0014006513233290525,0.0009951019859197245,0.0019527274548147605,-2.604751222246667,-2.6216651951418077,-2.5889135075988454,0.8710833333333333,0.8674166666666667,0.8754166666666666,0.9061536039989733,1.0,1.0
A,logistic,N3,normalized_sgd,F1,8,0.0,3000.0,3000.0,0.0,0.05815866910838946,-0.9572701680292284,0.8523407845668197,0.00840761427251227,0.005317224487272587,0.014321830212659875,-1.9622541381763194,-2.001093577858931,-1.923562409508281,0.8473333333333333,0.83608125,0.8573333333333333,1.027759396001784,0.1665931949219318,1.0
A,logistic,N3,normalized_sgd,F2,8,0.0,3000.0,3000.0,0.0,0.09923168426175022,-1.5553883873986352,1.5741285896302737,0.02836403896047518,0.015657518048529624,0.04352919997632238,-1.5318538210388724,-1.6360029771315918,-1.419904078864185,0.81175,0.7919166666666667,0.8313333333333333,0.9813838744994428,0.04938123675830643,1.0
A,logistic,N3,normalized_sgd,F4,8,1.0,423.0,1105.5,0.875,0.45821600758987036,-0.6896518674322605,1.5990532678459988,0.0012202397032076199,0.000712223531168654,0.0019214157227785626,-2.8121004919666728,-2.829521121223364,-2.7955995564943215,0.8733333333333333,0.8675833333333334,0.8791666666666667,1.5416028540021216,1.147849328002677,2.7137042062415198
A,logistic,N3,normalized_sgd,F7,8,1.0,390.0,1242.0,1.0,1.0351848987797059,-0.17763566604388256,2.255110276909726,0.0013298152264587817,0.0008251518212850722,0.0019237366435987352,-2.8453306952624033,-2.86809659279414,-2.825508555129122,0.8680000000000001,0.86258125,0.8741708333333335,0.9007276880001882,1.0532676235471472,2.4154589371980677
A,logistic,N3,normalized_sgd,FA,8,1.0,543.0,1230.5,1.0,0.5037004789043527,-0.536639200559014,1.493821671052518,0.0012417205245574118,0.0007808270802666245,0.00188957323167104,-2.794649767118736,-2.8106202414809314,-2.7777574885525627,0.8725833333333333,0.8660833333333333,0.8790833333333333,2.34012716649886,1.1279924070098533,2.438033319788704
A,logistic,N3,sgd,F0,8,0.0,3000.0,3000.0,0.0,1.4906357810854998,0.35096805569855116,2.482351830673598,0.06577069148231762,0.04861238716870757,0.07704685480077966,-1.1939751127213372,-1.4283481663256385,-0.9454698788827987,0.68975,0.6061666666666667,0.7654229166666666,1.0159918329991342,1.0,1.0
A,logistic,N3,sgd,F1,8,0.0,3000.0,3000.0,0.0,1.4995328221509756,0.347009685234995,2.541275258971103,0.06598211824816205,0.04924091280880584,0.07692765370927687,-1.196761733378743,-1.4317906414528718,-0.9474477285284827,0.6895833333333334,0.6064041666666667,0.7649208333333334,0.9605931254955067,0.9967956959937351,1.0
A,logistic,N3,sgd,F2,8,0.0,3000.0,3000.0,0.0,1.5561286391488203,0.29320474253130696,2.744125409010036,0.06631513083836339,0.05117279289767526,0.0757222385137234,-1.206624673415727,-1.4466979886015892,-0.9551501569497718,0.6950833333333333,0.6163125,0.7674166666666666,0.9691038330020092,0.9917901186476916,1.0
A,logistic,N3,sgd,F4,8,1.0,1118.0,1965.5,1.0,-0.2812614293143044,-1.333529644736079,0.6231475566631027,0.0004953074905517638,0.00033985313869210743,0.0006297596488136817,-2.8435495844875973,-2.8632451588655616,-2.8212542590801406,0.8725,0.8675,0.8778333333333334,1.596642520999012,132.78759707237668,1.5263291783261257
A,logistic,N3,sgd,F7,8,1.0,1170.0,2165.0,0.875,0.17741607389420133,-0.6252504824997474,0.9182803137552722,0.0004985111676862374,0.00037597982623671725,0.0006846620087711903,-2.8351334732724798,-2.8617986363887176,-2.8076530318601556,0.8729166666666666,0.8674166666666666,0.8785000000000001,0.9757383334981569,131.93423888091039,1.3856812933025404
A,logistic,N3,sgd,FA,8,1.0,1124.0,2058.5,1.0,-0.13708070357265478,-1.1882325931412239,0.7998021778541495,0.0005154139624253084,0.00035463390959840834,0.0006877044036361602,-2.823796009898974,-2.8407843558313735,-2.8065392216565828,0.8726666666666667,0.8678333333333333,0.8777520833333333,2.643969353997818,127.60750828873563,1.4573718727228564
A,logistic,N4,clipped_sgd,F0,8,0.0,3000.0,3000.0,0.0,-0.02833848729916729,-0.20965571694391927,0.1456957245075054,0.3289498566388862,0.31993110378499445,0.34020629255718005,-0.542486360304437,-0.6143197760449088,-0.4936720754834661,0.499,0.45083125,0.5551854166666665,0.9056067914971209,1.0,1.0
A,logistic,N4,clipped_sgd,F1,8,0.0,3000.0,3000.0,0.0,-0.027785453714790964,-0.21238901185241407,0.14782187605032215,0.32910085793448396,0.3185380231360085,0.3392941512714721,-0.5420541460148669,-0.6147550605423037,-0.49309839126149574,0.5005,0.45224375,0.5573333333333332,0.8035906874974899,0.9995411701551146,1.0
A,logistic,N4,clipped_sgd,F2,8,0.0,3000.0,3000.0,0.0,-0.023041465549408894,-0.20491546994088367,0.15612832406367014,0.32886349060820386,0.31838474253027527,0.3390048181099306,-0.5421571017477346,-0.6149379764050753,-0.49313147195273144,0.5000833333333333,0.45141250000000005,0.5571791666666666,0.7913773335021688,1.0002626196982907,1.0
A,logistic,N4,clipped_sgd,F4,8,0.0,3000.0,3000.0,0.0,-0.028910955350540238,-0.2088331964693357,0.14430857429603025,0.3286010322863335,0.3192090156647451,0.3397375951906475,-0.5434342481561049,-0.615049815267051,-0.4947458195552946,0.501,0.4539958333333333,0.5566708333333333,1.2916420834990276,1.0010615436906136,1.0
A,logistic,N4,clipped_sgd,F7,8,0.0,3000.0,3000.0,0.0,-0.031008016796207967,-0.21276652138157656,0.14106254583735933,0.3282677308267513,0.3189224028170998,0.3394604732158152,-0.543063659478424,-0.6150750883661869,-0.4941848544318801,0.5006666666666666,0.4531625,0.5570020833333332,0.8794582920018001,1.0020779557296629,1.0
A,logistic,N4,clipped_sgd,FA,8,0.0,3000.0,3000.0,0.0,-0.028837861656455303,-0.20775896993460494,0.14541553435635907,0.3285725408578265,0.3193861968930958,0.3399725121081296,-0.5436110398403015,-0.6149973876528662,-0.4949928832605846,0.50075,0.45341458333333334,0.5564208333333334,2.4113655205001123,1.0011483484897266,1.0
A,logistic,N4,normalized_sgd,F0,8,0.0,3000.0,3000.0,0.0,-0.02810919556286926,-0.21094961573061516,0.1450681686113543,0.3287890789998379,0.3197736682030944,0.34021188101308986,-0.5447362547169381,-0.6166780029381039,-0.49588194613935294,0.49924999999999997,0.4509979166666666,0.5554291666666666,0.9054477290010254,1.0,1.0
A,logistic,N4,normalized_sgd,F1,8,0.0,3000.0,3000.0,0.0,-0.027186802834006853,-0.21224617940433263,0.1494861187072467,0.3289963774851647,0.31843426324348734,0.3392309829886423,-0.5441668122998732,-0.6167917978486112,-0.4951388580704962,0.5005,0.45224375,0.5573333333333332,0.9894578540042858,0.9993699064806993,1.0
A,logistic,N4,normalized_sgd,F2,8,0.0,3000.0,3000.0,0.0,-0.022475083649974924,-0.2046264461035506,0.15602870093265445,0.32876964212895354,0.3183057021524628,0.33891482262184514,-0.5441169943244646,-0.6168603584049351,-0.49507719964295993,0.5003333333333333,0.45158333333333334,0.5574291666666666,0.994286937002471,1.0000591200293265,1.0
A,logistic,N4,normalized_sgd,F4,8,0.0,3000.0,3000.0,0.0,-0.02839937942985761,-0.20949560044520898,0.14435165073796327,0.32851574502884023,0.31908247205094475,0.33970766368553007,-0.5455073784530543,-0.6172125789146086,-0.49679451221143633,0.5010833333333333,0.45407708333333335,0.5567520833333334,1.5427450629977102,1.0008320270036788,1.0
A,logistic,N4,normalized_sgd,F7,8,0.0,3000.0,3000.0,0.0,-0.030492198600187474,-0.21314151271702175,0.14227290006278168,0.32818252016450156,0.31879151898537034,0.33943391223957453,-0.5451310496770163,-0.6172289481769041,-0.4962074780563857,0.5006666666666666,0.4531625,0.5570020833333332,0.9161753750013304,1.001848236265089,1.0
A,logistic,N4,normalized_sgd,FA,8,0.0,3000.0,3000.0,0.0,-0.028400092583925313,-0.20873957625263329,0.14537998662337698,0.32849686679877343,0.3192636137016243,0.3399423949189372,-0.5456591101207784,-0.6171323552755508,-0.4970155183946815,0.50075,0.45349791666666667,0.5563333333333333,2.574933896499715,1.000889543343022,1.0
A,logistic,N4,sgd,F0,8,0.0,3000.0,3000.0,0.0,-0.0240454518449884,-0.2070729262609913,0.1588563512235937,0.3356335730032406,0.3277208485061124,0.34326099131848775,-0.5189729564256916,-0.592710671246394,-0.4702026303582241,0.48241666666666666,0.4329083333333333,0.5400833333333334,0.8405490214972815,1.0,1.0
A,logistic,N4,sgd,F1,8,0.0,3000.0,3000.0,0.0,-0.02064495355871298,-0.2057330494639181,0.16448033446692795,0.3356084035619503,0.3278850494749002,0.3431261081584105,-0.519854540002207,-0.5932993247994451,-0.47145226643512067,0.4825,0.4330791666666667,0.5400833333333334,0.9102576455006783,1.0000749964572495,1.0
A,logistic,N4,sgd,F2,8,0.0,3000.0,3000.0,0.0,-0.011132017857719265,-0.20213001543468298,0.17992241246510696,0.33658281463898065,0.3284511569545904,0.34239221297696626,-0.5218872734136804,-0.5946564301099515,-0.4742511718071605,0.4830833333333333,0.43374583333333333,0.5405145833333332,0.824375541498739,0.9971797679665902,1.0
A,logistic,N4,sgd,F4,8,0.0,3000.0,3000.0,0.0,-0.016949238970115625,-0.2037360759341837,0.16989011980178867,0.3353422662136709,0.32727940714220183,0.3425056172041541,-0.5217270595306511,-0.5943860211586223,-0.4735080917897294,0.4840833333333333,0.43424375,0.5413458333333333,1.4201961035032582,1.0008686849792565,1.0
A,logistic,N4,sgd,F7,8,0.0,3000.0,3000.0,0.0,-0.018842373685996547,-0.20311079319387915,0.16551359549717987,0.3351254153660362,0.3276309355477053,0.34294933195429556,-0.520712331134947,-0.5936702688019748,-0.47221947429837846,0.48375000000000007,0.4340791666666667,0.5414249999999999,0.9504536460008239,1.0015163207978404,1.0
A,logistic,N4,sgd,FA,8,0.0,3000.0,3000.0,0.0,-0.013427017819446142,-0.1972608737404645,0.17343975416145882,0.3355638715851482,0.3273288379408527,0.34235916169492947,-0.5224043729275337,-0.5945636994384662,-0.47434869863533785,0.485,0.4351625,0.5427520833333334,2.567033083498245,1.0002077143101344,1.0
A,mlp,N1,clipped_sgd,F0,8,0.0,2500.0,0.0,1.0,-5.170457096878437,-5.933291806978442,-4.453306483994969,0.003210209381995458,0.002144333760681332,0.004955447113660754,-2.2210272586004804,-2.37787107157221,-2.093299892911893,0.8395312500000001,0.79140234375,0.88015625,1.4645156459991995,1.0,
A,mlp,N1,clipped_sgd,F1,8,0.0,2500.0,0.0,1.0,-5.150561361726524,-5.903504790331538,-4.389275123977729,0.0034789133557581505,0.0022855661373825265,0.005346836381496044,-2.220265489382978,-2.3784666691424396,-2.0937037846292963,0.8403125,0.7923398437499999,0.8809414062500001,1.4916930414983653,0.9227620965845715,
A,mlp,N1,clipped_sgd,F2,8,0.0,2500.0,0.0,1.0,-5.039531326100539,-5.90302079301797,-4.126090913572521,0.003357330581452045,0.002148635520324072,0.005626157232604414,-2.213795154249477,-2.3784762615598782,-2.0863166323061004,0.84,0.7912421875,0.88032421875,1.4963863965022028,0.9561791143626504,
A,mlp,N1,clipped_sgd,F4,8,0.0,2500.0,0.0,1.0,-4.924781122042901,-5.485148145332234,-4.408602177257288,0.003702343390476416,0.0024840799722970126,0.005968535387368375,-2.198945299765722,-2.350209159150438,-2.074383450957162,0.8404687499999999,0.7918671875,0.88046875,3.0796853749961883,0.8670749964071728,
A,mlp,N1,clipped_sgd,F7,8,0.0,2500.0,0.0,1.0,-5.041568127955521,-5.637815066249589,-4.432620119695958,0.003644266140675549,0.0023709135758594258,0.005908190535983717,-2.2086227360053257,-2.3604469622247755,-2.082621747868304,0.8396874999999999,0.7909375,0.87984765625,1.4391140420011652,0.8808932328417627,
A,mlp,N1,clipped_sgd,FA,8,0.0,2500.0,0.0,1.0,-5.138003283529658,-5.743818572578105,-4.594680650711812,0.0026640366775401362,0.0018532514629038819,0.004544435789452475,-2.200961639630351,-2.353151606025022,-2.0775728667540414,0.8375,0.78640625,0.87984765625,5.763584479005658,1.2050169613128734,
A,mlp,N1,normalized_sgd,F0,8,0.0,2500.0,0.0,1.0,-2.8181999978834877,-4.266808868547181,-1.2823941069503755,0.0009262984403342983,0.0007945577038088096,0.0012140996794215598,-2.4211230852233885,-2.5220669681896744,-2.3246310366397296,0.84265625,0.79577734375,0.88109765625,1.4696082290029153,1.0,
A,mlp,N1,normalized_sgd,F1,8,0.0,2500.0,0.0,1.0,-1.0653232117697085,-1.3887339594400634,-0.7402235809970569,0.0014139218942475864,0.0011687914778906886,0.0018142296176877279,-2.5872968112829273,-2.637233108414969,-2.542235404688777,0.8990625,0.87671484375,0.92125390625,1.5111398965018452,0.6551270222937066,
A,mlp,N1,normalized_sgd,F2,8,0.0,2500.0,0.0,1.0,0.14397380835085616,-0.10274672169663321,0.4055355956136904,0.0012514759107103187,0.0009056231137383452,0.0017407088368033166,-2.6997546866893476,-2.732728413313882,-2.6710160368906193,0.90109375,0.8776562499999999,0.9237539062500001,1.4894765420031035,0.7401648185209937,
A,mlp,N1,normalized_sgd,F4,8,0.0,2500.0,0.0,1.0,-0.547898831433862,-0.9151545502706723,-0.22419298485462225,0.0020239734381755957,0.0017273394494143194,0.002459742036081537,-2.5230604932303073,-2.584792387748121,-2.4667871091947298,0.8828125,0.8596835937499999,0.90671875,3.0330947500042384,0.4576633382942324,
A,mlp,N1,normalized_sgd,F7,8,0.0,2500.0,0.0,1.0,-0.8432662335946077,-1.1880116495631305,-0.4969121351901564,0.00149382185976411,0.001178544421757883,0.0017779193020082823,-2.6229746424291616,-2.66972866615503,-2.5785197011178482,0.8975,0.874375,0.9195312499999999,1.5289660209964495,0.6200862802212377,
A,mlp,N1,normalized_sgd,FA,8,0.0,2500.0,0.0,1.0,-0.4717017561381567,-0.8122824903377449,-0.10992615506924634,0.0020162690466317616,0.0017273860541971086,0.002305078802977696,-2.5224990922337023,-2.5759652580635266,-2.4714998978684903,0.88265625,0.8612500000000001,0.905,5.817550271000073,0.4594121215527798,
A,mlp,N1,sgd,F0,8,0.0,2500.0,0.0,1.0,-5.170457096878437,-5.933291806978442,-4.453306483994969,0.003210209381995458,0.002144333760681332,0.004955447113660754,-2.2210272586004804,-2.37787107157221,-2.093299892911893,0.8395312500000001,0.79140234375,0.88015625,1.8376121255023463,1.0,
A,mlp,N1,sgd,F1,8,0.0,2500.0,0.0,1.0,-5.150561361726524,-5.903504790331538,-4.389275123977729,0.0034789133557581505,0.0022855661373825265,0.005346836381496044,-2.220265489382978,-2.3784666691424396,-2.0937037846292963,0.8403125,0.7923398437499999,0.8809414062500001,1.7775472915018327,0.9227620965845715,
A,mlp,N1,sgd,F2,8,0.0,2500.0,0.0,1.0,-5.039531326100539,-5.90302079301797,-4.126090913572521,0.003357330581452045,0.002148635520324072,0.005626157232604414,-2.213795154249477,-2.3784762615598782,-2.0863166323061004,0.84,0.7912421875,0.88032421875,1.7748967705010728,0.9561791143626504,
A,mlp,N1,sgd,F4,8,0.0,2500.0,0.0,1.0,-4.924781122042901,-5.485148145332234,-4.408602177257288,0.003702343390476416,0.0024840799722970126,0.005968535387368375,-2.198945299765722,-2.350209159150438,-2.074383450957162,0.8404687499999999,0.7918671875,0.88046875,3.4125492710008984,0.8670749964071728,
A,mlp,N1,sgd,F7,8,0.0,2500.0,0.0,1.0,-5.041568127955521,-5.637815066249589,-4.432620119695958,0.003644266140675549,0.0023709135758594258,0.005908190535983717,-2.2086227360053257,-2.3604469622247755,-2.082621747868304,0.8396874999999999,0.7909375,0.87984765625,1.5050284584976907,0.8808932328417627,
A,mlp,N1,sgd,FA,8,0.0,2500.0,0.0,1.0,-5.138003283529658,-5.743818572578105,-4.594680650711812,0.0026640366775401362,0.0018532514629038819,0.004544435789452475,-2.200961639630351,-2.353151606025022,-2.0775728667540414,0.8375,0.78640625,0.87984765625,6.024579520999396,1.2050169613128734,
A,mlp,N3,clipped_sgd,F0,8,0.0,2500.0,0.0,0.75,-0.36228148152869744,-1.0003959410566579,0.2795794710266347,0.03491586864489647,0.029655546262548776,0.03863749944662967,-2.024262499838118,-2.1929717469844707,-1.886243055770585,0.81203125,0.765609375,0.8501679687499999,1.468917437003256,1.0,
A,mlp,N3,clipped_sgd,F1,8,0.0,2500.0,0.0,0.75,-1.9345391680184245,-2.574267337517512,-1.250272754613533,0.015587052340473927,0.011918595325411962,0.024599554167938586,-1.7026005187964437,-1.8294043725222235,-1.6157620188201856,0.80875,0.7541953124999999,0.8523554687499999,1.5186880420005764,2.24005590551798,
A,mlp,N3,clipped_sgd,F2,8,0.0,2500.0,0.0,0.75,-2.7814667953474355,-4.555250925678565,-1.093029363025209,0.026535258663156928,0.017031992703907338,0.04027005356620687,-1.5606460280076304,-1.6934784522465074,-1.4583858507404528,0.7731250000000001,0.72232421875,0.81734765625,1.5787458960003278,1.3158292175751678,
A,mlp,N3,clipped_sgd,F4,8,0.0,2500.0,0.0,1.0,-4.579998254965494,-5.221559357306789,-4.028100137621485,0.002673576867500356,0.0018312620115313967,0.004036378470974754,-2.172104736461936,-2.3177325144506256,-2.0566370936109584,0.8378125,0.7887421874999999,0.8793828124999999,3.0520876459995634,13.059609046341297,
A,mlp,N3,clipped_sgd,F7,8,0.0,2500.0,0.0,1.0,-4.48863965671624,-5.067610060353285,-3.973045148740308,0.002419846029915797,0.0016646060816764814,0.0039714641092256035,-2.1582056560760745,-2.296191318847799,-2.0458700790868694,0.8390625,0.7893671875,0.88062890625,1.5119447499964735,14.428962922947388,
A,mlp,N3,clipped_sgd,FA,8,0.0,2500.0,0.0,1.0,-4.466135865825141,-4.888482472452227,-4.0557095490126045,0.0026112013208003547,0.0018190678951605353,0.003951760398791574,-2.1730342812473933,-2.314799008918125,-2.0572799165425883,0.83921875,0.7896796875000001,0.8807890625,5.831293333001668,13.37157283383821,
A,mlp,N3,normalized_sgd,F0,8,0.0,2500.0,0.0,0.875,2.466457664791145,2.0464056954917766,2.8372145817210868,0.020551035580550527,0.01706462467529942,0.024815508896240696,-2.337829882598164,-2.5036305150020426,-2.1721602602478933,0.71046875,0.6429609375,0.7815781249999999,1.4641086459996586,1.0,
A,mlp,N3,normalized_sgd,F1,8,0.0,2500.0,0.0,0.75,-1.680385679442267,-2.3157013012117593,-0.9892709814086187,0.02145941020030001,0.017328513073987244,0.028388068595308985,-1.7390344569903908,-1.8903563362056088,-1.6249144634156094,0.80578125,0.7463984374999999,0.85281640625,1.4940476670017233,0.9576701031728829,
A,mlp,N3,normalized_sgd,F2,8,0.0,2500.0,0.0,0.75,-2.675620817298779,-4.263199707519089,-1.3032070423425364,0.02263249174336105,0.01647357381309749,0.03439132577207906,-1.6171034084358922,-1.761287992657609,-1.5129832529526706,0.78203125,0.7289062500000001,0.82515625,1.5629311869997764,0.908032390493588,
A,mlp,N3,normalized_sgd,F4,8,0.0,2500.0,0.0,1.0,0.5346221477910111,-0.04836252777433058,1.1258828807769756,0.0022151359887060806,0.0017506583994367716,0.0025478983172085943,-2.449880886202725,-2.4891343753637143,-2.4109134876715457,0.8559375,0.82249609375,0.88797265625,3.1353323754992743,9.277550310829868,
A,mlp,N3,normalized_sgd,F7,8,0.0,2500.0,0.0,1.0,-0.8166970316307047,-1.4188431933588996,-0.16017196031165745,0.002632915743560317,0.0022660542152203415,0.0030927836262402936,-2.4597753584165067,-2.5085858564509937,-2.4162045659748177,0.88609375,0.8615625,0.91109375,1.517874937500892,7.8054284991135825,
A,mlp,N3,normalized_sgd,FA,8,0.0,2500.0,0.0,1.0,0.8012183470260787,0.22089615113215275,1.356477827894777,0.001891062646479676,0.0015162271802779974,0.002444367552819577,-2.468163916497513,-2.5419910307316447,-2.406732814751001,0.84265625,0.796875,0.8820312499999999,5.672545291501592,10.867453608058668,
A,mlp,N3,sgd,F0,8,0.0,2500.0,0.0,0.75,-3.956268880809496,-5.633642018999707,-2.069322134030143,0.04005890822284677,0.01945462112615041,0.07591618254249385,-1.3744391024724698,-1.5270617433851443,-1.2227281197617743,0.7401562500000001,0.68578125,0.7928203124999998,1.4855929789955553,1.0,
A,mlp,N3,sgd,F1,8,0.0,2500.0,0.0,0.75,-4.019271479081585,-5.781827240158105,-2.0303083345502193,0.041327578827312014,0.020102882384292697,0.08056487533600881,-1.3774150193738635,-1.5300311399740694,-1.2254475894712213,0.73546875,0.6799999999999999,0.7901640624999999,1.5089663334983925,0.9693020825205754,
A,mlp,N3,sgd,F2,8,0.0,2500.0,0.0,0.75,-4.200844837023207,-6.433224845807973,-1.8628560171089468,0.04104018094166209,0.018768836037980224,0.08203031231749541,-1.375577110339592,-1.5121735826855776,-1.2280820581539977,0.7365625,0.67921875,0.7957890624999999,1.5043079374991066,0.9760899514500148,
A,mlp,N3,sgd,F4,8,0.0,2500.0,0.0,1.0,-4.2177374887257715,-5.096247886247525,-3.325775170728449,0.0023917882394685194,0.0018689138763421198,0.0037003951915310328,-2.1401223232385225,-2.2357851551228607,-2.0510060253507985,0.84203125,0.7982578125,0.8799999999999999,3.0581961249990854,16.748517933907177,
A,mlp,N3,sgd,F7,8,0.0,2500.0,0.0,1.0,-4.482655132997095,-5.066116976715393,-3.96442717437611,0.0024119714826368243,0.0016659405755036403,0.0039714641092256035,-2.158193027983139,-2.2963620226810137,-2.045647313596592,0.8390625,0.7893671875,0.88062890625,1.5066008544999931,16.608367267698135,
A,mlp,N3,sgd,FA,8,0.0,2500.0,0.0,1.0,-4.007735012873255,-4.733242883139565,-3.155383613214833,0.002432394910594311,0.001883641936229319,0.0034454476896387232,-2.1413762462042127,-2.234213666087032,-2.0526303975700073,0.8417187500000001,0.797171875,0.8804765625,5.7976689169991005,16.468916313041913,
A,mlp,N4,clipped_sgd,F0,8,0.0,2500.0,0.0,0.75,-0.25278249699387284,-1.3104643090881216,0.6906036047955845,0.15773144883749143,0.11604286635526648,0.21514184737519682,-0.9292149251401767,-1.1188560182994483,-0.7595219086814771,0.60328125,0.5462460937499999,0.6648476562500001,1.6914698959990346,1.0,
A,mlp,N4,clipped_sgd,F1,8,0.0,2500.0,0.0,0.75,-0.29888135531185844,-1.3503328949785434,0.6246789094274517,0.16553431679667616,0.12030248532537247,0.22450646075815278,-0.9162552695249747,-1.1067216747335737,-0.7468271652843704,0.60375,0.5479609375,0.66453125,1.684662166499038,0.9528625356350194,
A,mlp,N4,clipped_sgd,F2,8,0.0,2500.0,0.0,0.75,-0.42349977918013104,-1.5610591312766176,0.5522047894497163,0.1786246773197013,0.1254189677176607,0.24156743546655052,-0.897365099808419,-1.0884190138579324,-0.7208535278959943,0.6059375,0.5503125,0.6659414062500001,1.6496814165002434,0.8830327992989719,
A,mlp,N4,clipped_sgd,F4,8,0.0,2500.0,0.0,0.75,-0.3756516603277902,-1.4349036428884232,0.5638687922642942,0.17494530539005826,0.1238576052463026,0.23086851647899242,-0.9047024300024212,-1.0960929660503091,-0.7343097134646781,0.6065625000000001,0.54968359375,0.66797265625,3.236875874998077,0.9016043527765046,
A,mlp,N4,clipped_sgd,F7,8,0.0,2500.0,0.0,0.75,-0.356719587534939,-1.4290217924859026,0.5912471879639976,0.1730109921508529,0.12271418222572517,0.23132135768474776,-0.9078895130263214,-1.0975712496618655,-0.7377410245601842,0.6057812499999999,0.5487421875,0.66765625,1.7491859170004318,0.9116845518113739,
A,mlp,N4,clipped_sgd,FA,8,0.0,2500.0,0.0,0.75,-0.39263210969349205,-1.4630329540543268,0.5547691981559345,0.17690020629307074,0.12376429983384452,0.23247466730656804,-0.9002101794584587,-1.0916511710870431,-0.7291843355006857,0.60640625,0.54859375,0.66859765625,6.0424056249976275,0.8916408417081074,
A,mlp,N4,normalized_sgd,F0,8,0.0,2500.0,0.0,0.75,0.1212904602784951,-0.9251760725032877,1.0976272791530066,0.12512642076203273,0.09263858604424584,0.1667706036943808,-1.0534841650073399,-1.2534905890083365,-0.8783000890867599,0.6078125000000001,0.55358984375,0.6661015624999999,1.6599641460015846,1.0,
A,mlp,N4,normalized_sgd,F1,8,0.0,2500.0,0.0,0.75,0.053407913807049456,-0.9829580645817071,1.0145704720212072,0.13113668537080575,0.09706869066910144,0.1740142333658134,-1.0388619909552759,-1.2388336442562842,-0.8649471734349239,0.60328125,0.5468671874999999,0.66453515625,1.6504106874999707,0.9541679386528779,
A,mlp,N4,normalized_sgd,F2,8,0.0,2500.0,0.0,0.75,-0.06917223860420463,-1.155275642917493,0.9264320702554129,0.1416580397688898,0.10241406064066011,0.1881256053764837,-1.018402786132567,-1.2212314267933269,-0.8417931021931673,0.605,0.5488984375,0.6654726562500001,1.69074529199861,0.8832991121871527,
A,mlp,N4,normalized_sgd,F4,8,0.0,2500.0,0.0,0.75,-0.010786302864616903,-1.0451271837416616,0.9547660273085669,0.136597121197825,0.09885127079906826,0.18105572829918853,-1.026551543435982,-1.2298495433166858,-0.8519798507470774,0.606875,0.55078125,0.6671953125,3.208367667000857,0.9160253134531293,
A,mlp,N4,normalized_sgd,F7,8,0.0,2500.0,0.0,0.75,0.010771241677753896,-1.042086228539399,0.9876984023469145,0.13623233946844782,0.09834827626626977,0.1803509122533144,-1.0298954450726545,-1.2310378311138799,-0.8562575857015505,0.60625,0.5510898437499999,0.66562890625,1.6900500830015517,0.9184781032921535,
A,mlp,N4,normalized_sgd,FA,8,0.0,2500.0,0.0,0.75,-0.026164507952343485,-1.0724883492603667,0.9429433478460757,0.138104506999781,0.09905748968311871,0.18397609860596406,-1.0215350963309506,-1.225271539232741,-0.8469798322004612,0.60890625,0.5528125,0.66921875,5.991449228997226,0.9060270622611263,
A,mlp,N4,sgd,F0,8,0.0,2500.0,0.0,0.625,-0.07514768284495355,-0.7898964083869148,0.5574549047355153,0.2515556767358712,0.19708954191732275,0.3481885729732128,-0.45447173382591866,-0.6328363315625651,-0.2545953275249514,0.5682812500000001,0.5125,0.6370312499999999,1.6539699585009657,1.0,
A,mlp,N4,sgd,F1,8,0.0,2500.0,2500.0,0.375,-0.31382449354858377,-1.0423435692824206,0.3601749821088528,0.2526215560829519,0.1963675093344784,0.3446454923720391,-0.45571032957936025,-0.6320449044270039,-0.2594268052871765,0.56859375,0.51390234375,0.6359453125,1.6441647289975663,0.9957807268563784,
A,mlp,N4,sgd,F2,8,0.0,2500.0,0.0,0.625,0.05792116555182042,-0.9460263390476904,1.0804026288240705,0.26250456453151205,0.20185528677980413,0.3429040639055785,-0.43993056839163214,-0.6278926028007769,-0.22889486069326193,0.57484375,0.5276562499999999,0.6331523437499998,1.759992166498705,0.958290676525259,
A,mlp,N4,sgd,F4,8,0.0,2500.0,0.0,0.625,-0.3118827148424176,-1.0981598518849987,0.3915866527000933,0.2769221265588637,0.20492370127895104,0.351576788972825,-0.4532099609695473,-0.6383777755151123,-0.24811446626021894,0.5778125000000001,0.53187109375,0.6373437499999999,3.26284706250226,0.9083986168306398,
A,mlp,N4,sgd,F7,8,0.0,2500.0,0.0,0.625,-0.20846375087489571,-0.9830170684921364,0.492016816006008,0.27909466710577513,0.21626397418307092,0.3540419432046338,-0.45816276119489774,-0.6376525385534891,-0.262585724645198,0.5771875,0.52859375,0.63875,1.6860142915029428,0.9013274217831371,
A,mlp,N4,sgd,FA,8,0.0,2500.0,0.0,0.625,0.011106847987157997,-0.9050087493767364,0.8174209280675164,0.2728611205577257,0.19459463576882186,0.3554568313727502,-0.45826188858376493,-0.6424579094794849,-0.254397741398115,0.578125,0.53375,0.6364101562500001,5.961893479001446,0.9219183598663439,
A,quadratic,N1,clipped_sgd,F0,8,1.0,324.0,247.0,1.0,-0.12640796506062102,-0.575323547407415,0.37933909224442064,0.0016361470647896694,0.0010491077828566203,0.002570591267391356,-2.650545808387484,-2.6602853896780125,-2.6406527508816535,0.019962919778091132,0.018515717877228857,0.02171121269907943,0.046289333498862106,1.0,1.0
A,quadratic,N1,clipped_sgd,F1,8,1.0,325.5,241.0,1.0,-0.16922212169210032,-0.64654318087658,0.36834743726390584,0.0015229144632665443,0.001000722741210421,0.0023200774645781965,-2.679823885954667,-2.690354597096216,-2.669132663949968,0.01886206854768752,0.017513442934108562,0.02034820802159079,0.04687364600249566,1.0743525682199178,1.0248962655601659
A,quadratic,N1,clipped_sgd,F2,8,1.0,310.5,231.5,1.0,-0.32480309846589983,-0.9487824813596039,0.37397924429548685,0.0011493129168515348,0.0006833383397618117,0.0016633618773009822,-2.7993355198626815,-2.811126318834786,-2.7866371730227124,0.017385899013574003,0.015903625806151053,0.01907267168117475,0.07276154149803915,1.4235871195738268,1.0669546436285098
A,quadratic,N1,clipped_sgd,F4,8,1.0,309.5,245.5,1.0,-0.08879195859707831,-0.523703640913324,0.38129725586149843,0.0021453309483702816,0.0013190463538751826,0.003349374519769215,-2.5648909969775557,-2.5802674268084056,-2.551503395722981,0.022550757487945102,0.020215743419162904,0.02483800047790861,0.8558765624984517,0.7626548556681113,1.0061099796334012
A,quadratic,N1,clipped_sgd,F7,8,1.0,296.5,234.5,1.0,1.1939704412752699,0.5856365647410868,1.6890656581341943,0.001240399792916575,0.0006918075143882586,0.0018826282239942072,-2.8405563546070285,-2.853626306697073,-2.8270936171851453,0.02611084562799401,0.023476025241285406,0.028449222887862703,0.05700993699792889,1.3190481602246698,1.0533049040511726
A,quadratic,N1,clipped_sgd,FA,8,1.0,302.5,249.5,1.0,-0.15383963573621867,-0.5163323922439834,0.22959329340368953,0.001862773710136623,0.0012632030745483712,0.0028397500124286166,-2.607010353055202,-2.6214324845642962,-2.592418547828682,0.021177182513529354,0.018930681284032254,0.02340089272159446,2.378506812496198,0.8783391433357024,0.9899799599198397
A,quadratic,N1,normalized_sgd,F0,8,1.0,234.0,150.5,1.0,-0.032883889656791926,-0.33372715594372726,0.2705705757188381,0.0030611241007752624,0.001976387751048068,0.004963198645844816,-2.434317552835738,-2.4444279660622965,-2.4245427233193784,0.0271257346629671,0.02429741553711494,0.029652727829833178,0.052839916501397965,1.0,1.0
A,quadratic,N1,normalized_sgd,F1,8,0.875,485.0,83.0,1.0,0.08409380893030749,-0.011281211851072222,0.17598883203692833,0.009667602884388225,0.0063744420844419145,0.014546890964876021,-1.9955412908362158,-2.0027710287535863,-1.988189801302211,0.0454929006077398,0.039211266402029134,0.05164752263501881,0.05825220849874313,0.316637344063701,1.8132530120481927
A,quadratic,N1,normalized_sgd,F2,8,1.0,92.0,64.5,1.0,0.04540631412472323,-0.13790321354770238,0.24668368978261535,0.004132351483348893,0.002613109826391036,0.006153571287416719,-2.3576703473138174,-2.3681586520973075,-2.3481488225291103,0.034828259078811,0.030808214226928796,0.03876179458472639,0.0712863959997776,0.7407705063593721,2.3333333333333335
A,quadratic,N1,normalized_sgd,F4,8,0.875,386.5,110.5,1.0,0.06437758446767464,-0.08861248463937255,0.2063198091832436,0.0093244153643368,0.005778353928213844,0.014589320532117544,-2.004531545023232,-2.012826664871279,-1.997100429282063,0.045739298257970865,0.04064006478925597,0.05078678460608291,0.8760151255009987,0.3282912634376177,1.3619909502262444
A,quadratic,N1,normalized_sgd,F7,8,1.0,105.5,79.0,1.0,1.0416491135000179,0.8236860881240607,1.21035657207895,0.00556386958299809,0.0033105810501963522,0.009602668121795475,-2.260314734365383,-2.269705497007555,-2.2513983433393148,0.06097938997473714,0.056904293757276826,0.06482477041971488,0.06641693749770639,0.5501789815723496,1.9050632911392404
A,quadratic,N1,normalized_sgd,FA,8,1.0,208.0,103.5,1.0,0.01619075276227822,-0.1162505315774924,0.1393624315943591,0.0077230467577854775,0.004835191087902362,0.011984105476135716,-2.0776622581038278,-2.0867020754727914,-2.068984168971516,0.04192904678995836,0.03727578570808127,0.046503035252653625,2.3438635835009336,0.39636223847659513,1.4541062801932367
A,quadratic,N1,sgd,F0,8,1.0,324.0,247.0,1.0,-0.12640796506062102,-0.575323547407415,0.37933909224442064,0.0016361470647896694,0.0010491077828566203,0.002570591267391356,-2.650545808387484,-2.6602853896780125,-2.6406527508816535,0.019962919778091132,0.018515717877228857,0.02171121269907943,0.03327964550044271,1.0,1.0
A,quadratic,N1,sgd,F1,8,1.0,325.5,241.0,1.0,-0.16922212169210032,-0.64654318087658,0.36834743726390584,0.0015229144632665443,0.001000722741210421,0.0023200774645781965,-2.679823885954667,-2.690354597096216,-2.669132663949968,0.01886206854768752,0.017513442934108562,0.02034820802159079,0.03850320799756446,1.0743525682199178,1.0248962655601659
A,quadratic,N1,sgd,F2,8,1.0,310.5,231.5,1.0,-0.32480309846589983,-0.9487824813596039,0.37397924429548685,0.0011493129168515348,0.0006833383397618117,0.0016633618773009822,-2.7993355198626815,-2.811126318834786,-2.7866371730227124,0.017385899013574003,0.015903625806151053,0.01907267168117475,0.058909895498800324,1.4235871195738268,1.0669546436285098
A,quadratic,N1,sgd,F4,8,1.0,309.5,245.5,1.0,-0.08879195859707831,-0.523703640913324,0.38129725586149843,0.0021453309483702816,0.0013190463538751826,0.003349374519769215,-2.5648909969775557,-2.5802674268084056,-2.551503395722981,0.022550757487945102,0.020215743419162904,0.02483800047790861,0.8410012715030462,0.7626548556681113,1.0061099796334012
A,quadratic,N1,sgd,F7,8,1.0,296.5,234.5,1.0,1.1939704412752699,0.5856365647410868,1.6890656581341943,0.001240399792916575,0.0006918075143882586,0.0018826282239942072,-2.8405563546070285,-2.853626306697073,-2.8270936171851453,0.02611084562799401,0.023476025241285406,0.028449222887862703,0.048533166002016515,1.3190481602246698,1.0533049040511726
A,quadratic,N1,sgd,FA,8,1.0,302.5,249.5,1.0,-0.15383963573621867,-0.5163323922439834,0.22959329340368953,0.001862773710136623,0.0012632030745483712,0.0028397500124286166,-2.607010353055202,-2.6214324845642962,-2.592418547828682,0.021177182513529354,0.018930681284032254,0.02340089272159446,2.2970467084996926,0.8783391433357024,0.9899799599198397
A,quadratic,N3,clipped_sgd,F0,8,0.375,4000.0,642.0,1.0,0.16414784079135292,-0.5193553274490115,0.6943332760181992,0.019575165624169034,0.011666667550648355,0.02971285356979103,-1.6610678710143607,-1.6788407161053693,-1.6445774915682128,0.06791976118116747,0.06219668873378647,0.07390868109449221,0.0655838955026411,1.0,1.0
A,quadratic,N3,clipped_sgd,F1,8,0.0,4000.0,4000.0,0.0,-1.078997763437635,-2.0229099974384663,-0.2844940308754662,0.1761214926662436,0.0821292856344133,0.3307317644644486,-0.7753204207563074,-0.799758065060461,-0.7479350501316339,0.16817403596989033,0.1535548076023582,0.18522023549280373,0.06647683350092848,0.11114580808865082,0.1605
A,quadratic,N3,clipped_sgd,F2,8,0.0,4000.0,4000.0,0.0,-1.906355607993988,-3.908849939154605,-0.12039446764172901,0.3712964240996569,0.13257999361781073,1.0832242425487257,-0.44672656144575,-0.5065098489116809,-0.3821438461157802,0.2753964553146818,0.18960704671731804,0.3759155896373456,0.08080031250210595,0.05272112617738276,0.1605
A,quadratic,N3,clipped_sgd,F4,8,1.0,416.0,273.0,1.0,0.24883519305366597,-0.12658453937207542,0.5465940043438202,0.004987305072083158,0.0030961427141982514,0.007332786904642213,-2.250281904351554,-2.2673664072938977,-2.2333577703735097,0.03434620124186481,0.03091356632333876,0.037730160468348296,0.9033244790043682,3.9249986397949868,2.3516483516483517
A,quadratic,N3,clipped_sgd,F7,8,1.0,361.0,256.5,1.0,1.7766014531532408,1.165549143773866,2.3752978842003247,0.0029074515729335133,0.001974322434636638,0.005350425301674739,-2.4936706856707986,-2.5228822205307275,-2.4641013546346957,0.046044720477245914,0.042235196504034636,0.049711007475544175,0.0719369584985543,6.732757238813922,2.502923976608187
A,quadratic,N3,clipped_sgd,FA,8,1.0,476.0,281.0,1.0,0.15822515659191205,-0.1624057404268655,0.41043237814186223,0.005182922008612407,0.003343713052695296,0.008153520141310665,-2.214347009159401,-2.233586564074293,-2.196476088518403,0.03665901632227367,0.03350907940660383,0.03944550907895788,2.396501332998014,3.7768589980017424,2.284697508896797
A,quadratic,N3,normalized_sgd,F0,8,1.0,968.5,503.0,1.0,0.1258922566818655,-0.6199641593440416,0.8399751950461317,0.009591640984716229,0.005823932210836335,0.015550800635869498,-1.9112596689724404,-1.9300821934432053,-1.8921795770770014,0.04813474283023769,0.04354738203861823,0.052444188913818184,0.06374960449829814,1.0,1.0
A,quadratic,N3,normalized_sgd,F1,8,0.0,4000.0,4000.0,0.0,-0.6086909415345906,-1.4149693370224177,0.1041985436140399,0.09314450549062117,0.05371141692672557,0.14917684928927355,-1.0312812421521214,-1.0466374906064768,-1.0141405160980081,0.1361885945402851,0.12016296235327271,0.1518644669417702,0.0708913130001747,0.1029759182701552,0.12575
A,quadratic,N3,normalized_sgd,F2,8,0.0,4000.0,4000.0,0.0,-1.4635971009511233,-2.8016473366061674,-0.33854262440789223,0.2746384657218482,0.11684949486736179,0.5793006519592219,-0.5834085327961155,-0.6237579659780103,-0.540824952610051,0.24697269903505514,0.21489387220473727,0.28699460264025173,0.08738475049904082,0.03492460882894158,0.12575
A,quadratic,N3,normalized_sgd,F4,8,0.5,2275.0,163.5,1.0,0.18999663074398734,-0.10100716527269106,0.4484119139529272,0.014688182318743064,0.009057641277896992,0.02173488781758466,-1.834657293919314,-1.8442450147166243,-1.8255449756443107,0.05855470706439754,0.05298818068199825,0.06412995238316385,0.9520488335037953,0.6530175604149928,3.076452599388379
A,quadratic,N3,normalized_sgd,F7,8,1.0,168.0,104.5,1.0,1.5742436509042106,1.123791023801282,1.9952644178546832,0.008823541582392794,0.005098822398762206,0.016286623537548617,-2.0783420972815105,-2.095214656254994,-2.0637884279947136,0.08375715407594547,0.07865682269502318,0.08908339842175435,0.08577906250502565,1.087051145523716,4.813397129186603
A,quadratic,N3,normalized_sgd,FA,8,1.0,813.5,172.5,1.0,0.1381362076509219,-0.14687310726390684,0.38745399400577385,0.013913628164937531,0.008661604514010277,0.021243022348557267,-1.8461110583581464,-1.8573035173954828,-1.8361001095650702,0.05892324544971532,0.05229910260496904,0.06476026171713398,2.417013666501589,0.689370225437478,2.915942028985507
A,quadratic,N3,sgd,F0,8,0.0,4000.0,4000.0,0.0,-2.793146567870706,-5.96180165434559,-0.14407857632045573,0.5399642231847062,0.1611590154600719,2.767272417693349,-0.22690078168088734,-0.32259856558386535,-0.12236252184602026,0.39456423153787706,0.2279195577067826,0.6141834129117855,0.054668896500515984,1.0,1.0
A,quadratic,N3,sgd,F1,8,0.0,4000.0,4000.0,0.0,-2.8815863996021394,-6.094421931323666,-0.15692755084750598,0.5188342766596554,0.15746895274448172,2.540547600651589,-0.23854191295333033,-0.3355907281234805,-0.13195219127762567,0.3448211640849901,0.21428139719023476,0.5224449646877516,0.06329562549944967,1.0407258106790649,1.0
A,quadratic,N3,sgd,F2,8,0.0,4000.0,4000.0,0.0,-3.0656810997241593,-6.532977220070334,-0.055642519160012206,0.4338798701661758,0.1492993791703184,1.9727044331017383,-0.28272023068459134,-0.3911481744194096,-0.15752152391472946,0.36751813569276714,0.21068167079815786,0.5850590771188637,0.07022293749832897,1.2445016704229679,1.0
A,quadratic,N3,sgd,F4,8,1.0,416.0,271.0,1.0,0.2488351953682788,-0.12658454079199405,0.5465940059990462,0.004987305071768235,0.0030961427141982514,0.007332786904834379,-2.250855135028379,-2.2682562767736303,-2.233681597451384,0.03434620124208191,0.03091356632351701,0.03773016046865265,0.9345964169988292,108.2677348617183,14.760147601476016
A,quadratic,N3,sgd,F7,8,1.0,361.0,256.5,1.0,1.776581014795521,1.165549143773866,2.3752974317935776,0.0029074515729335133,0.001974322434636638,0.005350418742391635,-2.492944326719737,-2.5228446954384305,-2.462460389573411,0.0460447159585798,0.042235196504034636,0.049711007135669484,0.08021835450199433,185.71735750009478,15.594541910331383
A,quadratic,N3,sgd,FA,8,1.0,476.5,273.5,1.0,0.15822515881946592,-0.16240573881000914,0.41043237710979413,0.005182922007723921,0.0033437130526881263,0.00815352014133255,-2.2149249734826584,-2.2347632889908664,-2.1968892524142953,0.03665901632260166,0.033509079407068605,0.03944550907981861,2.364155583501997,104.18142939060573,14.625228519195613
A,quadratic,N4,clipped_sgd,F0,8,0.0,4000.0,4000.0,0.0,2.4172921811066743,0.7134264638299048,3.992607055816984,61.781692451347396,49.75714142769564,88.824476164849,1.659208402844731,1.5327303595479513,1.7965455101229875,5.678368194621639,4.363566488680272,7.220281212522723,0.13631927100141183,1.0,1.0
A,quadratic,N4,clipped_sgd,F1,8,0.0,4000.0,4000.0,0.0,2.4017673309142396,0.7252646024654559,4.013897887227413,64.32121203678282,52.066216443570895,91.81192402375004,1.6840491606419097,1.5611733700399755,1.8173195882685702,5.785665693099663,4.4581870368012355,7.337853578637372,0.13476060399989365,0.9605181633706906,1.0
A,quadratic,N4,clipped_sgd,F2,8,0.0,4000.0,4000.0,0.0,2.353649604199624,0.6643715135609755,3.98472177854158,69.85175926049011,57.513596160469184,98.91236316630356,1.7270262620053063,1.6075202763686904,1.8551632416107517,5.997272998355875,4.66015643283167,7.541586046978484,0.147919062001165,0.8844686677246317,1.0
A,quadratic,N4,clipped_sgd,F4,8,0.0,4000.0,4000.0,0.0,2.4810659196467872,0.7879160803597952,4.122934746258844,63.37346060959099,51.31106957294075,90.92195148633755,1.6739058124016166,1.548335437007609,1.8106680161833881,5.799543706555733,4.455390556132708,7.360958845777405,1.0111467290007567,0.9748827325676658,1.0
A,quadratic,N4,clipped_sgd,F7,8,0.0,4000.0,4000.0,0.0,2.4967604213328682,0.8152630271527744,4.127760611538726,63.61782707309855,51.51446679599839,91.9313322928806,1.6758860456469877,1.5510843508075276,1.8115376525113454,5.807917544286502,4.465269511591388,7.365660364764504,0.14438764599981369,0.9711380487792928,1.0
A,quadratic,N4,clipped_sgd,FA,8,0.0,4000.0,4000.0,0.0,2.5042186128591584,0.8054444392163954,4.167311676804714,63.45619846731302,51.28508129909947,91.36597787660904,1.6741035760083434,1.5481254079628983,1.8113975033725382,5.816350448499098,4.4625335980967495,7.392920686676407,2.5233582085020316,0.9736116241374247,1.0
A,quadratic,N4,normalized_sgd,F0,8,0.0,4000.0,4000.0,0.0,1.5066139521459365,-0.4750996375706301,3.2115747709517377,37.63850088742925,32.21198712746074,46.74202239034909,1.4370326107446858,1.3249343976857157,1.556128993563072,3.9221730038783784,3.2122852132200017,4.757664024671986,0.1345236670022132,1.0,1.0
A,quadratic,N4,normalized_sgd,F1,8,0.0,4000.0,4000.0,0.0,1.5195907362337788,-0.4460900440369858,3.1997964159787213,39.51744984791747,33.3488264325011,48.86111596355171,1.464153139205074,1.356189352986475,1.5781155157938074,4.015238191764169,3.3063591418487497,4.84412538087908,0.1426054585026577,0.9524526767866011,1.0
A,quadratic,N4,normalized_sgd,F2,8,0.0,4000.0,4000.0,0.0,1.5343601856011049,-0.3952833541020078,3.2020493502436795,43.755167385437,37.03142494138322,53.38623113200617,1.509070665576099,1.405986593655205,1.617801335213618,4.185159635797497,3.477767594009894,5.006422816795256,0.14917643750231946,0.8602069912308563,1.0
A,quadratic,N4,normalized_sgd,F4,8,0.0,4000.0,4000.0,0.0,1.5917280123645174,-0.4008919656947809,3.272874539570624,39.37128526354924,32.92412115906612,48.746163489045216,1.4625173030533691,1.3522601153661302,1.578660056488653,4.040785503095031,3.3226864246405468,4.876574131604584,1.0438079999985348,0.9559886256056712,1.0
A,quadratic,N4,normalized_sgd,F7,8,0.0,4000.0,4000.0,0.0,1.6070024867208879,-0.3656201761614275,3.265408140286125,39.658330948873086,33.168453400985804,49.20815440903583,1.464242919953505,1.355342515814047,1.5795273672641537,4.046413236606719,3.331810606894714,4.878625478162857,0.1548858959977224,0.9490692116103482,1.0
A,quadratic,N4,normalized_sgd,FA,8,0.0,4000.0,4000.0,0.0,1.6179993955227965,-0.38805423672435596,3.2852395745525675,39.50377608564458,33.01718979855738,49.0361672887213,1.4650093545637959,1.3542369633650775,1.5818560773897425,4.060184880123704,3.338084738622184,4.8975610983278965,2.5259657295027864,0.952782356953133,1.0
A,quadratic,N4,sgd,F0,8,0.0,4000.0,4000.0,0.0,0.09691321138116932,-3.6277992208420686,3.7474228829273875,258.91221936501665,77.67857532237981,506.61357554932533,2.1128065786318464,1.9547647915303181,2.289829425139592,8.666945747949963,6.878896652688752,10.481373113370768,0.12684827099656104,1.0,1.0
A,quadratic,N4,sgd,F1,8,0.0,4000.0,4000.0,0.0,0.18165396810191548,-3.6024214824638605,3.807516490304048,257.9138361983033,79.02742410474323,504.11306112320653,2.110995993970741,1.9519209545428984,2.288679783725225,8.449073316985954,6.416505747592472,10.486490380969999,0.11473933350134757,1.0038709949858826,1.0
A,quadratic,N4,sgd,F2,8,0.0,4000.0,4000.0,0.0,0.36437973230546555,-3.4046088202954867,3.879824710483365,261.46290080588903,83.83925367836346,448.84524791105036,2.1000693644595767,1.9373599193930275,2.281869735763283,8.632160661642658,6.579143537795813,10.684084687537267,0.14891464600077597,0.9902445760640971,1.0
A,quadratic,N4,sgd,F4,8,0.0,4000.0,4000.0,0.0,0.37878062808966395,-3.2353380260910893,3.8061691255407926,241.7829854323039,76.02280074731941,383.3626013779841,2.057378673022993,1.893625152057672,2.239066024298019,8.142328538114443,6.187361446158647,10.194457527136246,0.969806103999872,1.0708454894048314,1.0
A,quadratic,N4,sgd,F7,8,0.0,4000.0,4000.0,0.0,0.2737163616489972,-3.401641188049552,3.7859175261825544,245.75184836434985,75.78489949576232,410.02149794259884,2.069918307597054,1.9068317357223494,2.2516232960030043,8.321744931520193,6.5127304466744045,10.22779514745831,0.1364735000024666,1.0535514629422251,1.0
A,quadratic,N4,sgd,FA,8,0.0,4000.0,4000.0,0.0,0.452778096591275,-3.0527345256525473,3.7821971560931518,232.3142129465135,74.43633876470673,354.2879645877074,2.038684986459674,1.8743047655522393,2.220331325880457,8.038160626616822,6.125293606910771,10.077605636986988,2.5419913545047166,1.1144915159565674,1.0
B,logistic,N2,adam,F0,8,0.0,8000.0,8000.0,0.125,-0.239139201838457,-1.1205855480929945,0.561426957885651,0.01823252022775594,0.013398562053697287,0.02551411728670132,-1.6643608192951647,-1.7036870981378711,-1.6210343323706629,0.8403333333333334,0.8301666666666667,0.8515833333333334,2.113503603999561,1.0,1.0
B,logistic,N2,adam,F1,8,0.0,8000.0,8000.0,0.125,-0.2626340982806635,-1.1344823437653615,0.5415981551977037,0.018439924284964753,0.013487161592413135,0.026056780220031092,-1.654191474107511,-1.6947579244131699,-1.6092845240195117,0.8399166666666666,0.82975,0.8510854166666667,2.24277487549989,0.9887524452918757,1.0
B,logistic,N2,adam,F2,8,0.0,8000.0,8000.0,0.125,-0.23403047059226298,-1.1296953295330436,0.5816124558088058,0.018448367977394457,0.013570561749479137,0.02639200024022392,-1.6568396922407054,-1.697037130357763,-1.6123983483527384,0.8400833333333333,0.8295,0.8513354166666666,2.257182000503235,0.9882999000289346,1.0
B,logistic,N2,adam,F3,8,0.0,8000.0,8000.0,0.25,-0.4049038987765941,-1.4118622775247414,0.5602876661525424,0.01726465887996341,0.013428518140045767,0.02441109181256195,-1.6995103423648659,-1.7357980691110952,-1.6603796794004595,0.8380833333333333,0.8268333333333333,0.849,2.1384480414999416,1.0560602647594612,1.0
B,logistic,N2,adam,F4,8,0.0,8000.0,8000.0,0.125,-0.25994474395802225,-1.1393293882117685,0.5391271251045574,0.01853772168209495,0.013414989116581656,0.025282328315526993,-1.654870387650576,-1.6955099181622306,-1.609222174106668,0.83975,0.8289166666666667,0.85166875,3.5735796875014785,0.9835361939523671,1.0
B,logistic,N2,adam,F7,8,0.0,8000.0,8000.0,0.25,-0.3124083471961967,-1.2225905281395175,0.5236934786483961,0.018033353608517745,0.013541549416959196,0.025557476644786234,-1.664742237815555,-1.704754692454339,-1.620949792882653,0.8399166666666666,0.8289166666666667,0.8516666666666667,2.0706191460012633,1.011044347244659,1.0
B,logistic,N2,adamw,F0,8,0.0,8000.0,8000.0,0.125,-0.2419740214739854,-1.1231674708921389,0.5598360952748825,0.01827740205006774,0.013416734020305668,0.025559072282772183,-1.6638618069273006,-1.70317373873608,-1.6206226547221945,0.8401666666666667,0.8300833333333333,0.8514999999999999,2.0366872499944293,1.0,1.0
B,logistic,N2,adamw,F1,8,0.0,8000.0,8000.0,0.125,-0.2653447908321948,-1.1356787696186357,0.5354581974401382,0.018476298745290463,0.013505640676231997,0.02608405093833331,-1.6536833444682242,-1.6941756760154791,-1.6088684838259741,0.84,0.8299979166666667,0.8514166666666666,2.075769020997541,0.989235035763133,1.0
B,logistic,N2,adamw,F2,8,0.0,8000.0,8000.0,0.125,-0.2370182817530786,-1.1317368096055884,0.5777421946772455,0.018490288385551695,0.01358294733781197,0.026426394413885633,-1.656356954372682,-1.696501760862595,-1.612016075073191,0.8401666666666666,0.82949375,0.8515,2.0743475620001846,0.9884865865234257,1.0
B,logistic,N2,adamw,F3,8,0.0,8000.0,8000.0,0.25,-0.4082021507558376,-1.4148560738281717,0.5560334864181721,0.017287409151238428,0.013446068630953868,0.02442883939410422,-1.699201758015831,-1.7354606800365044,-1.6601553026597227,0.8378333333333333,0.8265833333333333,0.8487520833333332,1.981185208001989,1.0572667014570192,1.0
B,logistic,N2,adamw,F4,8,0.0,8000.0,8000.0,0.125,-0.26263367517889086,-1.141770881683013,0.5338394658633355,0.018584051998708967,0.013424609295176781,0.025316950339993524,-1.6543651132988422,-1.694942961046323,-1.6087642692497497,0.8398333333333334,0.8290833333333334,0.8516666666666666,3.3236362080024264,0.9834992955969705,1.0
B,logistic,N2,adamw,F7,8,0.0,8000.0,8000.0,0.25,-0.3149199936033712,-1.2242767671678998,0.5187719914686927,0.018075778230186905,0.013561750395561172,0.02560384955917023,-1.6642855931882252,-1.7043489575548993,-1.62052725090735,0.8394166666666667,0.82858125,0.8510833333333333,2.0896840624991455,1.0111543645486931,1.0
B,logistic,N4,adam,F0,8,0.0,8000.0,8000.0,0.0,-0.21188070718356752,-0.38119344067823435,-0.025216836443297138,0.1926063805735475,0.1805347596377052,0.20291821400860682,-0.6327515767015054,-0.7080730075698237,-0.557911893623321,0.6018333333333333,0.5515666666666666,0.6493333333333333,2.045181978999608,1.0,1.0
B,logistic,N4,adam,F1,8,0.0,8000.0,8000.0,0.0,-0.16310632894745727,-0.34899718072024943,0.027819646535651436,0.20008750074959092,0.1889295030545535,0.21193821562604226,-0.6271842423509144,-0.7069681674300226,-0.5518442742484986,0.5960833333333333,0.5459145833333333,0.6439999999999999,1.953757500003121,0.9626107570537051,1.0
B,logistic,N4,adam,F2,8,0.0,8000.0,8000.0,0.0,-0.11033182398435584,-0.30864645504872534,0.09200305395368916,0.2077251816211929,0.19663967591996417,0.2190491906085773,-0.622364080927706,-0.7037837892404223,-0.5458004426934132,0.59,0.5407416666666667,0.639,1.9925945625000168,0.9272172929172544,1.0
B,logistic,N4,adam,F3,8,0.0,8000.0,8000.0,0.0,-0.20172720944671488,-0.37720451621583434,-0.01847716344343113,0.1919584041816597,0.1796090603280519,0.20215260235660118,-0.6326833485214033,-0.7090953791632781,-0.5570205715366481,0.6026666666666667,0.5529999999999999,0.64941875,1.934541396003624,1.0033756083493726,1.0
B,logistic,N4,adam,F4,8,0.0,8000.0,8000.0,0.0,-0.17174053166732928,-0.3690562895232484,0.028269808765679545,0.19840387654014052,0.18735944396214776,0.21023889741712812,-0.6299448491263555,-0.708063972868048,-0.555451360987796,0.5995833333333332,0.5511624999999999,0.6455,3.172202562498569,0.9707793211116009,1.0
B,logistic,N4,adam,F7,8,0.0,8000.0,8000.0,0.0,-0.17222696886787714,-0.36219730680141327,0.02074523633281747,0.19667263960398867,0.18591354520231024,0.20874861541555698,-0.6307611769128223,-0.7080185276430868,-0.5563210015345719,0.59925,0.5508208333333333,0.6454208333333334,2.020237354499841,0.9793247345506279,1.0
B,logistic,N4,adamw,F0,8,0.0,8000.0,8000.0,0.0,-0.21068478503008525,-0.3816528090601985,-0.022862517863987877,0.19260051415878565,0.18048891122443256,0.20311345304618522,-0.6328996554639892,-0.7081171017097866,-0.5581711394764037,0.6019166666666667,0.5510812500000001,0.6494208333333333,2.003913812499377,1.0,1.0
B,logistic,N4,adamw,F1,8,0.0,8000.0,8000.0,0.0,-0.16279662988964466,-0.3505104087459423,0.029674712882786686,0.20011975878808902,0.1889059640290186,0.2121486478792637,-0.6272974347768014,-0.7070278004446706,-0.5520356691858354,0.5965,0.5474166666666667,0.6434229166666666,1.97153102050288,0.9624262757718709,1.0
B,logistic,N4,adamw,F2,8,0.0,8000.0,8000.0,0.0,-0.10863819398105941,-0.309157036866227,0.09620297601751955,0.207681952137585,0.19648864669509025,0.21936906680247104,-0.6224589387308658,-0.7037632341564097,-0.5459657260768919,0.5901666666666666,0.5413312499999999,0.6384208333333334,2.0225922294994234,0.9273820482542064,1.0
B,logistic,N4,adamw,F3,8,0.0,8000.0,8000.0,0.0,-0.19985443341528825,-0.3775744212706161,-0.015444834121971819,0.19202823307578953,0.17951332890915364,0.20241538088830047,-0.6328239960603277,-0.7091591873950867,-0.5572041652410673,0.6025,0.5527500000000001,0.6495,1.9684570005010755,1.0029801924114474,1.0
B,logistic,N4,adamw,F4,8,0.0,8000.0,8000.0,0.0,-0.171195689804301,-0.3711119385749615,0.0316191808246763,0.1985614517582106,0.18742175403192154,0.2103635911399366,-0.63005898190101,-0.7080832933598604,-0.5556694472184648,0.6000000000000001,0.5514979166666667,0.6458395833333335,3.143014374498307,0.9699793814628047,1.0
B,logistic,N4,adamw,F7,8,0.0,8000.0,8000.0,0.0,-0.1715205076007595,-0.3629542034816201,0.022689213159772806,0.19673179974267246,0.18587486217623006,0.20879814340797898,-0.6308834095263858,-0.7081025518198907,-0.556528460874114,0.5994999999999999,0.55125,0.6449270833333333,1.6611755414996878,0.9790004178821594,1.0
B,quadratic,N2,adam,F0,8,0.0,8000.0,562.0,1.0,0.06948349041332497,-0.18745088131220083,0.3374490081305062,0.23380082796214274,0.15871855845776195,0.34362796728378736,-0.6453581774285081,-0.6570558670815283,-0.6365857932532102,0.23410044677718383,0.20977289310907957,0.26086080123687927,0.22607589549807017,1.0,1.0
B,quadratic,N2,adam,F1,8,0.0,8000.0,719.0,1.0,0.04875943323223313,-0.17678204450512106,0.2804616149405333,0.2666291602596085,0.18345448031188055,0.3904906923530975,-0.5882877510564397,-0.5982566182610147,-0.5805797067334943,0.2619844508933155,0.22831429090830574,0.2966090445463423,0.25620114549747086,0.8768764366751866,0.7816411682892906
B,quadratic,N2,adam,F2,8,0.0,8000.0,179.5,1.0,0.0593422065565041,-0.2793181989092314,0.38660547222072117,0.1692725266016697,0.11396502859961266,0.23892114448585097,-0.7838965010875457,-0.7988967901241781,-0.773733140976449,0.21109261473763163,0.18436632358698998,0.23678612879567096,0.2835384579957463,1.3812095362191903,3.13091922005571
B,quadratic,N2,adam,F3,8,0.0,8000.0,50.0,1.0,0.21797563785379495,-0.2503537014129306,0.7108235038356829,0.11952563946467162,0.0880611201207796,0.1685352252930357,-0.9364343877893225,-0.9573177784960356,-0.9212870545167401,0.2491089990142184,0.22821433798320015,0.2689683129967125,0.22026610450120643,1.9560725967188624,11.24
B,quadratic,N2,adam,F4,8,0.0,8000.0,559.5,1.0,0.02946519967566886,-0.2021248008209252,0.27268730499841964,0.2662413891316249,0.17644434317999041,0.3921174667465661,-0.5907952690680311,-0.6004271516385323,-0.5832970376913268,0.2518676615059755,0.22264700133855347,0.28283114372522333,1.831475999999384,0.8781535760638475,1.0044682752457552
B,quadratic,N2,adam,F7,8,0.0,8000.0,473.0,1.0,0.03454400886248231,-0.2485069384073975,0.31995715518900864,0.22504474069436128,0.15105171222563463,0.32217871521746466,-0.6644991473068436,-0.6759507962841643,-0.6557800628742626,0.24469735798256187,0.22106319626380405,0.26822993594194494,0.2382307710031455,1.0389082066115614,1.1881606765327695
B,quadratic,N2,adamw,F0,8,0.0,8000.0,562.0,1.0,0.06947959067575912,-0.1874486174249285,0.3374503837441417,0.23379734187935602,0.15871541441078701,0.34362310433784016,-0.6453637611958893,-0.6570616607956689,-0.6365911953903811,0.2340980130989444,0.20977065462365754,0.2608576913699457,0.2228714164957637,1.0,1.0
B,quadratic,N2,adamw,F1,8,0.0,8000.0,719.0,1.0,0.048758018419535636,-0.17677713796756153,0.2804600688942006,0.26662750767775506,0.18345299592535547,0.39048825212617666,-0.5882907678013993,-0.598259663126275,-0.5805826600917144,0.2619830406227117,0.22831314518223134,0.29660688562414916,0.23393600049894303,0.8768687969056912,0.7816411682892906
B,quadratic,N2,adamw,F2,8,0.0,8000.0,179.5,1.0,0.059341785058525956,-0.27931968814931224,0.38660426994688274,0.16927223649438122,0.11396474867488626,0.2389207239071837,-0.783897413953478,-0.7988977116851914,-0.7737340632715997,0.21109236941813053,0.18436623406617408,0.2367857093763642,0.2702746665017912,1.3811913088719463,3.13091922005571
B,quadratic,N2,adamw,F3,8,0.0,8000.0,50.0,1.0,0.21797526249171129,-0.25035312034299195,0.710823148392776,0.11952559397450721,0.0880609525054417,0.1685349631216093,-0.9364351682292792,-0.9573185945245536,-0.9212879209825184,0.24910873825987007,0.22821400630367414,0.2689680128621525,0.24144256300132838,1.9560441751849487,11.24
B,quadratic,N2,adamw,F4,8,0.0,8000.0,559.5,1.0,0.029463224026997428,-0.20212781700224688,0.2726850456877222,0.26623805410024326,0.17644262412199777,0.3921136121586941,-0.5907990527831685,-0.6004309680521709,-0.5833010526653674,0.2518659442232739,0.22264566291316817,0.2828288984044768,2.0123882085026708,0.8781514823997596,1.0044682752457552
B,quadratic,N2,adamw,F7,8,0.0,8000.0,473.0,1.0,0.03454247029575457,-0.24850134023489065,0.3199534184699007,0.22504269219190298,0.1510502343842671,0.32217649901476764,-0.6645022915566325,-0.6759538156129034,-0.6557831729898056,0.2446959220585221,0.22106252317328792,0.2682279089379926,0.25710372899629874,1.0389021727485717,1.1881606765327695
B,quadratic,N4,adam,F0,8,0.0,8000.0,8000.0,0.0,-0.7687090690135825,-1.9332981049078504,0.5740597307140771,46.00197473286676,40.49945482834854,62.9665730001881,1.6488531299615048,1.5974231852783078,1.7026626408169985,4.154587009486125,3.5752063684759428,4.708390250748846,0.2859248540007684,1.0,1.0
B,quadratic,N4,adam,F1,8,0.0,8000.0,8000.0,0.0,-0.75217015903152,-2.1691081510828054,0.7139345076673952,69.21737692450088,56.733822518970655,83.28770859532783,1.8047212404118957,1.7611293217888813,1.852234137463904,5.083209498640983,4.1549138491522175,6.02138862968796,0.2593557920008607,0.6646015318240619,1.0
B,quadratic,N4,adam,F2,8,0.0,8000.0,8000.0,0.0,-0.691914775209196,-2.334932088477667,0.9507060913335745,95.0074935796387,71.66808763482577,118.55038418500517,1.9166900616743368,1.8742095666849148,1.9639301965528089,5.926853732469549,4.635270852130727,7.198261424244825,0.2822201460003271,0.4841931199280218,1.0
B,quadratic,N4,adam,F3,8,0.0,8000.0,8000.0,0.0,-0.7756012592003623,-1.9532698182697323,0.5658850895575401,46.57833694916319,40.539761221978594,63.3132732381448,1.6553566199143406,1.6045636836863242,1.7088949107880256,4.185738312276482,3.6012180713761346,4.748931902578587,0.2579280829995696,0.9876259597476509,1.0
B,quadratic,N4,adam,F4,8,0.0,8000.0,8000.0,0.0,-0.6965384336522524,-2.218240824211451,0.883840111352218,66.85019454389496,55.01893470072544,81.00277212935717,1.7835405017283747,1.7383296950515121,1.8329878755874598,5.056206930970619,4.063726426381776,6.06243858459022,1.8681180620005762,0.6881352409926211,1.0
B,quadratic,N4,adam,F7,8,0.0,8000.0,8000.0,0.0,-0.7177054931265393,-2.1517987432303696,0.7858568533660985,62.811745745399264,52.341544375302355,75.25843302858732,1.7613968045844772,1.7160939660115082,1.8105441963529416,4.889485230511275,3.9808943560123007,5.798200145347381,0.26335595850105165,0.732378541416933,1.0
B,quadratic,N4,adamw,F0,8,0.0,8000.0,8000.0,0.0,-0.7685460336790553,-1.9328377565218426,0.5740772296242997,45.9748091374142,40.47240083439656,62.89808670186625,1.6486369082482342,1.597237731777955,1.7024023195915128,4.1529627771205995,3.574029673198571,4.7065708316791905,0.25327000000470434,1.0,1.0
B,quadratic,N4,adamw,F1,8,0.0,8000.0,8000.0,0.0,-0.7519372145264878,-2.1687489897986922,0.7134542877329586,69.17753566661678,56.692573289643946,83.23607785527352,1.8045322682011191,1.7609677914256627,1.852002064527961,5.081439619210591,4.1536988821316925,6.019007589063397,0.25973852099923533,0.6645916003567673,1.0
B,quadratic,N4,adamw,F2,8,0.0,8000.0,8000.0,0.0,-0.6916812513095149,-2.3343474831043363,0.9504605168999999,94.95853229346852,71.62179353625291,118.48460113649685,1.9165190064161008,1.8740633382753038,1.9637147846190055,5.924949893967726,4.633953379500542,7.1955015678014345,0.2928623539992259,0.48415669479104256,1.0
B,quadratic,N4,adamw,F3,8,0.0,8000.0,8000.0,0.0,-0.7754331886358578,-1.9527834011525573,0.5660456945587408,46.550870544842894,40.51160964282349,63.24406096461447,1.655141506250977,1.6043795032582449,1.7086358710426341,4.1841197791555444,3.6001555137077235,4.746839949512047,0.3066235625046829,0.9876251206328404,1.0
B,quadratic,N4,adamw,F4,8,0.0,8000.0,8000.0,0.0,-0.6962993253730825,-2.2166211141787535,0.8837486724559696,66.81283444770831,54.98772763379873,80.95246490372088,1.7833608249537425,1.7381754447191617,1.8327657032861988,5.054535014396078,4.062753789573556,6.060312359346587,1.9818848544964567,0.6881134368486763,1.0
B,quadratic,N4,adamw,F7,8,0.0,8000.0,8000.0,0.0,-0.7174670955427754,-2.1506109582793576,0.7851288245763252,62.78022304882724,52.306618543729854,75.21108763063036,1.7612107053172643,1.7159144604002632,1.8103153189989172,4.887824859933409,3.9796614276407336,5.795867637636551,0.2828923329980171,0.7323135679473032,1.0
