train,test,filter,optimizer,seed,test_acc,majority
AAPL,BTC-USD,F0,adam,0,0.4890185312285518,0.511324639670556
AAPL,BTC-USD,F0,adam,1,0.4886753603294441,0.511324639670556
AAPL,BTC-USD,F0,adam,2,0.4883321894303363,0.511324639670556
AAPL,BTC-USD,F4,adam,0,0.4814687714481812,0.511324639670556
AAPL,BTC-USD,F4,adam,1,0.4814687714481812,0.511324639670556
AAPL,BTC-USD,F4,adam,2,0.4807824296499657,0.511324639670556
AAPL,BTC-USD,F7,adam,0,0.48455730954015097,0.511324639670556
AAPL,BTC-USD,F7,adam,1,0.48421413864104323,0.511324639670556
AAPL,BTC-USD,F7,adam,2,0.48284145504461223,0.511324639670556
AAPL,BTC-USD,F8,adam,0,0.48455730954015097,0.511324639670556
AAPL,BTC-USD,F8,adam,1,0.48421413864104323,0.511324639670556
AAPL,BTC-USD,F8,adam,2,0.48284145504461223,0.511324639670556
AAPL,BTC-USD,F9,adam,0,0.48249828414550444,0.511324639670556
AAPL,BTC-USD,F9,adam,1,0.48249828414550444,0.511324639670556
AAPL,BTC-USD,F9,adam,2,0.48627316403568976,0.511324639670556
AAPL,ETH-USD,F0,adam,0,0.49279341111873715,0.5085792724776939
AAPL,ETH-USD,F0,adam,1,0.4945092656142759,0.5085792724776939
AAPL,ETH-USD,F0,adam,2,0.4938229238160604,0.5085792724776939
AAPL,ETH-USD,F4,adam,0,0.48249828414550444,0.5085792724776939
AAPL,ETH-USD,F4,adam,1,0.48455730954015097,0.5085792724776939
AAPL,ETH-USD,F4,adam,2,0.4835277968428277,0.5085792724776939
AAPL,ETH-USD,F7,adam,0,0.4814687714481812,0.5085792724776939
AAPL,ETH-USD,F7,adam,1,0.48181194234728897,0.5085792724776939
AAPL,ETH-USD,F7,adam,2,0.4776938915579959,0.5085792724776939
AAPL,ETH-USD,F8,adam,0,0.4814687714481812,0.5085792724776939
AAPL,ETH-USD,F8,adam,1,0.48181194234728897,0.5085792724776939
AAPL,ETH-USD,F8,adam,2,0.4776938915579959,0.5085792724776939
AAPL,ETH-USD,F9,adam,0,0.48490048043925876,0.5085792724776939
AAPL,ETH-USD,F9,adam,1,0.4852436513383665,0.5085792724776939
AAPL,ETH-USD,F9,adam,2,0.48455730954015097,0.5085792724776939
AAPL,EURUSD=X,F0,adam,0,0.6479066575154427,0.6479066575154426
AAPL,EURUSD=X,F0,adam,1,0.6479066575154427,0.6479066575154426
AAPL,EURUSD=X,F0,adam,2,0.6479066575154427,0.6479066575154426
AAPL,EURUSD=X,F4,adam,0,0.6434454358270418,0.6479066575154426
AAPL,EURUSD=X,F4,adam,1,0.6400137268359644,0.6479066575154426
AAPL,EURUSD=X,F4,adam,2,0.6427590940288264,0.6479066575154426
AAPL,EURUSD=X,F7,adam,0,0.4358270418668497,0.6479066575154426
AAPL,EURUSD=X,F7,adam,1,0.44715168153740564,0.6479066575154426
AAPL,EURUSD=X,F7,adam,2,0.40150995195607414,0.6479066575154426
AAPL,EURUSD=X,F8,adam,0,0.4358270418668497,0.6479066575154426
AAPL,EURUSD=X,F8,adam,1,0.44715168153740564,0.6479066575154426
AAPL,EURUSD=X,F8,adam,2,0.40150995195607414,0.6479066575154426
AAPL,EURUSD=X,F9,adam,0,0.4622512010981469,0.6479066575154426
AAPL,EURUSD=X,F9,adam,1,0.4612216884008236,0.6479066575154426
AAPL,EURUSD=X,F9,adam,2,0.4413177762525738,0.6479066575154426
AAPL,GBPUSD=X,F0,adam,0,0.6424159231297186,0.6424159231297186
AAPL,GBPUSD=X,F0,adam,1,0.6424159231297186,0.6424159231297186
AAPL,GBPUSD=X,F0,adam,2,0.6424159231297186,0.6424159231297186
AAPL,GBPUSD=X,F4,adam,0,0.6310912834591627,0.6424159231297186
AAPL,GBPUSD=X,F4,adam,1,0.6304049416609472,0.6424159231297186
AAPL,GBPUSD=X,F4,adam,2,0.6307481125600549,0.6424159231297186
AAPL,GBPUSD=X,F7,adam,0,0.4488675360329444,0.6424159231297186
AAPL,GBPUSD=X,F7,adam,1,0.45847632120796156,0.6424159231297186
AAPL,GBPUSD=X,F7,adam,2,0.41146190803019905,0.6424159231297186
AAPL,GBPUSD=X,F8,adam,0,0.4488675360329444,0.6424159231297186
AAPL,GBPUSD=X,F8,adam,1,0.45847632120796156,0.6424159231297186
AAPL,GBPUSD=X,F8,adam,2,0.41146190803019905,0.6424159231297186
AAPL,GBPUSD=X,F9,adam,0,0.47151681537405626,0.6424159231297186
AAPL,GBPUSD=X,F9,adam,1,0.4698009608785175,0.6424159231297186
AAPL,GBPUSD=X,F9,adam,2,0.4464653397391901,0.6424159231297186
AAPL,JPM,F0,adam,0,0.6379547014413178,0.6376115305422101
AAPL,JPM,F0,adam,1,0.6379547014413178,0.6376115305422101
AAPL,JPM,F0,adam,2,0.63761153054221,0.6376115305422101
AAPL,JPM,F4,adam,0,0.5954015099519561,0.6376115305422101
AAPL,JPM,F4,adam,1,0.5861358956760466,0.6376115305422101
AAPL,JPM,F4,adam,2,0.5929993136582018,0.6376115305422101
AAPL,JPM,F7,adam,0,0.46636925188743994,0.6376115305422101
AAPL,JPM,F7,adam,1,0.4728894989704873,0.6376115305422101
AAPL,JPM,F7,adam,2,0.45332875772134523,0.6376115305422101
AAPL,JPM,F8,adam,0,0.46636925188743994,0.6376115305422101
AAPL,JPM,F8,adam,1,0.4728894989704873,0.6376115305422101
AAPL,JPM,F8,adam,2,0.45332875772134523,0.6376115305422101
AAPL,JPM,F9,adam,0,0.48592999313658203,0.6376115305422101
AAPL,JPM,F9,adam,1,0.4852436513383665,0.6376115305422101
AAPL,JPM,F9,adam,2,0.4790665751544269,0.6376115305422101
AAPL,MSFT,F0,adam,0,0.6283459162663007,0.6283459162663005
AAPL,MSFT,F0,adam,1,0.6283459162663007,0.6283459162663005
AAPL,MSFT,F0,adam,2,0.6283459162663007,0.6283459162663005
AAPL,MSFT,F4,adam,0,0.5857927247769389,0.6283459162663005
AAPL,MSFT,F4,adam,1,0.577213452299245,0.6283459162663005
AAPL,MSFT,F4,adam,2,0.5847632120796157,0.6283459162663005
AAPL,MSFT,F7,adam,0,0.45367192862045297,0.6283459162663005
AAPL,MSFT,F7,adam,1,0.4560741249142073,0.6283459162663005
AAPL,MSFT,F7,adam,2,0.4420041180507893,0.6283459162663005
AAPL,MSFT,F8,adam,0,0.45367192862045297,0.6283459162663005
AAPL,MSFT,F8,adam,1,0.4560741249142073,0.6283459162663005
AAPL,MSFT,F8,adam,2,0.4420041180507893,0.6283459162663005
AAPL,MSFT,F9,adam,0,0.4643102264927934,0.6283459162663005
AAPL,MSFT,F9,adam,1,0.4629375428963624,0.6283459162663005
AAPL,MSFT,F9,adam,2,0.45847632120796156,0.6283459162663005
AAPL,QQQ,F0,adam,0,0.6125600549073439,0.6125600549073438
AAPL,QQQ,F0,adam,1,0.6125600549073439,0.6125600549073438
AAPL,QQQ,F0,adam,2,0.6125600549073439,0.6125600549073438
AAPL,QQQ,F4,adam,0,0.5775566231983528,0.6125600549073438
AAPL,QQQ,F4,adam,1,0.5737817433081674,0.6125600549073438
AAPL,QQQ,F4,adam,2,0.5754975978037062,0.6125600549073438
AAPL,QQQ,F7,adam,0,0.4722031571722718,0.6125600549073438
AAPL,QQQ,F7,adam,1,0.4739190116678106,0.6125600549073438
AAPL,QQQ,F7,adam,2,0.4581331503088538,0.6125600549073438
AAPL,QQQ,F8,adam,0,0.4722031571722718,0.6125600549073438
AAPL,QQQ,F8,adam,1,0.4739190116678106,0.6125600549073438
AAPL,QQQ,F8,adam,2,0.4581331503088538,0.6125600549073438
AAPL,QQQ,F9,adam,0,0.4773507206588881,0.6125600549073438
AAPL,QQQ,F9,adam,1,0.4773507206588881,0.6125600549073438
AAPL,QQQ,F9,adam,2,0.4698009608785175,0.6125600549073438
AAPL,SPY,F0,adam,0,0.6187371310912835,0.6187371310912835
AAPL,SPY,F0,adam,1,0.6187371310912835,0.6187371310912835
AAPL,SPY,F0,adam,2,0.6187371310912835,0.6187371310912835
AAPL,SPY,F4,adam,0,0.5998627316403569,0.6187371310912835
AAPL,SPY,F4,adam,1,0.594028826355525,0.6187371310912835
AAPL,SPY,F4,adam,2,0.5998627316403569,0.6187371310912835
AAPL,SPY,F7,adam,0,0.4608785175017159,0.6187371310912835
AAPL,SPY,F7,adam,1,0.4608785175017159,0.6187371310912835
AAPL,SPY,F7,adam,2,0.4457789979409746,0.6187371310912835
AAPL,SPY,F8,adam,0,0.4608785175017159,0.6187371310912835
AAPL,SPY,F8,adam,1,0.4608785175017159,0.6187371310912835
AAPL,SPY,F8,adam,2,0.4457789979409746,0.6187371310912835
AAPL,SPY,F9,adam,0,0.4722031571722718,0.6187371310912835
AAPL,SPY,F9,adam,1,0.4708304735758408,0.6187371310912835
AAPL,SPY,F9,adam,2,0.4608785175017159,0.6187371310912835
BTC-USD,AAPL,F0,adam,0,0.6300617707618394,0.6310912834591627
BTC-USD,AAPL,F0,adam,1,0.3812628689087165,0.6310912834591627
BTC-USD,AAPL,F0,adam,2,0.37508579272477693,0.6310912834591627
BTC-USD,AAPL,F4,adam,0,0.4890185312285518,0.6310912834591627
BTC-USD,AAPL,F4,adam,1,0.5137268359643102,0.6310912834591627
BTC-USD,AAPL,F4,adam,2,0.5199039121482498,0.6310912834591627
BTC-USD,AAPL,F7,adam,0,0.4776938915579959,0.6310912834591627
BTC-USD,AAPL,F7,adam,1,0.4660260809883322,0.6310912834591627
BTC-USD,AAPL,F7,adam,2,0.48421413864104323,0.6310912834591627
BTC-USD,AAPL,F8,adam,0,0.4776938915579959,0.6310912834591627
BTC-USD,AAPL,F8,adam,1,0.4660260809883322,0.6310912834591627
BTC-USD,AAPL,F8,adam,2,0.48421413864104323,0.6310912834591627
BTC-USD,AAPL,F9,adam,0,0.47323266986959506,0.6310912834591627
BTC-USD,AAPL,F9,adam,1,0.47323266986959506,0.6310912834591627
BTC-USD,AAPL,F9,adam,2,0.47254632807137953,0.6310912834591627
BTC-USD,ETH-USD,F0,adam,0,0.5061770761839396,0.5085792724776939
BTC-USD,ETH-USD,F0,adam,1,0.5305422100205902,0.5085792724776939
BTC-USD,ETH-USD,F0,adam,2,0.5229924502402197,0.5085792724776939
BTC-USD,ETH-USD,F4,adam,0,0.4739190116678106,0.5085792724776939
BTC-USD,ETH-USD,F4,adam,1,0.47460535346602606,0.5085792724776939
BTC-USD,ETH-USD,F4,adam,2,0.4759780370624571,0.5085792724776939
BTC-USD,ETH-USD,F7,adam,0,0.4739190116678106,0.5085792724776939
BTC-USD,ETH-USD,F7,adam,1,0.4766643788606726,0.5085792724776939
BTC-USD,ETH-USD,F7,adam,2,0.4728894989704873,0.5085792724776939
BTC-USD,ETH-USD,F8,adam,0,0.4739190116678106,0.5085792724776939
BTC-USD,ETH-USD,F8,adam,1,0.4766643788606726,0.5085792724776939
BTC-USD,ETH-USD,F8,adam,2,0.4728894989704873,0.5085792724776939
BTC-USD,ETH-USD,F9,adam,0,0.4852436513383665,0.5085792724776939
BTC-USD,ETH-USD,F9,adam,1,0.48455730954015097,0.5085792724776939
BTC-USD,ETH-USD,F9,adam,2,0.48490048043925876,0.5085792724776939
BTC-USD,EURUSD=X,F0,adam,0,0.6479066575154427,0.6479066575154426
BTC-USD,EURUSD=X,F0,adam,1,0.3520933424845573,0.6479066575154426
BTC-USD,EURUSD=X,F0,adam,2,0.3520933424845573,0.6479066575154426
BTC-USD,EURUSD=X,F4,adam,0,0.46774193548387094,0.6479066575154426
BTC-USD,EURUSD=X,F4,adam,1,0.5614275909402883,0.6479066575154426
BTC-USD,EURUSD=X,F4,adam,2,0.5878517501715854,0.6479066575154426
BTC-USD,EURUSD=X,F7,adam,0,0.5003431708991077,0.6479066575154426
BTC-USD,EURUSD=X,F7,adam,1,0.4735758407687028,0.6479066575154426
BTC-USD,EURUSD=X,F7,adam,2,0.5144131777625257,0.6479066575154426
BTC-USD,EURUSD=X,F8,adam,0,0.5003431708991077,0.6479066575154426
BTC-USD,EURUSD=X,F8,adam,1,0.4735758407687028,0.6479066575154426
BTC-USD,EURUSD=X,F8,adam,2,0.5144131777625257,0.6479066575154426
BTC-USD,EURUSD=X,F9,adam,0,0.49759780370624573,0.6479066575154426
BTC-USD,EURUSD=X,F9,adam,1,0.4951956074124914,0.6479066575154426
BTC-USD,EURUSD=X,F9,adam,2,0.4982841455044612,0.6479066575154426
BTC-USD,GBPUSD=X,F0,adam,0,0.6424159231297186,0.6424159231297186
BTC-USD,GBPUSD=X,F0,adam,1,0.3582704186684969,0.6424159231297186
BTC-USD,GBPUSD=X,F0,adam,2,0.3575840768702814,0.6424159231297186
BTC-USD,GBPUSD=X,F4,adam,0,0.4739190116678106,0.6424159231297186
BTC-USD,GBPUSD=X,F4,adam,1,0.5439258750857927,0.6424159231297186
BTC-USD,GBPUSD=X,F4,adam,2,0.5820178448867536,0.6424159231297186
BTC-USD,GBPUSD=X,F7,adam,0,0.5041180507892931,0.6424159231297186
BTC-USD,GBPUSD=X,F7,adam,1,0.4787234042553192,0.6424159231297186
BTC-USD,GBPUSD=X,F7,adam,2,0.5123541523678792,0.6424159231297186
BTC-USD,GBPUSD=X,F8,adam,0,0.5041180507892931,0.6424159231297186
BTC-USD,GBPUSD=X,F8,adam,1,0.4787234042553192,0.6424159231297186
BTC-USD,GBPUSD=X,F8,adam,2,0.5123541523678792,0.6424159231297186
BTC-USD,GBPUSD=X,F9,adam,0,0.4969114619080302,0.6424159231297186
BTC-USD,GBPUSD=X,F9,adam,1,0.4903912148249828,0.6424159231297186
BTC-USD,GBPUSD=X,F9,adam,2,0.49759780370624573,0.6424159231297186
BTC-USD,JPM,F0,adam,0,0.6382978723404256,0.6376115305422101
BTC-USD,JPM,F0,adam,1,0.37405628002745367,0.6376115305422101
BTC-USD,JPM,F0,adam,2,0.3668496911461908,0.6376115305422101
BTC-USD,JPM,F4,adam,0,0.48112560054907344,0.6376115305422101
BTC-USD,JPM,F4,adam,1,0.5089224433768016,0.6376115305422101
BTC-USD,JPM,F4,adam,2,0.5271105010295127,0.6376115305422101
BTC-USD,JPM,F7,adam,0,0.4869595058339053,0.6376115305422101
BTC-USD,JPM,F7,adam,1,0.48249828414550444,0.6376115305422101
BTC-USD,JPM,F7,adam,2,0.4903912148249828,0.6376115305422101
BTC-USD,JPM,F8,adam,0,0.4869595058339053,0.6376115305422101
BTC-USD,JPM,F8,adam,1,0.48249828414550444,0.6376115305422101
BTC-USD,JPM,F8,adam,2,0.4903912148249828,0.6376115305422101
BTC-USD,JPM,F9,adam,0,0.4917638984214139,0.6376115305422101
BTC-USD,JPM,F9,adam,1,0.4903912148249828,0.6376115305422101
BTC-USD,JPM,F9,adam,2,0.4917638984214139,0.6376115305422101
BTC-USD,MSFT,F0,adam,0,0.6300617707618394,0.6283459162663005
BTC-USD,MSFT,F0,adam,1,0.3822923816060398,0.6283459162663005
BTC-USD,MSFT,F0,adam,2,0.37508579272477693,0.6283459162663005
BTC-USD,MSFT,F4,adam,0,0.4591626630061771,0.6283459162663005
BTC-USD,MSFT,F4,adam,1,0.4948524365133837,0.6283459162663005
BTC-USD,MSFT,F4,adam,2,0.5137268359643102,0.6283459162663005
BTC-USD,MSFT,F7,adam,0,0.4667124227865477,0.6283459162663005
BTC-USD,MSFT,F7,adam,1,0.46019217570350035,0.6283459162663005
BTC-USD,MSFT,F7,adam,2,0.46705559368565547,0.6283459162663005
BTC-USD,MSFT,F8,adam,0,0.4667124227865477,0.6283459162663005
BTC-USD,MSFT,F8,adam,1,0.46019217570350035,0.6283459162663005
BTC-USD,MSFT,F8,adam,2,0.46705559368565547,0.6283459162663005
BTC-USD,MSFT,F9,adam,0,0.4667124227865477,0.6283459162663005
BTC-USD,MSFT,F9,adam,1,0.4643102264927934,0.6283459162663005
BTC-USD,MSFT,F9,adam,2,0.46705559368565547,0.6283459162663005
BTC-USD,QQQ,F0,adam,0,0.6135895676046671,0.6125600549073438
BTC-USD,QQQ,F0,adam,1,0.394646533973919,0.6125600549073438
BTC-USD,QQQ,F0,adam,2,0.39052848318462596,0.6125600549073438
BTC-USD,QQQ,F4,adam,0,0.4869595058339053,0.6125600549073438
BTC-USD,QQQ,F4,adam,1,0.5188743994509266,0.6125600549073438
BTC-USD,QQQ,F4,adam,2,0.532258064516129,0.6125600549073438
BTC-USD,QQQ,F7,adam,0,0.4800960878517502,0.6125600549073438
BTC-USD,QQQ,F7,adam,1,0.48112560054907344,0.6125600549073438
BTC-USD,QQQ,F7,adam,2,0.48627316403568976,0.6125600549073438
BTC-USD,QQQ,F8,adam,0,0.4800960878517502,0.6125600549073438
BTC-USD,QQQ,F8,adam,1,0.48112560054907344,0.6125600549073438
BTC-USD,QQQ,F8,adam,2,0.48627316403568976,0.6125600549073438
BTC-USD,QQQ,F9,adam,0,0.48112560054907344,0.6125600549073438
BTC-USD,QQQ,F9,adam,1,0.4804392587508579,0.6125600549073438
BTC-USD,QQQ,F9,adam,2,0.48181194234728897,0.6125600549073438
BTC-USD,SPY,F0,adam,0,0.6204529855868223,0.6187371310912835
BTC-USD,SPY,F0,adam,1,0.3840082361015786,0.6187371310912835
BTC-USD,SPY,F0,adam,2,0.3822923816060398,0.6187371310912835
BTC-USD,SPY,F4,adam,0,0.4673987645847632,0.6187371310912835
BTC-USD,SPY,F4,adam,1,0.5099519560741249,0.6187371310912835
BTC-USD,SPY,F4,adam,2,0.5312285518188058,0.6187371310912835
BTC-USD,SPY,F7,adam,0,0.47632120796156485,0.6187371310912835
BTC-USD,SPY,F7,adam,1,0.47014413177762526,0.6187371310912835
BTC-USD,SPY,F7,adam,2,0.47940974605353465,0.6187371310912835
BTC-USD,SPY,F8,adam,0,0.47632120796156485,0.6187371310912835
BTC-USD,SPY,F8,adam,1,0.47014413177762526,0.6187371310912835
BTC-USD,SPY,F8,adam,2,0.47940974605353465,0.6187371310912835
BTC-USD,SPY,F9,adam,0,0.47975291695264244,0.6187371310912835
BTC-USD,SPY,F9,adam,1,0.4800960878517502,0.6187371310912835
BTC-USD,SPY,F9,adam,2,0.48249828414550444,0.6187371310912835
ETH-USD,AAPL,F0,adam,0,0.6314344543582704,0.6310912834591627
ETH-USD,AAPL,F0,adam,1,0.37577213452299246,0.6310912834591627
ETH-USD,AAPL,F0,adam,2,0.38984214138641043,0.6310912834591627
ETH-USD,AAPL,F4,adam,0,0.49656829100892247,0.6310912834591627
ETH-USD,AAPL,F4,adam,1,0.4735758407687028,0.6310912834591627
ETH-USD,AAPL,F4,adam,2,0.5274536719286205,0.6310912834591627
ETH-USD,AAPL,F7,adam,0,0.48112560054907344,0.6310912834591627
ETH-USD,AAPL,F7,adam,1,0.46945778997940973,0.6310912834591627
ETH-USD,AAPL,F7,adam,2,0.4821551132463967,0.6310912834591627
ETH-USD,AAPL,F8,adam,0,0.48112560054907344,0.6310912834591627
ETH-USD,AAPL,F8,adam,1,0.46945778997940973,0.6310912834591627
ETH-USD,AAPL,F8,adam,2,0.4821551132463967,0.6310912834591627
ETH-USD,AAPL,F9,adam,0,0.4752916952642416,0.6310912834591627
ETH-USD,AAPL,F9,adam,1,0.4752916952642416,0.6310912834591627
ETH-USD,AAPL,F9,adam,2,0.4773507206588881,0.6310912834591627
ETH-USD,BTC-USD,F0,adam,0,0.49416609471516815,0.511324639670556
ETH-USD,BTC-USD,F0,adam,1,0.5123541523678792,0.511324639670556
ETH-USD,BTC-USD,F0,adam,2,0.5202470830473576,0.511324639670556
ETH-USD,BTC-USD,F4,adam,0,0.48490048043925876,0.511324639670556
ETH-USD,BTC-USD,F4,adam,1,0.48490048043925876,0.511324639670556
ETH-USD,BTC-USD,F4,adam,2,0.4783802333562114,0.511324639670556
ETH-USD,BTC-USD,F7,adam,0,0.4807824296499657,0.511324639670556
ETH-USD,BTC-USD,F7,adam,1,0.48112560054907344,0.511324639670556
ETH-USD,BTC-USD,F7,adam,2,0.4787234042553192,0.511324639670556
ETH-USD,BTC-USD,F8,adam,0,0.4807824296499657,0.511324639670556
ETH-USD,BTC-USD,F8,adam,1,0.48112560054907344,0.511324639670556
ETH-USD,BTC-USD,F8,adam,2,0.4787234042553192,0.511324639670556
ETH-USD,BTC-USD,F9,adam,0,0.4821551132463967,0.511324639670556
ETH-USD,BTC-USD,F9,adam,1,0.4807824296499657,0.511324639670556
ETH-USD,BTC-USD,F9,adam,2,0.4838709677419355,0.511324639670556
ETH-USD,EURUSD=X,F0,adam,0,0.6479066575154427,0.6479066575154426
ETH-USD,EURUSD=X,F0,adam,1,0.3520933424845573,0.6479066575154426
ETH-USD,EURUSD=X,F0,adam,2,0.35277968428277284,0.6479066575154426
ETH-USD,EURUSD=X,F4,adam,0,0.5065202470830473,0.6479066575154426
ETH-USD,EURUSD=X,F4,adam,1,0.42896362388469456,0.6479066575154426
ETH-USD,EURUSD=X,F4,adam,2,0.5895676046671242,0.6479066575154426
ETH-USD,EURUSD=X,F7,adam,0,0.5223061084420041,0.6479066575154426
ETH-USD,EURUSD=X,F7,adam,1,0.48284145504461223,0.6479066575154426
ETH-USD,EURUSD=X,F7,adam,2,0.5144131777625257,0.6479066575154426
ETH-USD,EURUSD=X,F8,adam,0,0.5223061084420041,0.6479066575154426
ETH-USD,EURUSD=X,F8,adam,1,0.48284145504461223,0.6479066575154426
ETH-USD,EURUSD=X,F8,adam,2,0.5144131777625257,0.6479066575154426
ETH-USD,EURUSD=X,F9,adam,0,0.5209334248455731,0.6479066575154426
ETH-USD,EURUSD=X,F9,adam,1,0.5041180507892931,0.6479066575154426
ETH-USD,EURUSD=X,F9,adam,2,0.5219629375428964,0.6479066575154426
ETH-USD,GBPUSD=X,F0,adam,0,0.6424159231297186,0.6424159231297186
ETH-USD,GBPUSD=X,F0,adam,1,0.3575840768702814,0.6424159231297186
ETH-USD,GBPUSD=X,F0,adam,2,0.3599862731640357,0.6424159231297186
ETH-USD,GBPUSD=X,F4,adam,0,0.5,0.6424159231297186
ETH-USD,GBPUSD=X,F4,adam,1,0.4334248455730954,0.6424159231297186
ETH-USD,GBPUSD=X,F4,adam,2,0.5813315030885381,0.6424159231297186
ETH-USD,GBPUSD=X,F7,adam,0,0.5312285518188058,0.6424159231297186
ETH-USD,GBPUSD=X,F7,adam,1,0.48730267673301303,0.6424159231297186
ETH-USD,GBPUSD=X,F7,adam,2,0.5175017158544956,0.6424159231297186
ETH-USD,GBPUSD=X,F8,adam,0,0.5312285518188058,0.6424159231297186
ETH-USD,GBPUSD=X,F8,adam,1,0.48730267673301303,0.6424159231297186
ETH-USD,GBPUSD=X,F8,adam,2,0.5175017158544956,0.6424159231297186
ETH-USD,GBPUSD=X,F9,adam,0,0.5253946465339739,0.6424159231297186
ETH-USD,GBPUSD=X,F9,adam,1,0.5006863417982155,0.6424159231297186
ETH-USD,GBPUSD=X,F9,adam,2,0.5247083047357584,0.6424159231297186
ETH-USD,JPM,F0,adam,0,0.6386410432395333,0.6376115305422101
ETH-USD,JPM,F0,adam,1,0.3692518874399451,0.6376115305422101
ETH-USD,JPM,F0,adam,2,0.3857240905971174,0.6376115305422101
ETH-USD,JPM,F4,adam,0,0.4907343857240906,0.6376115305422101
ETH-USD,JPM,F4,adam,1,0.45229924502402197,0.6376115305422101
ETH-USD,JPM,F4,adam,2,0.5291695264241593,0.6376115305422101
ETH-USD,JPM,F7,adam,0,0.49656829100892247,0.6376115305422101
ETH-USD,JPM,F7,adam,1,0.4814687714481812,0.6376115305422101
ETH-USD,JPM,F7,adam,2,0.4917638984214139,0.6376115305422101
ETH-USD,JPM,F8,adam,0,0.49656829100892247,0.6376115305422101
ETH-USD,JPM,F8,adam,1,0.4814687714481812,0.6376115305422101
ETH-USD,JPM,F8,adam,2,0.4917638984214139,0.6376115305422101
ETH-USD,JPM,F9,adam,0,0.49588194921070694,0.6376115305422101
ETH-USD,JPM,F9,adam,1,0.4917638984214139,0.6376115305422101
ETH-USD,JPM,F9,adam,2,0.4955387783115992,0.6376115305422101
ETH-USD,MSFT,F0,adam,0,0.6310912834591627,0.6283459162663005
ETH-USD,MSFT,F0,adam,1,0.3768016472203157,0.6283459162663005
ETH-USD,MSFT,F0,adam,2,0.38984214138641043,0.6283459162663005
ETH-USD,MSFT,F4,adam,0,0.4735758407687028,0.6283459162663005
ETH-USD,MSFT,F4,adam,1,0.4464653397391901,0.6283459162663005
ETH-USD,MSFT,F4,adam,2,0.51681537405628,0.6283459162663005
ETH-USD,MSFT,F7,adam,0,0.4698009608785175,0.6283459162663005
ETH-USD,MSFT,F7,adam,1,0.4608785175017159,0.6283459162663005
ETH-USD,MSFT,F7,adam,2,0.46945778997940973,0.6283459162663005
ETH-USD,MSFT,F8,adam,0,0.4698009608785175,0.6283459162663005
ETH-USD,MSFT,F8,adam,1,0.4608785175017159,0.6283459162663005
ETH-USD,MSFT,F8,adam,2,0.46945778997940973,0.6283459162663005
ETH-USD,MSFT,F9,adam,0,0.4735758407687028,0.6283459162663005
ETH-USD,MSFT,F9,adam,1,0.46465339739190115,0.6283459162663005
ETH-USD,MSFT,F9,adam,2,0.4728894989704873,0.6283459162663005
ETH-USD,QQQ,F0,adam,0,0.6146190803019904,0.6125600549073438
ETH-USD,QQQ,F0,adam,1,0.39121482498284144,0.6125600549073438
ETH-USD,QQQ,F0,adam,2,0.40494166094715167,0.6125600549073438
ETH-USD,QQQ,F4,adam,0,0.4962251201098147,0.6125600549073438
ETH-USD,QQQ,F4,adam,1,0.4698009608785175,0.6125600549073438
ETH-USD,QQQ,F4,adam,2,0.5284831846259437,0.6125600549073438
ETH-USD,QQQ,F7,adam,0,0.4852436513383665,0.6125600549073438
ETH-USD,QQQ,F7,adam,1,0.4787234042553192,0.6125600549073438
ETH-USD,QQQ,F7,adam,2,0.4835277968428277,0.6125600549073438
ETH-USD,QQQ,F8,adam,0,0.4852436513383665,0.6125600549073438
ETH-USD,QQQ,F8,adam,1,0.4787234042553192,0.6125600549073438
ETH-USD,QQQ,F8,adam,2,0.4835277968428277,0.6125600549073438
ETH-USD,QQQ,F9,adam,0,0.48798901853122856,0.6125600549073438
ETH-USD,QQQ,F9,adam,1,0.4835277968428277,0.6125600549073438
ETH-USD,QQQ,F9,adam,2,0.4900480439258751,0.6125600549073438
ETH-USD,SPY,F0,adam,0,0.6204529855868223,0.6187371310912835
ETH-USD,SPY,F0,adam,1,0.3829787234042553,0.6187371310912835
ETH-USD,SPY,F0,adam,2,0.39327385037748797,0.6187371310912835
ETH-USD,SPY,F4,adam,0,0.4790665751544269,0.6187371310912835
ETH-USD,SPY,F4,adam,1,0.44371997254632806,0.6187371310912835
ETH-USD,SPY,F4,adam,2,0.5267673301304049,0.6187371310912835
ETH-USD,SPY,F7,adam,0,0.48318462594371997,0.6187371310912835
ETH-USD,SPY,F7,adam,1,0.4698009608785175,0.6187371310912835
ETH-USD,SPY,F7,adam,2,0.47803706245710365,0.6187371310912835
ETH-USD,SPY,F8,adam,0,0.48318462594371997,0.6187371310912835
ETH-USD,SPY,F8,adam,1,0.4698009608785175,0.6187371310912835
ETH-USD,SPY,F8,adam,2,0.47803706245710365,0.6187371310912835
ETH-USD,SPY,F9,adam,0,0.49279341111873715,0.6187371310912835
ETH-USD,SPY,F9,adam,1,0.4821551132463967,0.6187371310912835
ETH-USD,SPY,F9,adam,2,0.49279341111873715,0.6187371310912835
EURUSD=X,AAPL,F0,adam,0,0.6101578586135896,0.6310912834591627
EURUSD=X,AAPL,F0,adam,1,0.6077556623198352,0.6310912834591627
EURUSD=X,AAPL,F0,adam,2,0.6125600549073439,0.6310912834591627
EURUSD=X,AAPL,F4,adam,0,0.5531914893617021,0.6310912834591627
EURUSD=X,AAPL,F4,adam,1,0.5332875772134523,0.6310912834591627
EURUSD=X,AAPL,F4,adam,2,0.5288263555250515,0.6310912834591627
EURUSD=X,AAPL,F7,adam,0,0.47185998627316406,0.6310912834591627
EURUSD=X,AAPL,F7,adam,1,0.47151681537405626,0.6310912834591627
EURUSD=X,AAPL,F7,adam,2,0.47185998627316406,0.6310912834591627
EURUSD=X,AAPL,F8,adam,0,0.47185998627316406,0.6310912834591627
EURUSD=X,AAPL,F8,adam,1,0.47151681537405626,0.6310912834591627
EURUSD=X,AAPL,F8,adam,2,0.47185998627316406,0.6310912834591627
EURUSD=X,AAPL,F9,adam,0,0.4917638984214139,0.6310912834591627
EURUSD=X,AAPL,F9,adam,1,0.4807824296499657,0.6310912834591627
EURUSD=X,AAPL,F9,adam,2,0.5017158544955388,0.6310912834591627
EURUSD=X,BTC-USD,F0,adam,0,0.4852436513383665,0.511324639670556
EURUSD=X,BTC-USD,F0,adam,1,0.4876458476321208,0.511324639670556
EURUSD=X,BTC-USD,F0,adam,2,0.48490048043925876,0.511324639670556
EURUSD=X,BTC-USD,F4,adam,0,0.4869595058339053,0.511324639670556
EURUSD=X,BTC-USD,F4,adam,1,0.49107755662319835,0.511324639670556
EURUSD=X,BTC-USD,F4,adam,2,0.4921070693205216,0.511324639670556
EURUSD=X,BTC-USD,F7,adam,0,0.48592999313658203,0.511324639670556
EURUSD=X,BTC-USD,F7,adam,1,0.48661633493479756,0.511324639670556
EURUSD=X,BTC-USD,F7,adam,2,0.48490048043925876,0.511324639670556
EURUSD=X,BTC-USD,F8,adam,0,0.48592999313658203,0.511324639670556
EURUSD=X,BTC-USD,F8,adam,1,0.48661633493479756,0.511324639670556
EURUSD=X,BTC-USD,F8,adam,2,0.48490048043925876,0.511324639670556
EURUSD=X,BTC-USD,F9,adam,0,0.48249828414550444,0.511324639670556
EURUSD=X,BTC-USD,F9,adam,1,0.4821551132463967,0.511324639670556
EURUSD=X,BTC-USD,F9,adam,2,0.4876458476321208,0.511324639670556
EURUSD=X,ETH-USD,F0,adam,0,0.4900480439258751,0.5085792724776939
EURUSD=X,ETH-USD,F0,adam,1,0.4938229238160604,0.5085792724776939
EURUSD=X,ETH-USD,F0,adam,2,0.4814687714481812,0.5085792724776939
EURUSD=X,ETH-USD,F4,adam,0,0.48592999313658203,0.5085792724776939
EURUSD=X,ETH-USD,F4,adam,1,0.48592999313658203,0.5085792724776939
EURUSD=X,ETH-USD,F4,adam,2,0.48730267673301303,0.5085792724776939
EURUSD=X,ETH-USD,F7,adam,0,0.48181194234728897,0.5085792724776939
EURUSD=X,ETH-USD,F7,adam,1,0.48249828414550444,0.5085792724776939
EURUSD=X,ETH-USD,F7,adam,2,0.4804392587508579,0.5085792724776939
EURUSD=X,ETH-USD,F8,adam,0,0.48181194234728897,0.5085792724776939
EURUSD=X,ETH-USD,F8,adam,1,0.48249828414550444,0.5085792724776939
EURUSD=X,ETH-USD,F8,adam,2,0.4804392587508579,0.5085792724776939
EURUSD=X,ETH-USD,F9,adam,0,0.4790665751544269,0.5085792724776939
EURUSD=X,ETH-USD,F9,adam,1,0.48181194234728897,0.5085792724776939
EURUSD=X,ETH-USD,F9,adam,2,0.4770075497597804,0.5085792724776939
EURUSD=X,GBPUSD=X,F0,adam,0,0.6427590940288264,0.6424159231297186
EURUSD=X,GBPUSD=X,F0,adam,1,0.6427590940288264,0.6424159231297186
EURUSD=X,GBPUSD=X,F0,adam,2,0.6424159231297186,0.6424159231297186
EURUSD=X,GBPUSD=X,F4,adam,0,0.619423472889499,0.6424159231297186
EURUSD=X,GBPUSD=X,F4,adam,1,0.6022649279341112,0.6424159231297186
EURUSD=X,GBPUSD=X,F4,adam,2,0.6012354152367879,0.6424159231297186
EURUSD=X,GBPUSD=X,F7,adam,0,0.5092656142759094,0.6424159231297186
EURUSD=X,GBPUSD=X,F7,adam,1,0.49588194921070694,0.6424159231297186
EURUSD=X,GBPUSD=X,F7,adam,2,0.5003431708991077,0.6424159231297186
EURUSD=X,GBPUSD=X,F8,adam,0,0.5092656142759094,0.6424159231297186
EURUSD=X,GBPUSD=X,F8,adam,1,0.49588194921070694,0.6424159231297186
EURUSD=X,GBPUSD=X,F8,adam,2,0.5003431708991077,0.6424159231297186
EURUSD=X,GBPUSD=X,F9,adam,0,0.560398078242965,0.6424159231297186
EURUSD=X,GBPUSD=X,F9,adam,1,0.5339739190116678,0.6424159231297186
EURUSD=X,GBPUSD=X,F9,adam,2,0.574468085106383,0.6424159231297186
EURUSD=X,JPM,F0,adam,0,0.6118737131091283,0.6376115305422101
EURUSD=X,JPM,F0,adam,1,0.6087851750171586,0.6376115305422101
EURUSD=X,JPM,F0,adam,2,0.6156485929993136,0.6376115305422101
EURUSD=X,JPM,F4,adam,0,0.5652024708304736,0.6376115305422101
EURUSD=X,JPM,F4,adam,1,0.5501029512697323,0.6376115305422101
EURUSD=X,JPM,F4,adam,2,0.5456417295813315,0.6376115305422101
EURUSD=X,JPM,F7,adam,0,0.4969114619080302,0.6376115305422101
EURUSD=X,JPM,F7,adam,1,0.4934797529169526,0.6376115305422101
EURUSD=X,JPM,F7,adam,2,0.4945092656142759,0.6376115305422101
EURUSD=X,JPM,F8,adam,0,0.4969114619080302,0.6376115305422101
EURUSD=X,JPM,F8,adam,1,0.4934797529169526,0.6376115305422101
EURUSD=X,JPM,F8,adam,2,0.4945092656142759,0.6376115305422101
EURUSD=X,JPM,F9,adam,0,0.5106382978723404,0.6376115305422101
EURUSD=X,JPM,F9,adam,1,0.502745367192862,0.6376115305422101
EURUSD=X,JPM,F9,adam,2,0.5150995195607413,0.6376115305422101
EURUSD=X,MSFT,F0,adam,0,0.6070693205216198,0.6283459162663005
EURUSD=X,MSFT,F0,adam,1,0.6046671242278655,0.6283459162663005
EURUSD=X,MSFT,F0,adam,2,0.608098833218943,0.6283459162663005
EURUSD=X,MSFT,F4,adam,0,0.5387783115991764,0.6283459162663005
EURUSD=X,MSFT,F4,adam,1,0.5264241592312972,0.6283459162663005
EURUSD=X,MSFT,F4,adam,2,0.5205902539464653,0.6283459162663005
EURUSD=X,MSFT,F7,adam,0,0.46636925188743994,0.6283459162663005
EURUSD=X,MSFT,F7,adam,1,0.4625943719972546,0.6283459162663005
EURUSD=X,MSFT,F7,adam,2,0.46465339739190115,0.6283459162663005
EURUSD=X,MSFT,F8,adam,0,0.46636925188743994,0.6283459162663005
EURUSD=X,MSFT,F8,adam,1,0.4625943719972546,0.6283459162663005
EURUSD=X,MSFT,F8,adam,2,0.46465339739190115,0.6283459162663005
EURUSD=X,MSFT,F9,adam,0,0.4921070693205216,0.6283459162663005
EURUSD=X,MSFT,F9,adam,1,0.4814687714481812,0.6283459162663005
EURUSD=X,MSFT,F9,adam,2,0.5003431708991077,0.6283459162663005
EURUSD=X,QQQ,F0,adam,0,0.5967741935483871,0.6125600549073438
EURUSD=X,QQQ,F0,adam,1,0.5954015099519561,0.6125600549073438
EURUSD=X,QQQ,F0,adam,2,0.5971173644474949,0.6125600549073438
EURUSD=X,QQQ,F4,adam,0,0.5507892930679479,0.6125600549073438
EURUSD=X,QQQ,F4,adam,1,0.5374056280027454,0.6125600549073438
EURUSD=X,QQQ,F4,adam,2,0.5329444063143446,0.6125600549073438
EURUSD=X,QQQ,F7,adam,0,0.47940974605353465,0.6125600549073438
EURUSD=X,QQQ,F7,adam,1,0.4787234042553192,0.6125600549073438
EURUSD=X,QQQ,F7,adam,2,0.4807824296499657,0.6125600549073438
EURUSD=X,QQQ,F8,adam,0,0.47940974605353465,0.6125600549073438
EURUSD=X,QQQ,F8,adam,1,0.4787234042553192,0.6125600549073438
EURUSD=X,QQQ,F8,adam,2,0.4807824296499657,0.6125600549073438
EURUSD=X,QQQ,F9,adam,0,0.5092656142759094,0.6125600549073438
EURUSD=X,QQQ,F9,adam,1,0.49931365820178447,0.6125600549073438
EURUSD=X,QQQ,F9,adam,2,0.511324639670556,0.6125600549073438
EURUSD=X,SPY,F0,adam,0,0.6070693205216198,0.6187371310912835
EURUSD=X,SPY,F0,adam,1,0.6084420041180508,0.6187371310912835
EURUSD=X,SPY,F0,adam,2,0.6084420041180508,0.6187371310912835
EURUSD=X,SPY,F4,adam,0,0.5686341798215512,0.6187371310912835
EURUSD=X,SPY,F4,adam,1,0.5538778311599176,0.6187371310912835
EURUSD=X,SPY,F4,adam,2,0.5473575840768703,0.6187371310912835
EURUSD=X,SPY,F7,adam,0,0.4838709677419355,0.6187371310912835
EURUSD=X,SPY,F7,adam,1,0.47975291695264244,0.6187371310912835
EURUSD=X,SPY,F7,adam,2,0.4804392587508579,0.6187371310912835
EURUSD=X,SPY,F8,adam,0,0.4838709677419355,0.6187371310912835
EURUSD=X,SPY,F8,adam,1,0.47975291695264244,0.6187371310912835
EURUSD=X,SPY,F8,adam,2,0.4804392587508579,0.6187371310912835
EURUSD=X,SPY,F9,adam,0,0.5164722031571722,0.6187371310912835
EURUSD=X,SPY,F9,adam,1,0.4962251201098147,0.6187371310912835
EURUSD=X,SPY,F9,adam,2,0.5209334248455731,0.6187371310912835
GBPUSD=X,AAPL,F0,adam,0,0.5960878517501715,0.6310912834591627
GBPUSD=X,AAPL,F0,adam,1,0.6022649279341112,0.6310912834591627
GBPUSD=X,AAPL,F0,adam,2,0.6135895676046671,0.6310912834591627
GBPUSD=X,AAPL,F4,adam,0,0.5432395332875772,0.6310912834591627
GBPUSD=X,AAPL,F4,adam,1,0.5356897735072066,0.6310912834591627
GBPUSD=X,AAPL,F4,adam,2,0.5370624571036376,0.6310912834591627
GBPUSD=X,AAPL,F7,adam,0,0.4708304735758408,0.6310912834591627
GBPUSD=X,AAPL,F7,adam,1,0.4739190116678106,0.6310912834591627
GBPUSD=X,AAPL,F7,adam,2,0.470487302676733,0.6310912834591627
GBPUSD=X,AAPL,F8,adam,0,0.4708304735758408,0.6310912834591627
GBPUSD=X,AAPL,F8,adam,1,0.4739190116678106,0.6310912834591627
GBPUSD=X,AAPL,F8,adam,2,0.470487302676733,0.6310912834591627
GBPUSD=X,AAPL,F9,adam,0,0.48284145504461223,0.6310912834591627
GBPUSD=X,AAPL,F9,adam,1,0.47940974605353465,0.6310912834591627
GBPUSD=X,AAPL,F9,adam,2,0.48249828414550444,0.6310912834591627
GBPUSD=X,BTC-USD,F0,adam,0,0.49416609471516815,0.511324639670556
GBPUSD=X,BTC-USD,F0,adam,1,0.49759780370624573,0.511324639670556
GBPUSD=X,BTC-USD,F0,adam,2,0.4938229238160604,0.511324639670556
GBPUSD=X,BTC-USD,F4,adam,0,0.49107755662319835,0.511324639670556
GBPUSD=X,BTC-USD,F4,adam,1,0.4921070693205216,0.511324639670556
GBPUSD=X,BTC-USD,F4,adam,2,0.4921070693205216,0.511324639670556
GBPUSD=X,BTC-USD,F7,adam,0,0.48318462594371997,0.511324639670556
GBPUSD=X,BTC-USD,F7,adam,1,0.4835277968428277,0.511324639670556
GBPUSD=X,BTC-USD,F7,adam,2,0.48558682223747424,0.511324639670556
GBPUSD=X,BTC-USD,F8,adam,0,0.48318462594371997,0.511324639670556
GBPUSD=X,BTC-USD,F8,adam,1,0.4835277968428277,0.511324639670556
GBPUSD=X,BTC-USD,F8,adam,2,0.48558682223747424,0.511324639670556
GBPUSD=X,BTC-USD,F9,adam,0,0.48284145504461223,0.511324639670556
GBPUSD=X,BTC-USD,F9,adam,1,0.4814687714481812,0.511324639670556
GBPUSD=X,BTC-USD,F9,adam,2,0.48318462594371997,0.511324639670556
GBPUSD=X,ETH-USD,F0,adam,0,0.5020590253946465,0.5085792724776939
GBPUSD=X,ETH-USD,F0,adam,1,0.5078929306794784,0.5085792724776939
GBPUSD=X,ETH-USD,F0,adam,2,0.49759780370624573,0.5085792724776939
GBPUSD=X,ETH-USD,F4,adam,0,0.48318462594371997,0.5085792724776939
GBPUSD=X,ETH-USD,F4,adam,1,0.48490048043925876,0.5085792724776939
GBPUSD=X,ETH-USD,F4,adam,2,0.48284145504461223,0.5085792724776939
GBPUSD=X,ETH-USD,F7,adam,0,0.48421413864104323,0.5085792724776939
GBPUSD=X,ETH-USD,F7,adam,1,0.48421413864104323,0.5085792724776939
GBPUSD=X,ETH-USD,F7,adam,2,0.4821551132463967,0.5085792724776939
GBPUSD=X,ETH-USD,F8,adam,0,0.48421413864104323,0.5085792724776939
GBPUSD=X,ETH-USD,F8,adam,1,0.48421413864104323,0.5085792724776939
GBPUSD=X,ETH-USD,F8,adam,2,0.4821551132463967,0.5085792724776939
GBPUSD=X,ETH-USD,F9,adam,0,0.4814687714481812,0.5085792724776939
GBPUSD=X,ETH-USD,F9,adam,1,0.48318462594371997,0.5085792724776939
GBPUSD=X,ETH-USD,F9,adam,2,0.48249828414550444,0.5085792724776939
GBPUSD=X,EURUSD=X,F0,adam,0,0.6479066575154427,0.6479066575154426
GBPUSD=X,EURUSD=X,F0,adam,1,0.6482498284145505,0.6479066575154426
GBPUSD=X,EURUSD=X,F0,adam,2,0.6479066575154427,0.6479066575154426
GBPUSD=X,EURUSD=X,F4,adam,0,0.6293754289636239,0.6479066575154426
GBPUSD=X,EURUSD=X,F4,adam,1,0.6249142072752231,0.6479066575154426
GBPUSD=X,EURUSD=X,F4,adam,2,0.6252573781743308,0.6479066575154426
GBPUSD=X,EURUSD=X,F7,adam,0,0.4886753603294441,0.6479066575154426
GBPUSD=X,EURUSD=X,F7,adam,1,0.4921070693205216,0.6479066575154426
GBPUSD=X,EURUSD=X,F7,adam,2,0.470487302676733,0.6479066575154426
GBPUSD=X,EURUSD=X,F8,adam,0,0.4886753603294441,0.6479066575154426
GBPUSD=X,EURUSD=X,F8,adam,1,0.4921070693205216,0.6479066575154426
GBPUSD=X,EURUSD=X,F8,adam,2,0.470487302676733,0.6479066575154426
GBPUSD=X,EURUSD=X,F9,adam,0,0.540837336993823,0.6479066575154426
GBPUSD=X,EURUSD=X,F9,adam,1,0.5257378174330817,0.6479066575154426
GBPUSD=X,EURUSD=X,F9,adam,2,0.5326012354152367,0.6479066575154426
GBPUSD=X,JPM,F0,adam,0,0.6070693205216198,0.6376115305422101
GBPUSD=X,JPM,F0,adam,1,0.6125600549073439,0.6376115305422101
GBPUSD=X,JPM,F0,adam,2,0.6256005490734385,0.6376115305422101
GBPUSD=X,JPM,F4,adam,0,0.5569663692518875,0.6376115305422101
GBPUSD=X,JPM,F4,adam,1,0.55044612216884,0.6376115305422101
GBPUSD=X,JPM,F4,adam,2,0.5528483184625944,0.6376115305422101
GBPUSD=X,JPM,F7,adam,0,0.49279341111873715,0.6376115305422101
GBPUSD=X,JPM,F7,adam,1,0.49245024021962935,0.6376115305422101
GBPUSD=X,JPM,F7,adam,2,0.48592999313658203,0.6376115305422101
GBPUSD=X,JPM,F8,adam,0,0.49279341111873715,0.6376115305422101
GBPUSD=X,JPM,F8,adam,1,0.49245024021962935,0.6376115305422101
GBPUSD=X,JPM,F8,adam,2,0.48592999313658203,0.6376115305422101
GBPUSD=X,JPM,F9,adam,0,0.5,0.6376115305422101
GBPUSD=X,JPM,F9,adam,1,0.4951956074124914,0.6376115305422101
GBPUSD=X,JPM,F9,adam,2,0.49759780370624573,0.6376115305422101
GBPUSD=X,MSFT,F0,adam,0,0.5936856554564173,0.6283459162663005
GBPUSD=X,MSFT,F0,adam,1,0.602608098833219,0.6283459162663005
GBPUSD=X,MSFT,F0,adam,2,0.608098833218943,0.6283459162663005
GBPUSD=X,MSFT,F4,adam,0,0.5343170899107755,0.6283459162663005
GBPUSD=X,MSFT,F4,adam,1,0.5257378174330817,0.6283459162663005
GBPUSD=X,MSFT,F4,adam,2,0.5281400137268359,0.6283459162663005
GBPUSD=X,MSFT,F7,adam,0,0.46636925188743994,0.6283459162663005
GBPUSD=X,MSFT,F7,adam,1,0.47014413177762526,0.6283459162663005
GBPUSD=X,MSFT,F7,adam,2,0.4629375428963624,0.6283459162663005
GBPUSD=X,MSFT,F8,adam,0,0.46636925188743994,0.6283459162663005
GBPUSD=X,MSFT,F8,adam,1,0.47014413177762526,0.6283459162663005
GBPUSD=X,MSFT,F8,adam,2,0.4629375428963624,0.6283459162663005
GBPUSD=X,MSFT,F9,adam,0,0.4804392587508579,0.6283459162663005
GBPUSD=X,MSFT,F9,adam,1,0.4739190116678106,0.6283459162663005
GBPUSD=X,MSFT,F9,adam,2,0.4787234042553192,0.6283459162663005
GBPUSD=X,QQQ,F0,adam,0,0.5902539464653397,0.6125600549073438
GBPUSD=X,QQQ,F0,adam,1,0.5957446808510638,0.6125600549073438
GBPUSD=X,QQQ,F0,adam,2,0.5988332189430337,0.6125600549073438
GBPUSD=X,QQQ,F4,adam,0,0.5404941660947151,0.6125600549073438
GBPUSD=X,QQQ,F4,adam,1,0.5367192862045299,0.6125600549073438
GBPUSD=X,QQQ,F4,adam,2,0.5367192862045299,0.6125600549073438
GBPUSD=X,QQQ,F7,adam,0,0.4770075497597804,0.6125600549073438
GBPUSD=X,QQQ,F7,adam,1,0.47940974605353465,0.6125600549073438
GBPUSD=X,QQQ,F7,adam,2,0.4756348661633493,0.6125600549073438
GBPUSD=X,QQQ,F8,adam,0,0.4770075497597804,0.6125600549073438
GBPUSD=X,QQQ,F8,adam,1,0.47940974605353465,0.6125600549073438
GBPUSD=X,QQQ,F8,adam,2,0.4756348661633493,0.6125600549073438
GBPUSD=X,QQQ,F9,adam,0,0.49897048730267674,0.6125600549073438
GBPUSD=X,QQQ,F9,adam,1,0.4917638984214139,0.6125600549073438
GBPUSD=X,QQQ,F9,adam,2,0.4962251201098147,0.6125600549073438
GBPUSD=X,SPY,F0,adam,0,0.6036376115305422,0.6187371310912835
GBPUSD=X,SPY,F0,adam,1,0.6084420041180508,0.6187371310912835
GBPUSD=X,SPY,F0,adam,2,0.6129032258064516,0.6187371310912835
GBPUSD=X,SPY,F4,adam,0,0.560398078242965,0.6187371310912835
GBPUSD=X,SPY,F4,adam,1,0.5559368565545642,0.6187371310912835
GBPUSD=X,SPY,F4,adam,2,0.5545641729581332,0.6187371310912835
GBPUSD=X,SPY,F7,adam,0,0.4759780370624571,0.6187371310912835
GBPUSD=X,SPY,F7,adam,1,0.4804392587508579,0.6187371310912835
GBPUSD=X,SPY,F7,adam,2,0.46842827728208647,0.6187371310912835
GBPUSD=X,SPY,F8,adam,0,0.4759780370624571,0.6187371310912835
GBPUSD=X,SPY,F8,adam,1,0.4804392587508579,0.6187371310912835
GBPUSD=X,SPY,F8,adam,2,0.46842827728208647,0.6187371310912835
GBPUSD=X,SPY,F9,adam,0,0.4938229238160604,0.6187371310912835
GBPUSD=X,SPY,F9,adam,1,0.49245024021962935,0.6187371310912835
GBPUSD=X,SPY,F9,adam,2,0.4921070693205216,0.6187371310912835
JPM,AAPL,F0,adam,0,0.6307481125600549,0.6310912834591627
JPM,AAPL,F0,adam,1,0.6297185998627316,0.6310912834591627
JPM,AAPL,F0,adam,2,0.6310912834591627,0.6310912834591627
JPM,AAPL,F4,adam,0,0.5734385724090597,0.6310912834591627
JPM,AAPL,F4,adam,1,0.5703500343170899,0.6310912834591627
JPM,AAPL,F4,adam,2,0.5813315030885381,0.6310912834591627
JPM,AAPL,F7,adam,0,0.4660260809883322,0.6310912834591627
JPM,AAPL,F7,adam,1,0.45092656142759097,0.6310912834591627
JPM,AAPL,F7,adam,2,0.45538778311599176,0.6310912834591627
JPM,AAPL,F8,adam,0,0.4660260809883322,0.6310912834591627
JPM,AAPL,F8,adam,1,0.45092656142759097,0.6310912834591627
JPM,AAPL,F8,adam,2,0.45538778311599176,0.6310912834591627
JPM,AAPL,F9,adam,0,0.46019217570350035,0.6310912834591627
JPM,AAPL,F9,adam,1,0.4622512010981469,0.6310912834591627
JPM,AAPL,F9,adam,2,0.45778997940974603,0.6310912834591627
JPM,BTC-USD,F0,adam,0,0.4907343857240906,0.511324639670556
JPM,BTC-USD,F0,adam,1,0.4945092656142759,0.511324639670556
JPM,BTC-USD,F0,adam,2,0.4900480439258751,0.511324639670556
JPM,BTC-USD,F4,adam,0,0.48318462594371997,0.511324639670556
JPM,BTC-USD,F4,adam,1,0.48455730954015097,0.511324639670556
JPM,BTC-USD,F4,adam,2,0.48284145504461223,0.511324639670556
JPM,BTC-USD,F7,adam,0,0.48936170212765956,0.511324639670556
JPM,BTC-USD,F7,adam,1,0.4883321894303363,0.511324639670556
JPM,BTC-USD,F7,adam,2,0.4852436513383665,0.511324639670556
JPM,BTC-USD,F8,adam,0,0.48936170212765956,0.511324639670556
JPM,BTC-USD,F8,adam,1,0.4883321894303363,0.511324639670556
JPM,BTC-USD,F8,adam,2,0.4852436513383665,0.511324639670556
JPM,BTC-USD,F9,adam,0,0.48455730954015097,0.511324639670556
JPM,BTC-USD,F9,adam,1,0.4835277968428277,0.511324639670556
JPM,BTC-USD,F9,adam,2,0.4852436513383665,0.511324639670556
JPM,ETH-USD,F0,adam,0,0.49416609471516815,0.5085792724776939
JPM,ETH-USD,F0,adam,1,0.4951956074124914,0.5085792724776939
JPM,ETH-USD,F0,adam,2,0.4938229238160604,0.5085792724776939
JPM,ETH-USD,F4,adam,0,0.47632120796156485,0.5085792724776939
JPM,ETH-USD,F4,adam,1,0.4783802333562114,0.5085792724776939
JPM,ETH-USD,F4,adam,2,0.4773507206588881,0.5085792724776939
JPM,ETH-USD,F7,adam,0,0.4752916952642416,0.5085792724776939
JPM,ETH-USD,F7,adam,1,0.4773507206588881,0.5085792724776939
JPM,ETH-USD,F7,adam,2,0.4783802333562114,0.5085792724776939
JPM,ETH-USD,F8,adam,0,0.4752916952642416,0.5085792724776939
JPM,ETH-USD,F8,adam,1,0.4773507206588881,0.5085792724776939
JPM,ETH-USD,F8,adam,2,0.4783802333562114,0.5085792724776939
JPM,ETH-USD,F9,adam,0,0.4852436513383665,0.5085792724776939
JPM,ETH-USD,F9,adam,1,0.48421413864104323,0.5085792724776939
JPM,ETH-USD,F9,adam,2,0.48284145504461223,0.5085792724776939
JPM,EURUSD=X,F0,adam,0,0.6479066575154427,0.6479066575154426
JPM,EURUSD=X,F0,adam,1,0.6479066575154427,0.6479066575154426
JPM,EURUSD=X,F0,adam,2,0.6479066575154427,0.6479066575154426
JPM,EURUSD=X,F4,adam,0,0.6403568977350721,0.6479066575154426
JPM,EURUSD=X,F4,adam,1,0.638984214138641,0.6479066575154426
JPM,EURUSD=X,F4,adam,2,0.6400137268359644,0.6479066575154426
JPM,EURUSD=X,F7,adam,0,0.42587508579272476,0.6479066575154426
JPM,EURUSD=X,F7,adam,1,0.3994509265614276,0.6479066575154426
JPM,EURUSD=X,F7,adam,2,0.4148936170212766,0.6479066575154426
JPM,EURUSD=X,F8,adam,0,0.42587508579272476,0.6479066575154426
JPM,EURUSD=X,F8,adam,1,0.3994509265614276,0.6479066575154426
JPM,EURUSD=X,F8,adam,2,0.4148936170212766,0.6479066575154426
JPM,EURUSD=X,F9,adam,0,0.4450926561427591,0.6479066575154426
JPM,EURUSD=X,F9,adam,1,0.4588194921070693,0.6479066575154426
JPM,EURUSD=X,F9,adam,2,0.4358270418668497,0.6479066575154426
JPM,GBPUSD=X,F0,adam,0,0.6424159231297186,0.6424159231297186
JPM,GBPUSD=X,F0,adam,1,0.6424159231297186,0.6424159231297186
JPM,GBPUSD=X,F0,adam,2,0.6424159231297186,0.6424159231297186
JPM,GBPUSD=X,F4,adam,0,0.6269732326698696,0.6424159231297186
JPM,GBPUSD=X,F4,adam,1,0.6259437199725463,0.6424159231297186
JPM,GBPUSD=X,F4,adam,2,0.6297185998627316,0.6424159231297186
JPM,GBPUSD=X,F7,adam,0,0.4420041180507893,0.6424159231297186
JPM,GBPUSD=X,F7,adam,1,0.4056280027453672,0.6424159231297186
JPM,GBPUSD=X,F7,adam,2,0.4296499656829101,0.6424159231297186
JPM,GBPUSD=X,F8,adam,0,0.4420041180507893,0.6424159231297186
JPM,GBPUSD=X,F8,adam,1,0.4056280027453672,0.6424159231297186
JPM,GBPUSD=X,F8,adam,2,0.4296499656829101,0.6424159231297186
JPM,GBPUSD=X,F9,adam,0,0.4512697323266987,0.6424159231297186
JPM,GBPUSD=X,F9,adam,1,0.4656829100892244,0.6424159231297186
JPM,GBPUSD=X,F9,adam,2,0.4464653397391901,0.6424159231297186
JPM,MSFT,F0,adam,0,0.6283459162663007,0.6283459162663005
JPM,MSFT,F0,adam,1,0.6280027453671929,0.6283459162663005
JPM,MSFT,F0,adam,2,0.6290322580645161,0.6283459162663005
JPM,MSFT,F4,adam,0,0.577213452299245,0.6283459162663005
JPM,MSFT,F4,adam,1,0.5720658888126287,0.6283459162663005
JPM,MSFT,F4,adam,2,0.5809883321894304,0.6283459162663005
JPM,MSFT,F7,adam,0,0.4481811942347289,0.6283459162663005
JPM,MSFT,F7,adam,1,0.44063143445435826,0.6283459162663005
JPM,MSFT,F7,adam,2,0.44543582704186685,0.6283459162663005
JPM,MSFT,F8,adam,0,0.4481811942347289,0.6283459162663005
JPM,MSFT,F8,adam,1,0.44063143445435826,0.6283459162663005
JPM,MSFT,F8,adam,2,0.44543582704186685,0.6283459162663005
JPM,MSFT,F9,adam,0,0.46190803019903914,0.6283459162663005
JPM,MSFT,F9,adam,1,0.4629375428963624,0.6283459162663005
JPM,MSFT,F9,adam,2,0.4591626630061771,0.6283459162663005
JPM,QQQ,F0,adam,0,0.6129032258064516,0.6125600549073438
JPM,QQQ,F0,adam,1,0.6125600549073439,0.6125600549073438
JPM,QQQ,F0,adam,2,0.6125600549073439,0.6125600549073438
JPM,QQQ,F4,adam,0,0.5665751544269046,0.6125600549073438
JPM,QQQ,F4,adam,1,0.5658888126286891,0.6125600549073438
JPM,QQQ,F4,adam,2,0.5710363761153054,0.6125600549073438
JPM,QQQ,F7,adam,0,0.469114619080302,0.6125600549073438
JPM,QQQ,F7,adam,1,0.4560741249142073,0.6125600549073438
JPM,QQQ,F7,adam,2,0.46774193548387094,0.6125600549073438
JPM,QQQ,F8,adam,0,0.469114619080302,0.6125600549073438
JPM,QQQ,F8,adam,1,0.4560741249142073,0.6125600549073438
JPM,QQQ,F8,adam,2,0.46774193548387094,0.6125600549073438
JPM,QQQ,F9,adam,0,0.4708304735758408,0.6125600549073438
JPM,QQQ,F9,adam,1,0.4773507206588881,0.6125600549073438
JPM,QQQ,F9,adam,2,0.4708304735758408,0.6125600549073438
JPM,SPY,F0,adam,0,0.6190803019903912,0.6187371310912835
JPM,SPY,F0,adam,1,0.6187371310912835,0.6187371310912835
JPM,SPY,F0,adam,2,0.6187371310912835,0.6187371310912835
JPM,SPY,F4,adam,0,0.58716540837337,0.6187371310912835
JPM,SPY,F4,adam,1,0.5813315030885381,0.6187371310912835
JPM,SPY,F4,adam,2,0.589910775566232,0.6187371310912835
JPM,SPY,F7,adam,0,0.456417295813315,0.6187371310912835
JPM,SPY,F7,adam,1,0.4444063143445436,0.6187371310912835
JPM,SPY,F7,adam,2,0.4526424159231297,0.6187371310912835
JPM,SPY,F8,adam,0,0.456417295813315,0.6187371310912835
JPM,SPY,F8,adam,1,0.4444063143445436,0.6187371310912835
JPM,SPY,F8,adam,2,0.4526424159231297,0.6187371310912835
JPM,SPY,F9,adam,0,0.4629375428963624,0.6187371310912835
JPM,SPY,F9,adam,1,0.46877144818119426,0.6187371310912835
JPM,SPY,F9,adam,2,0.45710363761153056,0.6187371310912835
MSFT,AAPL,F0,adam,0,0.6307481125600549,0.6310912834591627
MSFT,AAPL,F0,adam,1,0.6314344543582704,0.6310912834591627
MSFT,AAPL,F0,adam,2,0.632120796156486,0.6310912834591627
MSFT,AAPL,F4,adam,0,0.579958819492107,0.6310912834591627
MSFT,AAPL,F4,adam,1,0.575840768702814,0.6310912834591627
MSFT,AAPL,F4,adam,2,0.579958819492107,0.6310912834591627
MSFT,AAPL,F7,adam,0,0.4464653397391901,0.6310912834591627
MSFT,AAPL,F7,adam,1,0.4378860672614962,0.6310912834591627
MSFT,AAPL,F7,adam,2,0.43994509265614273,0.6310912834591627
MSFT,AAPL,F8,adam,0,0.4464653397391901,0.6310912834591627
MSFT,AAPL,F8,adam,1,0.4378860672614962,0.6310912834591627
MSFT,AAPL,F8,adam,2,0.43994509265614273,0.6310912834591627
MSFT,AAPL,F9,adam,0,0.4557309540150995,0.6310912834591627
MSFT,AAPL,F9,adam,1,0.4560741249142073,0.6310912834591627
MSFT,AAPL,F9,adam,2,0.4560741249142073,0.6310912834591627
MSFT,BTC-USD,F0,adam,0,0.49588194921070694,0.511324639670556
MSFT,BTC-USD,F0,adam,1,0.4931365820178449,0.511324639670556
MSFT,BTC-USD,F0,adam,2,0.4934797529169526,0.511324639670556
MSFT,BTC-USD,F4,adam,0,0.48181194234728897,0.511324639670556
MSFT,BTC-USD,F4,adam,1,0.4800960878517502,0.511324639670556
MSFT,BTC-USD,F4,adam,2,0.4814687714481812,0.511324639670556
MSFT,BTC-USD,F7,adam,0,0.47975291695264244,0.511324639670556
MSFT,BTC-USD,F7,adam,1,0.4790665751544269,0.511324639670556
MSFT,BTC-USD,F7,adam,2,0.4800960878517502,0.511324639670556
MSFT,BTC-USD,F8,adam,0,0.47975291695264244,0.511324639670556
MSFT,BTC-USD,F8,adam,1,0.4790665751544269,0.511324639670556
MSFT,BTC-USD,F8,adam,2,0.4800960878517502,0.511324639670556
MSFT,BTC-USD,F9,adam,0,0.48558682223747424,0.511324639670556
MSFT,BTC-USD,F9,adam,1,0.48627316403568976,0.511324639670556
MSFT,BTC-USD,F9,adam,2,0.4890185312285518,0.511324639670556
MSFT,ETH-USD,F0,adam,0,0.5037748798901853,0.5085792724776939
MSFT,ETH-USD,F0,adam,1,0.5054907343857241,0.5085792724776939
MSFT,ETH-USD,F0,adam,2,0.5,0.5085792724776939
MSFT,ETH-USD,F4,adam,0,0.4800960878517502,0.5085792724776939
MSFT,ETH-USD,F4,adam,1,0.48112560054907344,0.5085792724776939
MSFT,ETH-USD,F4,adam,2,0.4814687714481812,0.5085792724776939
MSFT,ETH-USD,F7,adam,0,0.4838709677419355,0.5085792724776939
MSFT,ETH-USD,F7,adam,1,0.48181194234728897,0.5085792724776939
MSFT,ETH-USD,F7,adam,2,0.4807824296499657,0.5085792724776939
MSFT,ETH-USD,F8,adam,0,0.4838709677419355,0.5085792724776939
MSFT,ETH-USD,F8,adam,1,0.48181194234728897,0.5085792724776939
MSFT,ETH-USD,F8,adam,2,0.4807824296499657,0.5085792724776939
MSFT,ETH-USD,F9,adam,0,0.4838709677419355,0.5085792724776939
MSFT,ETH-USD,F9,adam,1,0.4835277968428277,0.5085792724776939
MSFT,ETH-USD,F9,adam,2,0.48284145504461223,0.5085792724776939
MSFT,EURUSD=X,F0,adam,0,0.6479066575154427,0.6479066575154426
MSFT,EURUSD=X,F0,adam,1,0.6479066575154427,0.6479066575154426
MSFT,EURUSD=X,F0,adam,2,0.6479066575154427,0.6479066575154426
MSFT,EURUSD=X,F4,adam,0,0.6413864104323953,0.6479066575154426
MSFT,EURUSD=X,F4,adam,1,0.6393273850377488,0.6479066575154426
MSFT,EURUSD=X,F4,adam,2,0.6403568977350721,0.6479066575154426
MSFT,EURUSD=X,F7,adam,0,0.37714481811942346,0.6479066575154426
MSFT,EURUSD=X,F7,adam,1,0.3682223747426218,0.6479066575154426
MSFT,EURUSD=X,F7,adam,2,0.36719286204529855,0.6479066575154426
MSFT,EURUSD=X,F8,adam,0,0.37714481811942346,0.6479066575154426
MSFT,EURUSD=X,F8,adam,1,0.3682223747426218,0.6479066575154426
MSFT,EURUSD=X,F8,adam,2,0.36719286204529855,0.6479066575154426
MSFT,EURUSD=X,F9,adam,0,0.4334248455730954,0.6479066575154426
MSFT,EURUSD=X,F9,adam,1,0.4347975291695264,0.6479066575154426
MSFT,EURUSD=X,F9,adam,2,0.4310226492793411,0.6479066575154426
MSFT,GBPUSD=X,F0,adam,0,0.6424159231297186,0.6424159231297186
MSFT,GBPUSD=X,F0,adam,1,0.6424159231297186,0.6424159231297186
MSFT,GBPUSD=X,F0,adam,2,0.6424159231297186,0.6424159231297186
MSFT,GBPUSD=X,F4,adam,0,0.6297185998627316,0.6424159231297186
MSFT,GBPUSD=X,F4,adam,1,0.6276595744680851,0.6424159231297186
MSFT,GBPUSD=X,F4,adam,2,0.6286890871654084,0.6424159231297186
MSFT,GBPUSD=X,F7,adam,0,0.3939601921757035,0.6424159231297186
MSFT,GBPUSD=X,F7,adam,1,0.38057652711050105,0.6424159231297186
MSFT,GBPUSD=X,F7,adam,2,0.3826355525051476,0.6424159231297186
MSFT,GBPUSD=X,F8,adam,0,0.3939601921757035,0.6424159231297186
MSFT,GBPUSD=X,F8,adam,1,0.38057652711050105,0.6424159231297186
MSFT,GBPUSD=X,F8,adam,2,0.3826355525051476,0.6424159231297186
MSFT,GBPUSD=X,F9,adam,0,0.44406314344543585,0.6424159231297186
MSFT,GBPUSD=X,F9,adam,1,0.44063143445435826,0.6424159231297186
MSFT,GBPUSD=X,F9,adam,2,0.4402882635552505,0.6424159231297186
MSFT,JPM,F0,adam,0,0.6379547014413178,0.6376115305422101
MSFT,JPM,F0,adam,1,0.6379547014413178,0.6376115305422101
MSFT,JPM,F0,adam,2,0.6386410432395333,0.6376115305422101
MSFT,JPM,F4,adam,0,0.5868222374742622,0.6376115305422101
MSFT,JPM,F4,adam,1,0.5816746739876458,0.6376115305422101
MSFT,JPM,F4,adam,2,0.5809883321894304,0.6376115305422101
MSFT,JPM,F7,adam,0,0.44989704873026765,0.6376115305422101
MSFT,JPM,F7,adam,1,0.43548387096774194,0.6376115305422101
MSFT,JPM,F7,adam,2,0.4413177762525738,0.6376115305422101
MSFT,JPM,F8,adam,0,0.44989704873026765,0.6376115305422101
MSFT,JPM,F8,adam,1,0.43548387096774194,0.6376115305422101
MSFT,JPM,F8,adam,2,0.4413177762525738,0.6376115305422101
MSFT,JPM,F9,adam,0,0.4776938915579959,0.6376115305422101
MSFT,JPM,F9,adam,1,0.47632120796156485,0.6376115305422101
MSFT,JPM,F9,adam,2,0.4752916952642416,0.6376115305422101
MSFT,QQQ,F0,adam,0,0.6139327385037748,0.6125600549073438
MSFT,QQQ,F0,adam,1,0.6135895676046671,0.6125600549073438
MSFT,QQQ,F0,adam,2,0.6132463967055594,0.6125600549073438
MSFT,QQQ,F4,adam,0,0.5720658888126287,0.6125600549073438
MSFT,QQQ,F4,adam,1,0.5676046671242279,0.6125600549073438
MSFT,QQQ,F4,adam,2,0.5679478380233356,0.6125600549073438
MSFT,QQQ,F7,adam,0,0.4450926561427591,0.6125600549073438
MSFT,QQQ,F7,adam,1,0.4402882635552505,0.6125600549073438
MSFT,QQQ,F7,adam,2,0.4420041180507893,0.6125600549073438
MSFT,QQQ,F8,adam,0,0.4450926561427591,0.6125600549073438
MSFT,QQQ,F8,adam,1,0.4402882635552505,0.6125600549073438
MSFT,QQQ,F8,adam,2,0.4420041180507893,0.6125600549073438
MSFT,QQQ,F9,adam,0,0.470487302676733,0.6125600549073438
MSFT,QQQ,F9,adam,1,0.469114619080302,0.6125600549073438
MSFT,QQQ,F9,adam,2,0.46808510638297873,0.6125600549073438
MSFT,SPY,F0,adam,0,0.6197666437886067,0.6187371310912835
MSFT,SPY,F0,adam,1,0.6197666437886067,0.6187371310912835
MSFT,SPY,F0,adam,2,0.619423472889499,0.6187371310912835
MSFT,SPY,F4,adam,0,0.5943719972546329,0.6187371310912835
MSFT,SPY,F4,adam,1,0.5892244337680165,0.6187371310912835
MSFT,SPY,F4,adam,2,0.5895676046671242,0.6187371310912835
MSFT,SPY,F7,adam,0,0.44063143445435826,0.6187371310912835
MSFT,SPY,F7,adam,1,0.43067947838023335,0.6187371310912835
MSFT,SPY,F7,adam,2,0.43239533287577214,0.6187371310912835
MSFT,SPY,F8,adam,0,0.44063143445435826,0.6187371310912835
MSFT,SPY,F8,adam,1,0.43067947838023335,0.6187371310912835
MSFT,SPY,F8,adam,2,0.43239533287577214,0.6187371310912835
MSFT,SPY,F9,adam,0,0.456417295813315,0.6187371310912835
MSFT,SPY,F9,adam,1,0.4543582704186685,0.6187371310912835
MSFT,SPY,F9,adam,2,0.45332875772134523,0.6187371310912835
QQQ,AAPL,F0,adam,0,0.6304049416609472,0.6310912834591627
QQQ,AAPL,F0,adam,1,0.6304049416609472,0.6310912834591627
QQQ,AAPL,F0,adam,2,0.6314344543582704,0.6310912834591627
QQQ,AAPL,F4,adam,0,0.5693205216197667,0.6310912834591627
QQQ,AAPL,F4,adam,1,0.5648592999313659,0.6310912834591627
QQQ,AAPL,F4,adam,2,0.5634866163349348,0.6310912834591627
QQQ,AAPL,F7,adam,0,0.45161290322580644,0.6310912834591627
QQQ,AAPL,F7,adam,1,0.4447494852436513,0.6310912834591627
QQQ,AAPL,F7,adam,2,0.4444063143445436,0.6310912834591627
QQQ,AAPL,F8,adam,0,0.45161290322580644,0.6310912834591627
QQQ,AAPL,F8,adam,1,0.4447494852436513,0.6310912834591627
QQQ,AAPL,F8,adam,2,0.4444063143445436,0.6310912834591627
QQQ,AAPL,F9,adam,0,0.4560741249142073,0.6310912834591627
QQQ,AAPL,F9,adam,1,0.45538778311599176,0.6310912834591627
QQQ,AAPL,F9,adam,2,0.45092656142759097,0.6310912834591627
QQQ,BTC-USD,F0,adam,0,0.49279341111873715,0.511324639670556
QQQ,BTC-USD,F0,adam,1,0.49279341111873715,0.511324639670556
QQQ,BTC-USD,F0,adam,2,0.4907343857240906,0.511324639670556
QQQ,BTC-USD,F4,adam,0,0.4814687714481812,0.511324639670556
QQQ,BTC-USD,F4,adam,1,0.48284145504461223,0.511324639670556
QQQ,BTC-USD,F4,adam,2,0.48455730954015097,0.511324639670556
QQQ,BTC-USD,F7,adam,0,0.48284145504461223,0.511324639670556
QQQ,BTC-USD,F7,adam,1,0.48112560054907344,0.511324639670556
QQQ,BTC-USD,F7,adam,2,0.4814687714481812,0.511324639670556
QQQ,BTC-USD,F8,adam,0,0.48284145504461223,0.511324639670556
QQQ,BTC-USD,F8,adam,1,0.48112560054907344,0.511324639670556
QQQ,BTC-USD,F8,adam,2,0.4814687714481812,0.511324639670556
QQQ,BTC-USD,F9,adam,0,0.48661633493479756,0.511324639670556
QQQ,BTC-USD,F9,adam,1,0.48936170212765956,0.511324639670556
QQQ,BTC-USD,F9,adam,2,0.48627316403568976,0.511324639670556
QQQ,ETH-USD,F0,adam,0,0.49897048730267674,0.5085792724776939
QQQ,ETH-USD,F0,adam,1,0.5058339052848319,0.5085792724776939
QQQ,ETH-USD,F0,adam,2,0.49588194921070694,0.5085792724776939
QQQ,ETH-USD,F4,adam,0,0.48249828414550444,0.5085792724776939
QQQ,ETH-USD,F4,adam,1,0.4821551132463967,0.5085792724776939
QQQ,ETH-USD,F4,adam,2,0.4807824296499657,0.5085792724776939
QQQ,ETH-USD,F7,adam,0,0.4852436513383665,0.5085792724776939
QQQ,ETH-USD,F7,adam,1,0.48421413864104323,0.5085792724776939
QQQ,ETH-USD,F7,adam,2,0.4838709677419355,0.5085792724776939
QQQ,ETH-USD,F8,adam,0,0.4852436513383665,0.5085792724776939
QQQ,ETH-USD,F8,adam,1,0.48421413864104323,0.5085792724776939
QQQ,ETH-USD,F8,adam,2,0.4838709677419355,0.5085792724776939
QQQ,ETH-USD,F9,adam,0,0.48284145504461223,0.5085792724776939
QQQ,ETH-USD,F9,adam,1,0.4821551132463967,0.5085792724776939
QQQ,ETH-USD,F9,adam,2,0.48181194234728897,0.5085792724776939
QQQ,EURUSD=X,F0,adam,0,0.6479066575154427,0.6479066575154426
QQQ,EURUSD=X,F0,adam,1,0.6479066575154427,0.6479066575154426
QQQ,EURUSD=X,F0,adam,2,0.6479066575154427,0.6479066575154426
QQQ,EURUSD=X,F4,adam,0,0.6382978723404256,0.6479066575154426
QQQ,EURUSD=X,F4,adam,1,0.6382978723404256,0.6479066575154426
QQQ,EURUSD=X,F4,adam,2,0.6382978723404256,0.6479066575154426
QQQ,EURUSD=X,F7,adam,0,0.3870967741935484,0.6479066575154426
QQQ,EURUSD=X,F7,adam,1,0.37577213452299246,0.6479066575154426
QQQ,EURUSD=X,F7,adam,2,0.37577213452299246,0.6479066575154426
QQQ,EURUSD=X,F8,adam,0,0.3870967741935484,0.6479066575154426
QQQ,EURUSD=X,F8,adam,1,0.37577213452299246,0.6479066575154426
QQQ,EURUSD=X,F8,adam,2,0.37577213452299246,0.6479066575154426
QQQ,EURUSD=X,F9,adam,0,0.4334248455730954,0.6479066575154426
QQQ,EURUSD=X,F9,adam,1,0.4279341111873713,0.6479066575154426
QQQ,EURUSD=X,F9,adam,2,0.4203843514070007,0.6479066575154426
QQQ,GBPUSD=X,F0,adam,0,0.6424159231297186,0.6424159231297186
QQQ,GBPUSD=X,F0,adam,1,0.6424159231297186,0.6424159231297186
QQQ,GBPUSD=X,F0,adam,2,0.6424159231297186,0.6424159231297186
QQQ,GBPUSD=X,F4,adam,0,0.6273164035689773,0.6424159231297186
QQQ,GBPUSD=X,F4,adam,1,0.6269732326698696,0.6424159231297186
QQQ,GBPUSD=X,F4,adam,2,0.6242278654770076,0.6424159231297186
QQQ,GBPUSD=X,F7,adam,0,0.4008236101578586,0.6424159231297186
QQQ,GBPUSD=X,F7,adam,1,0.39430336307481123,0.6424159231297186
QQQ,GBPUSD=X,F7,adam,2,0.39498970487302676,0.6424159231297186
QQQ,GBPUSD=X,F8,adam,0,0.4008236101578586,0.6424159231297186
QQQ,GBPUSD=X,F8,adam,1,0.39430336307481123,0.6424159231297186
QQQ,GBPUSD=X,F8,adam,2,0.39498970487302676,0.6424159231297186
QQQ,GBPUSD=X,F9,adam,0,0.4402882635552505,0.6424159231297186
QQQ,GBPUSD=X,F9,adam,1,0.439601921757035,0.6424159231297186
QQQ,GBPUSD=X,F9,adam,2,0.42930679478380235,0.6424159231297186
QQQ,JPM,F0,adam,0,0.6369251887439945,0.6376115305422101
QQQ,JPM,F0,adam,1,0.636238846945779,0.6376115305422101
QQQ,JPM,F0,adam,2,0.6365820178448868,0.6376115305422101
QQQ,JPM,F4,adam,0,0.5761839396019217,0.6376115305422101
QQQ,JPM,F4,adam,1,0.574468085106383,0.6376115305422101
QQQ,JPM,F4,adam,2,0.5727522306108442,0.6376115305422101
QQQ,JPM,F7,adam,0,0.45778997940974603,0.6376115305422101
QQQ,JPM,F7,adam,1,0.4492107069320522,0.6376115305422101
QQQ,JPM,F7,adam,2,0.45092656142759097,0.6376115305422101
QQQ,JPM,F8,adam,0,0.45778997940974603,0.6376115305422101
QQQ,JPM,F8,adam,1,0.4492107069320522,0.6376115305422101
QQQ,JPM,F8,adam,2,0.45092656142759097,0.6376115305422101
QQQ,JPM,F9,adam,0,0.4770075497597804,0.6376115305422101
QQQ,JPM,F9,adam,1,0.4759780370624571,0.6376115305422101
QQQ,JPM,F9,adam,2,0.47460535346602606,0.6376115305422101
QQQ,MSFT,F0,adam,0,0.6276595744680851,0.6283459162663005
QQQ,MSFT,F0,adam,1,0.6286890871654084,0.6283459162663005
QQQ,MSFT,F0,adam,2,0.6283459162663007,0.6283459162663005
QQQ,MSFT,F4,adam,0,0.5693205216197667,0.6283459162663005
QQQ,MSFT,F4,adam,1,0.5679478380233356,0.6283459162663005
QQQ,MSFT,F4,adam,2,0.5631434454358271,0.6283459162663005
QQQ,MSFT,F7,adam,0,0.4488675360329444,0.6283459162663005
QQQ,MSFT,F7,adam,1,0.4461221688400824,0.6283459162663005
QQQ,MSFT,F7,adam,2,0.4461221688400824,0.6283459162663005
QQQ,MSFT,F8,adam,0,0.4488675360329444,0.6283459162663005
QQQ,MSFT,F8,adam,1,0.4461221688400824,0.6283459162663005
QQQ,MSFT,F8,adam,2,0.4461221688400824,0.6283459162663005
QQQ,MSFT,F9,adam,0,0.4588194921070693,0.6283459162663005
QQQ,MSFT,F9,adam,1,0.45778997940974603,0.6283459162663005
QQQ,MSFT,F9,adam,2,0.4598490048043926,0.6283459162663005
QQQ,SPY,F0,adam,0,0.6190803019903912,0.6187371310912835
QQQ,SPY,F0,adam,1,0.619423472889499,0.6187371310912835
QQQ,SPY,F0,adam,2,0.6187371310912835,0.6187371310912835
QQQ,SPY,F4,adam,0,0.5840768702814001,0.6187371310912835
QQQ,SPY,F4,adam,1,0.5823610157858614,0.6187371310912835
QQQ,SPY,F4,adam,2,0.5803019903912148,0.6187371310912835
QQQ,SPY,F7,adam,0,0.4416609471516815,0.6187371310912835
QQQ,SPY,F7,adam,1,0.4402882635552505,0.6187371310912835
QQQ,SPY,F7,adam,2,0.43925875085792726,0.6187371310912835
QQQ,SPY,F8,adam,0,0.4416609471516815,0.6187371310912835
QQQ,SPY,F8,adam,1,0.4402882635552505,0.6187371310912835
QQQ,SPY,F8,adam,2,0.43925875085792726,0.6187371310912835
QQQ,SPY,F9,adam,0,0.455044612216884,0.6187371310912835
QQQ,SPY,F9,adam,1,0.45367192862045297,0.6187371310912835
QQQ,SPY,F9,adam,2,0.4505833905284832,0.6187371310912835
SPY,AAPL,F0,adam,0,0.6317776252573781,0.6310912834591627
SPY,AAPL,F0,adam,1,0.6262868908716541,0.6310912834591627
SPY,AAPL,F0,adam,2,0.6304049416609472,0.6310912834591627
SPY,AAPL,F4,adam,0,0.5586822237474263,0.6310912834591627
SPY,AAPL,F4,adam,1,0.5483870967741935,0.6310912834591627
SPY,AAPL,F4,adam,2,0.5511324639670556,0.6310912834591627
SPY,AAPL,F7,adam,0,0.4526424159231297,0.6310912834591627
SPY,AAPL,F7,adam,1,0.4433768016472203,0.6310912834591627
SPY,AAPL,F7,adam,2,0.4444063143445436,0.6310912834591627
SPY,AAPL,F8,adam,0,0.4526424159231297,0.6310912834591627
SPY,AAPL,F8,adam,1,0.4433768016472203,0.6310912834591627
SPY,AAPL,F8,adam,2,0.4444063143445436,0.6310912834591627
SPY,AAPL,F9,adam,0,0.4560741249142073,0.6310912834591627
SPY,AAPL,F9,adam,1,0.45229924502402197,0.6310912834591627
SPY,AAPL,F9,adam,2,0.45367192862045297,0.6310912834591627
SPY,BTC-USD,F0,adam,0,0.4948524365133837,0.511324639670556
SPY,BTC-USD,F0,adam,1,0.5030885380919699,0.511324639670556
SPY,BTC-USD,F0,adam,2,0.49794097460535347,0.511324639670556
SPY,BTC-USD,F4,adam,0,0.4869595058339053,0.511324639670556
SPY,BTC-USD,F4,adam,1,0.4903912148249828,0.511324639670556
SPY,BTC-USD,F4,adam,2,0.4890185312285518,0.511324639670556
SPY,BTC-USD,F7,adam,0,0.47975291695264244,0.511324639670556
SPY,BTC-USD,F7,adam,1,0.4783802333562114,0.511324639670556
SPY,BTC-USD,F7,adam,2,0.4776938915579959,0.511324639670556
SPY,BTC-USD,F8,adam,0,0.47975291695264244,0.511324639670556
SPY,BTC-USD,F8,adam,1,0.4783802333562114,0.511324639670556
SPY,BTC-USD,F8,adam,2,0.4776938915579959,0.511324639670556
SPY,BTC-USD,F9,adam,0,0.48627316403568976,0.511324639670556
SPY,BTC-USD,F9,adam,1,0.48661633493479756,0.511324639670556
SPY,BTC-USD,F9,adam,2,0.48284145504461223,0.511324639670556
SPY,ETH-USD,F0,adam,0,0.5020590253946465,0.5085792724776939
SPY,ETH-USD,F0,adam,1,0.5054907343857241,0.5085792724776939
SPY,ETH-USD,F0,adam,2,0.5013726835964311,0.5085792724776939
SPY,ETH-USD,F4,adam,0,0.47940974605353465,0.5085792724776939
SPY,ETH-USD,F4,adam,1,0.47975291695264244,0.5085792724776939
SPY,ETH-USD,F4,adam,2,0.48249828414550444,0.5085792724776939
SPY,ETH-USD,F7,adam,0,0.47975291695264244,0.5085792724776939
SPY,ETH-USD,F7,adam,1,0.4766643788606726,0.5085792724776939
SPY,ETH-USD,F7,adam,2,0.4770075497597804,0.5085792724776939
SPY,ETH-USD,F8,adam,0,0.47975291695264244,0.5085792724776939
SPY,ETH-USD,F8,adam,1,0.4766643788606726,0.5085792724776939
SPY,ETH-USD,F8,adam,2,0.4770075497597804,0.5085792724776939
SPY,ETH-USD,F9,adam,0,0.4835277968428277,0.5085792724776939
SPY,ETH-USD,F9,adam,1,0.4807824296499657,0.5085792724776939
SPY,ETH-USD,F9,adam,2,0.48181194234728897,0.5085792724776939
SPY,EURUSD=X,F0,adam,0,0.6479066575154427,0.6479066575154426
SPY,EURUSD=X,F0,adam,1,0.6479066575154427,0.6479066575154426
SPY,EURUSD=X,F0,adam,2,0.6479066575154427,0.6479066575154426
SPY,EURUSD=X,F4,adam,0,0.6369251887439945,0.6479066575154426
SPY,EURUSD=X,F4,adam,1,0.636238846945779,0.6479066575154426
SPY,EURUSD=X,F4,adam,2,0.6379547014413178,0.6479066575154426
SPY,EURUSD=X,F7,adam,0,0.40494166094715167,0.6479066575154426
SPY,EURUSD=X,F7,adam,1,0.37405628002745367,0.6479066575154426
SPY,EURUSD=X,F7,adam,2,0.38057652711050105,0.6479066575154426
SPY,EURUSD=X,F8,adam,0,0.40494166094715167,0.6479066575154426
SPY,EURUSD=X,F8,adam,1,0.37405628002745367,0.6479066575154426
SPY,EURUSD=X,F8,adam,2,0.38057652711050105,0.6479066575154426
SPY,EURUSD=X,F9,adam,0,0.4344543582704187,0.6479066575154426
SPY,EURUSD=X,F9,adam,1,0.4186684969114619,0.6479066575154426
SPY,EURUSD=X,F9,adam,2,0.4124914207275223,0.6479066575154426
SPY,GBPUSD=X,F0,adam,0,0.6424159231297186,0.6424159231297186
SPY,GBPUSD=X,F0,adam,1,0.6424159231297186,0.6424159231297186
SPY,GBPUSD=X,F0,adam,2,0.6424159231297186,0.6424159231297186
SPY,GBPUSD=X,F4,adam,0,0.6245710363761153,0.6424159231297186
SPY,GBPUSD=X,F4,adam,1,0.6214824982841455,0.6424159231297186
SPY,GBPUSD=X,F4,adam,2,0.6218256691832532,0.6424159231297186
SPY,GBPUSD=X,F7,adam,0,0.4107755662319835,0.6424159231297186
SPY,GBPUSD=X,F7,adam,1,0.3894989704873027,0.6424159231297186
SPY,GBPUSD=X,F7,adam,2,0.39807824296499655,0.6424159231297186
SPY,GBPUSD=X,F8,adam,0,0.4107755662319835,0.6424159231297186
SPY,GBPUSD=X,F8,adam,1,0.3894989704873027,0.6424159231297186
SPY,GBPUSD=X,F8,adam,2,0.39807824296499655,0.6424159231297186
SPY,GBPUSD=X,F9,adam,0,0.4402882635552505,0.6424159231297186
SPY,GBPUSD=X,F9,adam,1,0.42621825669183255,0.6424159231297186
SPY,GBPUSD=X,F9,adam,2,0.4148936170212766,0.6424159231297186
SPY,JPM,F0,adam,0,0.6372683596431022,0.6376115305422101
SPY,JPM,F0,adam,1,0.6352093342484557,0.6376115305422101
SPY,JPM,F0,adam,2,0.6372683596431022,0.6376115305422101
SPY,JPM,F4,adam,0,0.5717227179135209,0.6376115305422101
SPY,JPM,F4,adam,1,0.5662319835277968,0.6376115305422101
SPY,JPM,F4,adam,2,0.5676046671242279,0.6376115305422101
SPY,JPM,F7,adam,0,0.4612216884008236,0.6376115305422101
SPY,JPM,F7,adam,1,0.44063143445435826,0.6376115305422101
SPY,JPM,F7,adam,2,0.45024021962937544,0.6376115305422101
SPY,JPM,F8,adam,0,0.4612216884008236,0.6376115305422101
SPY,JPM,F8,adam,1,0.44063143445435826,0.6376115305422101
SPY,JPM,F8,adam,2,0.45024021962937544,0.6376115305422101
SPY,JPM,F9,adam,0,0.4766643788606726,0.6376115305422101
SPY,JPM,F9,adam,1,0.47460535346602606,0.6376115305422101
SPY,JPM,F9,adam,2,0.4752916952642416,0.6376115305422101
SPY,MSFT,F0,adam,0,0.6286890871654084,0.6283459162663005
SPY,MSFT,F0,adam,1,0.6259437199725463,0.6283459162663005
SPY,MSFT,F0,adam,2,0.6283459162663007,0.6283459162663005
SPY,MSFT,F4,adam,0,0.5586822237474263,0.6283459162663005
SPY,MSFT,F4,adam,1,0.5483870967741935,0.6283459162663005
SPY,MSFT,F4,adam,2,0.5535346602608099,0.6283459162663005
SPY,MSFT,F7,adam,0,0.45676046671242276,0.6283459162663005
SPY,MSFT,F7,adam,1,0.44097460535346605,0.6283459162663005
SPY,MSFT,F7,adam,2,0.4447494852436513,0.6283459162663005
SPY,MSFT,F8,adam,0,0.45676046671242276,0.6283459162663005
SPY,MSFT,F8,adam,1,0.44097460535346605,0.6283459162663005
SPY,MSFT,F8,adam,2,0.4447494852436513,0.6283459162663005
SPY,MSFT,F9,adam,0,0.4591626630061771,0.6283459162663005
SPY,MSFT,F9,adam,1,0.45847632120796156,0.6283459162663005
SPY,MSFT,F9,adam,2,0.4560741249142073,0.6283459162663005
SPY,QQQ,F0,adam,0,0.6125600549073439,0.6125600549073438
SPY,QQQ,F0,adam,1,0.6115305422100206,0.6125600549073438
SPY,QQQ,F0,adam,2,0.6135895676046671,0.6125600549073438
SPY,QQQ,F4,adam,0,0.557652711050103,0.6125600549073438
SPY,QQQ,F4,adam,1,0.5514756348661634,0.6125600549073438
SPY,QQQ,F4,adam,2,0.5525051475634866,0.6125600549073438
SPY,QQQ,F7,adam,0,0.45332875772134523,0.6125600549073438
SPY,QQQ,F7,adam,1,0.4426904598490048,0.6125600549073438
SPY,QQQ,F7,adam,2,0.44680851063829785,0.6125600549073438
SPY,QQQ,F8,adam,0,0.45332875772134523,0.6125600549073438
SPY,QQQ,F8,adam,1,0.4426904598490048,0.6125600549073438
SPY,QQQ,F8,adam,2,0.44680851063829785,0.6125600549073438
SPY,QQQ,F9,adam,0,0.46877144818119426,0.6125600549073438
SPY,QQQ,F9,adam,1,0.4608785175017159,0.6125600549073438
SPY,QQQ,F9,adam,2,0.4595058339052848,0.6125600549073438
