stage1_mcnemar_p,rate_gain,hit_F0,hit_Fk,n_both,speedup_both,t_stat,p_cond,cohen_d,block,model,noise,optimizer,filter
1.0,0.0,1.0,1.0,100,0.803127026797955,-4.0622573910327535,0.9999513059660835,-0.4062257391032753,A,ar,N1,clipped_sgd,F1
1.0,0.0,1.0,1.0,100,0.8435375052993889,-3.4036763704314392,0.9995194708156633,-0.3403676370431439,A,ar,N1,clipped_sgd,F2
1.0,0.0,1.0,1.0,100,0.9048500761036878,-1.5543541254267974,0.9383544577520037,-0.15543541254267976,A,ar,N1,clipped_sgd,F3
1.0,0.0,1.0,1.0,100,0.63894992955459,-6.587736361450481,0.9999999989131932,-0.658773636145048,A,ar,N1,clipped_sgd,F4
1.0,0.0,1.0,1.0,100,0.7810549260124416,-4.1186238362154475,0.999960439921893,-0.4118623836215447,A,ar,N1,clipped_sgd,F5
0.3776143287523155,0.02999999999999997,0.32,0.35,13,0.8880572101949884,-0.24513255823054397,0.5947521596345152,-0.06798753907583759,A,ar,N1,normalized_sgd,F1
1.0,-0.32,0.32,0.0,0,,,,,A,ar,N1,normalized_sgd,F2
0.9999997685663402,-0.25,0.32,0.07,4,14.640877829110226,3.271765419929634,0.023357393480094635,1.635882709964817,A,ar,N1,normalized_sgd,F3
0.9943345079082064,-0.14,0.32,0.18,7,0.4688036396726609,-0.9478363052690906,0.8100962624439467,-0.3582484496200448,A,ar,N1,normalized_sgd,F4
0.9179252991084468,-0.08000000000000002,0.32,0.24,7,2.4123925414070375,1.4703007533801626,0.09594042683731231,0.5557214494164029,A,ar,N1,normalized_sgd,F5
1.0,0.0,1.0,1.0,100,0.803127026797955,-4.0622573910327535,0.9999513059660835,-0.4062257391032753,A,ar,N1,sgd,F1
1.0,0.0,1.0,1.0,100,0.8435375052993889,-3.4036763704314392,0.9995194708156633,-0.3403676370431439,A,ar,N1,sgd,F2
1.0,0.0,1.0,1.0,100,0.9048500761036878,-1.5543541254267974,0.9383544577520037,-0.15543541254267976,A,ar,N1,sgd,F3
1.0,0.0,1.0,1.0,100,0.63894992955459,-6.587736361450481,0.9999999989131932,-0.658773636145048,A,ar,N1,sgd,F4
1.0,0.0,1.0,1.0,100,0.7810549260124416,-4.1186238362154475,0.999960439921893,-0.4118623836215447,A,ar,N1,sgd,F5
1.0,-0.01,0.01,0.0,0,,,,,A,ar,N2,clipped_sgd,F1
1.0,-0.01,0.01,0.0,0,,,,,A,ar,N2,clipped_sgd,F2
1.0,-0.01,0.01,0.0,0,,,,,A,ar,N2,clipped_sgd,F3
1.0,-0.01,0.01,0.0,0,,,,,A,ar,N2,clipped_sgd,F4
0.75,0.0,0.01,0.01,0,,,,,A,ar,N2,clipped_sgd,F5
1.0,0.0,0.0,0.0,0,,,,,A,ar,N2,normalized_sgd,F1
0.25,0.02,0.0,0.02,0,,,,,A,ar,N2,normalized_sgd,F2
1.0,0.0,0.0,0.0,0,,,,,A,ar,N2,normalized_sgd,F3
1.0,0.0,0.0,0.0,0,,,,,A,ar,N2,normalized_sgd,F4
1.0,0.0,0.0,0.0,0,,,,,A,ar,N2,normalized_sgd,F5
1.0,-0.01,0.01,0.0,0,,,,,A,ar,N2,sgd,F1
1.0,-0.01,0.01,0.0,0,,,,,A,ar,N2,sgd,F2
1.0,-0.01,0.01,0.0,0,,,,,A,ar,N2,sgd,F3
1.0,-0.01,0.01,0.0,0,,,,,A,ar,N2,sgd,F4
0.75,0.0,0.01,0.01,0,,,,,A,ar,N2,sgd,F5
0.98046875,-0.05,0.07,0.02,0,,,,,A,ar,N3,clipped_sgd,F1
1.0,-0.07,0.07,0.0,0,,,,,A,ar,N3,clipped_sgd,F2
0.88671875,-0.030000000000000006,0.07,0.04,0,,,,,A,ar,N3,clipped_sgd,F3
1.3234889800848443e-23,0.76,0.07,0.83,7,1.5098134865094115,1.0392109067810782,0.16938009022385161,0.3927848027269514,A,ar,N3,clipped_sgd,F4
1.454028420503369e-25,0.8699999999999999,0.07,0.94,6,1.6076722595160426,2.1877967365021305,0.04015971408706825,0.8931642775594134,A,ar,N3,clipped_sgd,F5
1.0,-0.09,0.09,0.0,0,,,,,A,ar,N3,normalized_sgd,F1
1.0,-0.09,0.09,0.0,0,,,,,A,ar,N3,normalized_sgd,F2
0.9990234375,-0.08,0.09,0.01,0,,,,,A,ar,N3,normalized_sgd,F3
0.696380615234375,-0.009999999999999995,0.09,0.08,1,,,,,A,ar,N3,normalized_sgd,F4
0.13158798217773438,0.06,0.09,0.15,2,,,,,A,ar,N3,normalized_sgd,F5
0.5,0.01,0.01,0.02,0,,,,,A,ar,N3,sgd,F1
1.0,-0.01,0.01,0.0,0,,,,,A,ar,N3,sgd,F2
0.75,0.0,0.01,0.01,0,,,,,A,ar,N3,sgd,F3
4.1359030627651384e-25,0.8099999999999999,0.01,0.82,1,,,,,A,ar,N3,sgd,F4
1.0097419586828951e-28,0.9299999999999999,0.01,0.94,1,,,,,A,ar,N3,sgd,F5
1.0,0.0,0.0,0.0,0,,,,,A,ar,N4,clipped_sgd,F1
1.0,0.0,0.0,0.0,0,,,,,A,ar,N4,clipped_sgd,F2
1.0,0.0,0.0,0.0,0,,,,,A,ar,N4,clipped_sgd,F3
1.0,0.0,0.0,0.0,0,,,,,A,ar,N4,clipped_sgd,F4
1.0,0.0,0.0,0.0,0,,,,,A,ar,N4,clipped_sgd,F5
1.0,0.0,0.0,0.0,0,,,,,A,ar,N4,normalized_sgd,F1
1.0,0.0,0.0,0.0,0,,,,,A,ar,N4,normalized_sgd,F2
1.0,0.0,0.0,0.0,0,,,,,A,ar,N4,normalized_sgd,F3
1.0,0.0,0.0,0.0,0,,,,,A,ar,N4,normalized_sgd,F4
1.0,0.0,0.0,0.0,0,,,,,A,ar,N4,normalized_sgd,F5
1.0,0.0,0.0,0.0,0,,,,,A,ar,N4,sgd,F1
1.0,0.0,0.0,0.0,0,,,,,A,ar,N4,sgd,F2
1.0,0.0,0.0,0.0,0,,,,,A,ar,N4,sgd,F3
1.0,0.0,0.0,0.0,0,,,,,A,ar,N4,sgd,F4
1.0,0.0,0.0,0.0,0,,,,,A,ar,N4,sgd,F5
1.0,0.0,1.0,1.0,100,0.9942836497808718,-4.132995320130441,0.9999624912980583,-0.41329953201304404,A,logistic,N1,clipped_sgd,F1
1.0,0.0,1.0,1.0,100,0.9956402009648944,-2.0425737672605355,0.9781235790211877,-0.20425737672605357,A,logistic,N1,clipped_sgd,F2
1.0,0.0,1.0,1.0,100,1.0049320103444104,1.1597271512393874,0.12447463014060746,0.11597271512393875,A,logistic,N1,clipped_sgd,F3
1.0,0.0,1.0,1.0,100,0.9621476399230847,-5.929723005175084,0.9999999777288208,-0.5929723005175085,A,logistic,N1,clipped_sgd,F4
1.0,0.0,1.0,1.0,100,0.96339194761946,-6.004343660759046,0.9999999840855966,-0.6004343660759046,A,logistic,N1,clipped_sgd,F5
1.0,0.0,1.0,1.0,100,1.2457075605489276,9.182389604163612,3.320617168929107e-15,0.9182389604163613,A,logistic,N1,normalized_sgd,F1
1.0,0.0,1.0,1.0,100,1.3687662459978978,11.768367368634385,8.038550865199863e-21,1.1768367368634385,A,logistic,N1,normalized_sgd,F2
1.0,0.0,1.0,1.0,100,1.5355272588475481,18.01623805925862,2.563847171973866e-33,1.8016238059258622,A,logistic,N1,normalized_sgd,F3
1.0,0.0,1.0,1.0,100,1.0333434206192915,1.2888978690737245,0.10021862731669832,0.12888978690737246,A,logistic,N1,normalized_sgd,F4
1.0,0.0,1.0,1.0,100,1.2093450344530305,6.90892253707466,2.388502438525429e-10,0.6908922537074661,A,logistic,N1,normalized_sgd,F5
1.0,0.0,1.0,1.0,100,0.9942836497808718,-4.132995320130441,0.9999624912980583,-0.41329953201304404,A,logistic,N1,sgd,F1
1.0,0.0,1.0,1.0,100,0.9956402009648944,-2.0425737672605355,0.9781235790211877,-0.20425737672605357,A,logistic,N1,sgd,F2
1.0,0.0,1.0,1.0,100,1.0049320103444104,1.1597271512393874,0.12447463014060746,0.11597271512393875,A,logistic,N1,sgd,F3
1.0,0.0,1.0,1.0,100,0.9621476399230847,-5.929723005175084,0.9999999777288208,-0.5929723005175085,A,logistic,N1,sgd,F4
1.0,0.0,1.0,1.0,100,0.96339194761946,-6.004343660759046,0.9999999840855966,-0.6004343660759046,A,logistic,N1,sgd,F5
1.0,0.0,0.0,0.0,0,,,,,A,logistic,N2,clipped_sgd,F1
1.0,0.0,0.0,0.0,0,,,,,A,logistic,N2,clipped_sgd,F2
1.0,0.0,0.0,0.0,0,,,,,A,logistic,N2,clipped_sgd,F3
1.0,0.0,0.0,0.0,0,,,,,A,logistic,N2,clipped_sgd,F4
1.0,0.0,0.0,0.0,0,,,,,A,logistic,N2,clipped_sgd,F5
1.0,0.0,0.0,0.0,0,,,,,A,logistic,N2,normalized_sgd,F1
1.0,0.0,0.0,0.0,0,,,,,A,logistic,N2,normalized_sgd,F2
1.0,0.0,0.0,0.0,0,,,,,A,logistic,N2,normalized_sgd,F3
1.0,0.0,0.0,0.0,0,,,,,A,logistic,N2,normalized_sgd,F4
1.0,0.0,0.0,0.0,0,,,,,A,logistic,N2,normalized_sgd,F5
1.0,0.0,0.0,0.0,0,,,,,A,logistic,N2,sgd,F1
1.0,0.0,0.0,0.0,0,,,,,A,logistic,N2,sgd,F2
1.0,0.0,0.0,0.0,0,,,,,A,logistic,N2,sgd,F3
1.0,0.0,0.0,0.0,0,,,,,A,logistic,N2,sgd,F4
1.0,0.0,0.0,0.0,0,,,,,A,logistic,N2,sgd,F5
1.0,-0.16,0.16,0.0,0,,,,,A,logistic,N3,clipped_sgd,F1
1.0,-0.16,0.16,0.0,0,,,,,A,logistic,N3,clipped_sgd,F2
1.0,-0.16,0.16,0.0,0,,,,,A,logistic,N3,clipped_sgd,F3
1.0339757656912846e-25,0.83,0.16,0.99,16,1.3331648772225622,7.1187290309108056,1.7569545892067324e-06,1.7796822577277014,A,logistic,N3,clipped_sgd,F4
1.0339757656912846e-25,0.83,0.16,0.99,16,1.3442643623396526,7.050570769437193,1.967149637726901e-06,1.7626426923592982,A,logistic,N3,clipped_sgd,F5
1.0,-0.51,0.51,0.0,0,,,,,A,logistic,N3,normalized_sgd,F1
1.0,-0.51,0.51,0.0,0,,,,,A,logistic,N3,normalized_sgd,F2
1.0,-0.51,0.51,0.0,0,,,,,A,logistic,N3,normalized_sgd,F3
2.177813485104707e-12,0.44999999999999996,0.51,0.96,49,1.709079044148126,10.462679813811103,2.821269484877198e-14,1.4946685448301578,A,logistic,N3,normalized_sgd,F4
1.1333156635373598e-12,0.45999999999999996,0.51,0.97,49,1.7927479876672168,10.368853034888245,3.817361578199549e-14,1.4812647192697492,A,logistic,N3,normalized_sgd,F5
1.0,0.0,0.0,0.0,0,,,,,A,logistic,N3,sgd,F1
1.0,0.0,0.0,0.0,0,,,,,A,logistic,N3,sgd,F2
1.0,0.0,0.0,0.0,0,,,,,A,logistic,N3,sgd,F3
1.5777218104420236e-30,0.99,0.0,0.99,0,,,,,A,logistic,N3,sgd,F4
1.5777218104420236e-30,0.99,0.0,0.99,0,,,,,A,logistic,N3,sgd,F5
1.0,0.0,0.0,0.0,0,,,,,A,logistic,N4,clipped_sgd,F1
1.0,0.0,0.0,0.0,0,,,,,A,logistic,N4,clipped_sgd,F2
1.0,0.0,0.0,0.0,0,,,,,A,logistic,N4,clipped_sgd,F3
1.0,0.0,0.0,0.0,0,,,,,A,logistic,N4,clipped_sgd,F4
1.0,0.0,0.0,0.0,0,,,,,A,logistic,N4,clipped_sgd,F5
1.0,0.0,0.0,0.0,0,,,,,A,logistic,N4,normalized_sgd,F1
1.0,0.0,0.0,0.0,0,,,,,A,logistic,N4,normalized_sgd,F2
1.0,0.0,0.0,0.0,0,,,,,A,logistic,N4,normalized_sgd,F3
1.0,0.0,0.0,0.0,0,,,,,A,logistic,N4,normalized_sgd,F4
1.0,0.0,0.0,0.0,0,,,,,A,logistic,N4,normalized_sgd,F5
1.0,0.0,0.0,0.0,0,,,,,A,logistic,N4,sgd,F1
1.0,0.0,0.0,0.0,0,,,,,A,logistic,N4,sgd,F2
1.0,0.0,0.0,0.0,0,,,,,A,logistic,N4,sgd,F3
1.0,0.0,0.0,0.0,0,,,,,A,logistic,N4,sgd,F4
1.0,0.0,0.0,0.0,0,,,,,A,logistic,N4,sgd,F5
1.0,0.0,1.0,1.0,100,1.001177470908503,0.8292291981707363,0.20448482168087478,0.08292291981707363,A,quadratic,N1,clipped_sgd,F1
1.0,0.0,1.0,1.0,100,1.018171963381271,5.5349792926778,1.2773834646965032e-07,0.55349792926778,A,quadratic,N1,clipped_sgd,F2
1.0,0.0,1.0,1.0,100,1.0152558006295145,2.5602109992780155,0.005985985750334661,0.2560210999278016,A,quadratic,N1,clipped_sgd,F3
1.0,0.0,1.0,1.0,100,0.9821842226092053,-4.465225113495283,0.9999893806146914,-0.44652251134952825,A,quadratic,N1,clipped_sgd,F4
1.0,0.0,1.0,1.0,100,1.0015806483630327,0.4101222068196913,0.34130123459922046,0.04101222068196913,A,quadratic,N1,clipped_sgd,F5
1.0,0.0,1.0,1.0,100,1.7630764432157606,32.17587318235196,1.572447036892421e-54,3.2175873182351955,A,quadratic,N1,normalized_sgd,F1
1.0,0.0,1.0,1.0,100,2.217984250546459,81.82960978699394,4.959226852414105e-93,8.182960978699393,A,quadratic,N1,normalized_sgd,F2
1.0,0.0,1.0,1.0,100,2.303940521152676,78.44281179457379,3.05809545696178e-91,7.844281179457379,A,quadratic,N1,normalized_sgd,F3
1.0,0.0,1.0,1.0,100,1.476180289802824,25.58941556983445,9.798639940215909e-46,2.558941556983445,A,quadratic,N1,normalized_sgd,F4
1.0,0.0,1.0,1.0,100,1.802382919867269,39.93321548359312,3.731044547244738e-63,3.993321548359312,A,quadratic,N1,normalized_sgd,F5
1.0,0.0,1.0,1.0,100,1.001177470908503,0.8292291981707363,0.20448482168087478,0.08292291981707363,A,quadratic,N1,sgd,F1
1.0,0.0,1.0,1.0,100,1.018171963381271,5.5349792926778,1.2773834646965032e-07,0.55349792926778,A,quadratic,N1,sgd,F2
1.0,0.0,1.0,1.0,100,1.0152558006295145,2.5602109992780155,0.005985985750334661,0.2560210999278016,A,quadratic,N1,sgd,F3
1.0,0.0,1.0,1.0,100,0.9821842226092053,-4.465225113495283,0.9999893806146914,-0.44652251134952825,A,quadratic,N1,sgd,F4
1.0,0.0,1.0,1.0,100,1.0015806483630327,0.4101222068196913,0.34130123459922046,0.04101222068196913,A,quadratic,N1,sgd,F5
1.0,0.0,0.0,0.0,0,,,,,A,quadratic,N2,clipped_sgd,F1
1.0,0.0,0.0,0.0,0,,,,,A,quadratic,N2,clipped_sgd,F2
1.0,0.0,0.0,0.0,0,,,,,A,quadratic,N2,clipped_sgd,F3
1.0,0.0,0.0,0.0,0,,,,,A,quadratic,N2,clipped_sgd,F4
1.0,0.0,0.0,0.0,0,,,,,A,quadratic,N2,clipped_sgd,F5
1.0,0.0,0.0,0.0,0,,,,,A,quadratic,N2,normalized_sgd,F1
1.0,0.0,0.0,0.0,0,,,,,A,quadratic,N2,normalized_sgd,F2
1.0,0.0,0.0,0.0,0,,,,,A,quadratic,N2,normalized_sgd,F3
1.0,0.0,0.0,0.0,0,,,,,A,quadratic,N2,normalized_sgd,F4
1.0,0.0,0.0,0.0,0,,,,,A,quadratic,N2,normalized_sgd,F5
1.0,0.0,0.0,0.0,0,,,,,A,quadratic,N2,sgd,F1
1.0,0.0,0.0,0.0,0,,,,,A,quadratic,N2,sgd,F2
1.0,0.0,0.0,0.0,0,,,,,A,quadratic,N2,sgd,F3
1.0,0.0,0.0,0.0,0,,,,,A,quadratic,N2,sgd,F4
1.0,0.0,0.0,0.0,0,,,,,A,quadratic,N2,sgd,F5
1.0,-1.0,1.0,0.0,0,,,,,A,quadratic,N3,clipped_sgd,F1
1.0,-1.0,1.0,0.0,0,,,,,A,quadratic,N3,clipped_sgd,F2
1.0,-0.73,1.0,0.27,27,0.3430732709848975,-7.732891100224939,0.999999983381077,-1.4881955861096432,A,quadratic,N3,clipped_sgd,F3
1.0,0.0,1.0,1.0,100,2.4275633185442276,20.540120290590387,8.943538246799355e-38,2.0540120290590385,A,quadratic,N3,clipped_sgd,F4
1.0,0.0,1.0,1.0,100,2.508794573068198,21.776465326630817,7.753865449731566e-40,2.177646532663082,A,quadratic,N3,clipped_sgd,F5
1.0,-1.0,1.0,0.0,0,,,,,A,quadratic,N3,normalized_sgd,F1
1.0,-1.0,1.0,0.0,0,,,,,A,quadratic,N3,normalized_sgd,F2
1.0,-0.8200000000000001,1.0,0.18,18,0.330639608351836,-6.112331016046484,0.9999942490156822,-1.4406902367677765,A,quadratic,N3,normalized_sgd,F3
1.0,0.0,1.0,1.0,100,3.1058372881642287,33.266517634298076,7.647295255117158e-56,3.3266517634298074,A,quadratic,N3,normalized_sgd,F4
1.0,0.0,1.0,1.0,100,3.926397350376283,41.32296229411721,1.5254917314938256e-64,4.132296229411721,A,quadratic,N3,normalized_sgd,F5
1.0,0.0,0.0,0.0,0,,,,,A,quadratic,N3,sgd,F1
1.0,0.0,0.0,0.0,0,,,,,A,quadratic,N3,sgd,F2
1.0,0.0,0.0,0.0,0,,,,,A,quadratic,N3,sgd,F3
7.888609052210118e-31,1.0,0.0,1.0,0,,,,,A,quadratic,N3,sgd,F4
7.888609052210118e-31,1.0,0.0,1.0,0,,,,,A,quadratic,N3,sgd,F5
1.0,0.0,0.0,0.0,0,,,,,A,quadratic,N4,clipped_sgd,F1
1.0,0.0,0.0,0.0,0,,,,,A,quadratic,N4,clipped_sgd,F2
1.0,0.0,0.0,0.0,0,,,,,A,quadratic,N4,clipped_sgd,F3
1.0,0.0,0.0,0.0,0,,,,,A,quadratic,N4,clipped_sgd,F4
1.0,0.0,0.0,0.0,0,,,,,A,quadratic,N4,clipped_sgd,F5
1.0,0.0,0.0,0.0,0,,,,,A,quadratic,N4,normalized_sgd,F1
1.0,0.0,0.0,0.0,0,,,,,A,quadratic,N4,normalized_sgd,F2
1.0,0.0,0.0,0.0,0,,,,,A,quadratic,N4,normalized_sgd,F3
1.0,0.0,0.0,0.0,0,,,,,A,quadratic,N4,normalized_sgd,F4
1.0,0.0,0.0,0.0,0,,,,,A,quadratic,N4,normalized_sgd,F5
1.0,0.0,0.0,0.0,0,,,,,A,quadratic,N4,sgd,F1
1.0,0.0,0.0,0.0,0,,,,,A,quadratic,N4,sgd,F2
1.0,0.0,0.0,0.0,0,,,,,A,quadratic,N4,sgd,F3
1.0,0.0,0.0,0.0,0,,,,,A,quadratic,N4,sgd,F4
1.0,0.0,0.0,0.0,0,,,,,A,quadratic,N4,sgd,F5
0.21749640256107672,0.06999999999999995,0.52,0.59,26,0.6867947026235618,-1.2133604752950111,0.8818340180339037,-0.2379595669442876,B,ar,N2,adam,F1
1.2452015312192087e-05,0.29000000000000004,0.52,0.81,43,1.1825311934071019,0.8706136045807983,0.19445712350438527,0.13276733001068736,B,ar,N2,adam,F2
7.5486004789127045e-06,0.28,0.52,0.8,45,1.402205617447078,1.4376980110303146,0.07879707896639815,0.21431936558533504,B,ar,N2,adam,F3
0.4999999999999998,0.010000000000000009,0.52,0.53,25,0.7496415891533358,-1.461986254922987,0.9216416442381948,-0.2923972509845974,B,ar,N2,adam,F4
0.005675795718389054,0.17999999999999994,0.52,0.7,38,0.8827235489995979,-0.6039828228374694,0.7252296800276117,-0.09797895185926388,B,ar,N2,adam,F5
0.21749640256107672,0.06999999999999995,0.52,0.59,26,0.6867947026235618,-1.2133604752950111,0.8818340180339037,-0.2379595669442876,B,ar,N2,adamw,F1
1.2452015312192087e-05,0.29000000000000004,0.52,0.81,43,1.1825311934071019,0.8706136045807983,0.19445712350438527,0.13276733001068736,B,ar,N2,adamw,F2
7.5486004789127045e-06,0.28,0.52,0.8,45,1.4117357626917533,1.4682186164300393,0.07457895616156963,0.21886910881121713,B,ar,N2,adamw,F3
0.4999999999999998,0.010000000000000009,0.52,0.53,25,0.7496415891533358,-1.461986254922987,0.9216416442381948,-0.2923972509845974,B,ar,N2,adamw,F4
0.005675795718389054,0.17999999999999994,0.52,0.7,38,0.8827235489995979,-0.6039828228374694,0.7252296800276117,-0.09797895185926388,B,ar,N2,adamw,F5
1.0,0.0,0.0,0.0,0,,,,,B,ar,N4,adam,F1
1.0,0.0,0.0,0.0,0,,,,,B,ar,N4,adam,F2
1.0,0.0,0.0,0.0,0,,,,,B,ar,N4,adam,F3
1.0,0.0,0.0,0.0,0,,,,,B,ar,N4,adam,F4
1.0,0.0,0.0,0.0,0,,,,,B,ar,N4,adam,F5
1.0,0.0,0.0,0.0,0,,,,,B,ar,N4,adamw,F1
1.0,0.0,0.0,0.0,0,,,,,B,ar,N4,adamw,F2
1.0,0.0,0.0,0.0,0,,,,,B,ar,N4,adamw,F3
1.0,0.0,0.0,0.0,0,,,,,B,ar,N4,adamw,F4
1.0,0.0,0.0,0.0,0,,,,,B,ar,N4,adamw,F5
1.0,0.0,0.03,0.03,3,0.9878426015044743,-1.1289241046590395,0.8119351150914618,-0.6517846357195538,B,logistic,N2,adam,F1
1.0,0.0,0.03,0.03,3,0.9572944055475032,-1.1195382339740005,0.810343377307519,-0.6463657007529674,B,logistic,N2,adam,F2
0.75,0.0,0.03,0.03,2,,,,,B,logistic,N2,adam,F3
1.0,0.0,0.03,0.03,3,1.0019905314184734,0.5907022687575426,0.30729025239576635,0.3410421138780899,B,logistic,N2,adam,F4
1.0,0.0,0.03,0.03,3,1.0036609675315744,1.387362499916246,0.149851242348904,0.8009941127902368,B,logistic,N2,adam,F5
1.0,0.0,0.03,0.03,3,0.9878426923869739,-1.1289107720950096,0.8119328649738368,-0.6517769381601222,B,logistic,N2,adamw,F1
1.0,0.0,0.03,0.03,3,0.9574064137700902,-1.1148563561192708,0.8095435976500189,-0.6436626173132263,B,logistic,N2,adamw,F2
0.75,0.0,0.03,0.03,2,,,,,B,logistic,N2,adamw,F3
1.0,0.0,0.03,0.03,3,1.0019906849270714,0.5907642799758027,0.30727302755473157,0.3410779160716451,B,logistic,N2,adamw,F4
1.0,0.0,0.03,0.03,3,1.0037327704340608,1.4218999030666644,0.14548972266562066,0.8209342917962416,B,logistic,N2,adamw,F5
1.0,0.0,0.0,0.0,0,,,,,B,logistic,N4,adam,F1
1.0,0.0,0.0,0.0,0,,,,,B,logistic,N4,adam,F2
1.0,0.0,0.0,0.0,0,,,,,B,logistic,N4,adam,F3
1.0,0.0,0.0,0.0,0,,,,,B,logistic,N4,adam,F4
1.0,0.0,0.0,0.0,0,,,,,B,logistic,N4,adam,F5
1.0,0.0,0.0,0.0,0,,,,,B,logistic,N4,adamw,F1
1.0,0.0,0.0,0.0,0,,,,,B,logistic,N4,adamw,F2
1.0,0.0,0.0,0.0,0,,,,,B,logistic,N4,adamw,F3
1.0,0.0,0.0,0.0,0,,,,,B,logistic,N4,adamw,F4
1.0,0.0,0.0,0.0,0,,,,,B,logistic,N4,adamw,F5
1.0,-0.020000000000000018,1.0,0.98,98,0.5093387825621242,-6.065706964275187,0.9999999873442909,-0.6127289324470646,B,quadratic,N2,adam,F1
1.0,0.0,1.0,1.0,100,1.540798400646687,3.981819811215976,6.52951101145479e-05,0.39818198112159764,B,quadratic,N2,adam,F2
1.0,0.0,1.0,1.0,100,3.9376541607714204,10.150601369346456,2.5676347520723016e-17,1.0150601369346457,B,quadratic,N2,adam,F3
1.0,-0.010000000000000009,1.0,0.99,99,0.5930908206632465,-4.38879295983829,0.9999856109998873,-0.4410902887980886,B,quadratic,N2,adam,F4
1.0,0.0,1.0,1.0,100,0.8681046897222121,-1.2431240982239857,0.8916209353392565,-0.12431240982239856,B,quadratic,N2,adam,F5
1.0,-0.020000000000000018,1.0,0.98,98,0.5093387825621242,-6.065706964275187,0.9999999873442909,-0.6127289324470646,B,quadratic,N2,adamw,F1
1.0,0.0,1.0,1.0,100,1.540798400646687,3.981819811215976,6.52951101145479e-05,0.39818198112159764,B,quadratic,N2,adamw,F2
1.0,0.0,1.0,1.0,100,3.9376541607714204,10.150601369346456,2.5676347520723016e-17,1.0150601369346457,B,quadratic,N2,adamw,F3
1.0,-0.010000000000000009,1.0,0.99,99,0.5930908206632465,-4.38879295983829,0.9999856109998873,-0.4410902887980886,B,quadratic,N2,adamw,F4
1.0,0.0,1.0,1.0,100,0.8681046897222121,-1.2431240982239857,0.8916209353392565,-0.12431240982239856,B,quadratic,N2,adamw,F5
1.0,0.0,0.0,0.0,0,,,,,B,quadratic,N4,adam,F1
1.0,0.0,0.0,0.0,0,,,,,B,quadratic,N4,adam,F2
1.0,0.0,0.0,0.0,0,,,,,B,quadratic,N4,adam,F3
1.0,0.0,0.0,0.0,0,,,,,B,quadratic,N4,adam,F4
1.0,0.0,0.0,0.0,0,,,,,B,quadratic,N4,adam,F5
1.0,0.0,0.0,0.0,0,,,,,B,quadratic,N4,adamw,F1
1.0,0.0,0.0,0.0,0,,,,,B,quadratic,N4,adamw,F2
1.0,0.0,0.0,0.0,0,,,,,B,quadratic,N4,adamw,F3
1.0,0.0,0.0,0.0,0,,,,,B,quadratic,N4,adamw,F4
1.0,0.0,0.0,0.0,0,,,,,B,quadratic,N4,adamw,F5
