noise,filter,seed,snr_in_db,snr_out_db,delta_snr_db,mse_in,mse_out,hurst_in,hurst_out,alpha_in,alpha_out
N1,F0,0,-11.17194364519679,-11.17194364519679,0.0,0.2519428402820923,0.2519428402820923,0.7020576250655776,0.7020576250655776,1.9517833233174264,1.9517833233174264
N1,F1,0,-11.17194364519679,0.4204601723586124,11.592403817555404,0.2519428402820923,0.01755729283076715,0.7020576250655776,1.146495124075409,1.9517833233174264,1.9910449974038615
N1,F2,0,-11.17194364519679,1.4087707860067267,12.580714431203518,0.2519428402820923,0.014007529147166083,0.7020576250655776,1.3087045576914822,1.9517833233174264,1.8013341819141175
N1,F3,0,-11.17194364519679,0.44559507188082986,11.61753871707762,0.2519428402820923,0.01743378820404122,0.7020576250655776,1.7865898992603066,1.9517833233174264,2.0
N1,F4,0,-11.17194364519679,0.14133386823829297,11.313277513435084,0.2519428402820923,0.01872196136239337,0.7020576250655776,1.0915148181745997,1.9517833233174264,2.0
N1,F6,0,-11.17194364519679,0.39928910642782234,11.571232751624613,0.2519428402820923,0.01762003800050782,0.7020576250655776,1.8446990813068447,1.9517833233174264,2.0
N1,F7,0,-11.17194364519679,-0.11477510818868122,11.05716853700811,0.2519428402820923,0.01999424228155393,0.7020576250655776,0.9619069234902664,1.9517833233174264,1.8918444732469069
N1,F8,0,-11.17194364519679,1.4087707860067267,12.580714431203518,0.2519428402820923,0.014007529147166083,0.7020576250655776,1.3087045576914822,1.9517833233174264,1.8013341819141175
N1,F5,0,-11.17194364519679,0.6961089986203227,11.868052643817114,0.2519428402820923,0.01672441903447578,0.7020576250655776,1.0732527222502086,1.9517833233174264,2.0
N1,F9,0,-11.17194364519679,3.9588620860302575,15.13080573122705,0.2519428402820923,0.007801486426222871,0.7020576250655776,1.395174234635444,1.9517833233174264,1.8714628232470643
N1,F0,1,-11.163066733988678,-11.163066733988678,0.0,0.24483498838813889,0.24483498838813889,0.7270009957492954,0.7270009957492954,2.0,2.0
N1,F1,1,-11.163066733988678,1.2173678455787245,12.380434579567403,0.24483498838813889,0.014188925389984381,0.7270009957492954,1.1662678320380646,2.0,1.9174173212173407
N1,F2,1,-11.163066733988678,2.3617371063189947,13.524803840307673,0.24483498838813889,0.010930905756394691,0.7270009957492954,1.3498594397516888,2.0,2.0
N1,F3,1,-11.163066733988678,0.5248473165505008,11.68791405053918,0.24483498838813889,0.016636060781836645,0.7270009957492954,1.880943905390004,2.0,2.0
N1,F4,1,-11.163066733988678,-0.005392026122651417,11.157674707866027,0.24483498838813889,0.01877655700892422,0.7270009957492954,1.1245135416189418,2.0,2.0
N1,F6,1,-11.163066733988678,0.5302790682495477,11.693345802238227,0.24483498838813889,0.01661533122359053,0.7270009957492954,1.8796636960728783,2.0,2.0
N1,F7,1,-11.163066733988678,0.08014230909340658,11.243209043082086,0.24483498838813889,0.018411594987894415,0.7270009957492954,0.9991492545919681,2.0,1.8672036302116126
N1,F8,1,-11.163066733988678,2.3617371063189947,13.524803840307673,0.24483498838813889,0.010930905756394691,0.7270009957492954,1.3498594397516888,2.0,2.0
N1,F5,1,-11.163066733988678,1.200202695278326,12.363269429267005,0.24483498838813889,0.01421551886878782,0.7270009957492954,1.100411737598562,2.0,1.887140849984791
N1,F9,1,-11.163066733988678,4.992886310300827,16.155953044289504,0.24483498838813889,0.006002384268119292,0.7270009957492954,1.445957412812572,2.0,2.0
N1,F0,2,-11.775450222431642,-11.775450222431642,0.0,0.24740332694433775,0.24740332694433775,0.6930821571419066,0.6930821571419066,1.9246484227637988,1.9246484227637988
N1,F1,2,-11.775450222431642,0.4557325426029845,12.231182765034626,0.24740332694433775,0.015325925274266778,0.6930821571419066,1.1518008492331158,1.9246484227637988,1.799282416097565
N1,F2,2,-11.775450222431642,1.591526081377198,13.36697630380884,0.24740332694433775,0.011997203701631105,0.6930821571419066,1.324229712927466,1.9246484227637988,1.96949558026982
N1,F3,2,-11.775450222431642,0.8307813799631494,12.606231602394791,0.24740332694433775,0.01443597635242272,0.6930821571419066,1.8215660318420916,1.9246484227637988,2.0
N1,F4,2,-11.775450222431642,-0.37493636458352014,11.400513857848122,0.24740332694433775,0.01833201994032052,0.6930821571419066,1.0936508804439509,1.9246484227637988,1.8332487352647615
N1,F6,2,-11.775450222431642,0.7455131033773368,12.520963325808978,0.24740332694433775,0.014720555020449881,0.6930821571419066,1.8417179476258236,1.9246484227637988,2.0
N1,F7,2,-11.775450222431642,-0.43537958306399555,11.340070639367646,0.24740332694433775,0.018812867902705085,0.6930821571419066,0.9785625463727058,1.9246484227637988,1.9388800915097786
N1,F8,2,-11.775450222431642,1.591526081377198,13.36697630380884,0.24740332694433775,0.011997203701631105,0.6930821571419066,1.324229712927466,1.9246484227637988,1.96949558026982
N1,F5,2,-11.775450222431642,0.29844835757755683,12.0738985800092,0.24740332694433775,0.01625240264484209,0.6930821571419066,1.0731150291210418,1.9246484227637988,1.8961651058794446
N1,F9,2,-11.775450222431642,4.0373277719122145,15.812777994343858,0.24740332694433775,0.007014540500757154,0.6930821571419066,1.4129702658360446,1.9246484227637988,1.8695993513055595
N1,F0,3,-11.659602069413271,-11.659602069413271,0.0,0.2531598302901954,0.2531598302901954,0.6776836139624,0.6776836139624,2.0,2.0
N1,F1,3,-11.659602069413271,0.08852832958009282,11.748130398993364,0.2531598302901954,0.016928880625508194,0.6776836139624,1.1174555731347093,2.0,2.0
N1,F2,3,-11.659602069413271,1.3151416111060206,12.974743680519293,0.2531598302901954,0.01276587127246831,0.6776836139624,1.2899074337125358,2.0,2.0
N1,F3,3,-11.659602069413271,-0.13609153615384667,11.523510533259424,0.2531598302901954,0.01793989255308659,0.6776836139624,1.736060134014997,2.0,2.0
N1,F4,3,-11.659602069413271,-0.43203193237636717,11.227570137036905,0.2531598302901954,0.019095770626219685,0.6776836139624,1.064377640428768,2.0,1.8320164422990808
N1,F6,3,-11.659602069413271,-0.13273087914199933,11.526871190271272,0.2531598302901954,0.017925930815124277,0.6776836139624,1.735204149920442,2.0,2.0
N1,F7,3,-11.659602069413271,0.04304281860515394,11.702644888018424,0.2531598302901954,0.017196745768377666,0.6776836139624,0.9686686737590215,2.0,1.8774989441857075
N1,F8,3,-11.659602069413271,1.3151416111060206,12.974743680519293,0.2531598302901954,0.01276587127246831,0.6776836139624,1.2899074337125358,2.0,2.0
N1,F5,3,-11.659602069413271,0.6343769630155415,12.293979032428812,0.2531598302901954,0.014962546393278717,0.6776836139624,1.0472913276626368,2.0,2.0
N1,F9,3,-11.659602069413271,3.9171748754356517,15.576776944848923,0.2531598302901954,0.0070272351769045975,0.6776836139624,1.3540981569421995,2.0,2.0
N1,F0,4,-11.31449715848683,-11.31449715848683,0.0,0.24424964439593388,0.24424964439593388,0.6948295782427758,0.6948295782427758,2.0,2.0
N1,F1,4,-11.31449715848683,0.704468043499688,12.018965201986518,0.24424964439593388,0.015627909306755495,0.6948295782427758,1.1430481995442425,2.0,1.914316222514903
N1,F2,4,-11.31449715848683,1.7042164103481299,13.01871356883496,0.24424964439593388,0.012453160786849299,0.6948295782427758,1.3152563938295319,2.0,1.7207427373768174
N1,F3,4,-11.31449715848683,0.47417587256963295,11.788673031056463,0.24424964439593388,0.016374678996088306,0.6948295782427758,1.8874841733375702,2.0,2.0
N1,F4,4,-11.31449715848683,0.14494056973114042,11.45943772821797,0.24424964439593388,0.017622539677500652,0.6948295782427758,1.1179042919523174,2.0,2.0
N1,F6,4,-11.31449715848683,0.4705783360853125,11.785075494572142,0.24424964439593388,0.01638774543295341,0.6948295782427758,1.8885098760890244,2.0,2.0
N1,F7,4,-11.31449715848683,-0.042614994312499474,11.27188216417433,0.24424964439593388,0.018506765818364003,0.6948295782427758,0.9803954257088126,2.0,1.7272666899667588
N1,F8,4,-11.31449715848683,1.7042164103481299,13.01871356883496,0.24424964439593388,0.012453160786849299,0.6948295782427758,1.3152563938295319,2.0,1.7207427373768174
N1,F5,4,-11.31449715848683,0.9877019607065657,12.302199119193396,0.24424964439593388,0.014927852504001353,0.6948295782427758,1.0728225935956202,2.0,1.9666335526055096
N1,F9,4,-11.31449715848683,4.292249930184826,15.606747088671657,0.24424964439593388,0.006889322990484557,0.6948295782427758,1.4189804872808454,2.0,1.7205589552791614
N1,F0,5,-10.873304551487571,-10.873304551487571,0.0,0.2558273948402508,0.2558273948402508,0.6739730025712714,0.6739730025712714,2.0,2.0
N1,F1,5,-10.873304551487571,1.0847652384658204,11.958069789953392,0.2558273948402508,0.016328332752067104,0.6739730025712714,1.115013117712951,2.0,1.8836394365783273
N1,F2,5,-10.873304551487571,1.7402201598809524,12.613524711368523,0.2558273948402508,0.014041670526044468,0.6739730025712714,1.2906716860373066,2.0,2.0
N1,F3,5,-10.873304551487571,0.513678726020754,11.386983277508325,0.2558273948402508,0.018613099553179427,0.6739730025712714,1.8280843083114695,2.0,1.247879369020262
N1,F4,5,-10.873304551487571,0.3955954176362413,11.268899969123812,0.2558273948402508,0.019103588427671955,0.6739730025712714,1.07642391688855,2.0,1.8873606781329653
N1,F6,5,-10.873304551487571,0.5131474256165973,11.38645197710417,0.2558273948402508,0.018615371782890307,0.6739730025712714,1.8284106373022297,2.0,1.2481442341767162
N1,F7,5,-10.873304551487571,0.4843766355252995,11.35768118701287,0.2558273948402508,0.01875313704516943,0.6739730025712714,0.9526043499758619,2.0,1.9127119216864483
N1,F8,5,-10.873304551487571,0.4843766355252995,11.35768118701287,0.2558273948402508,0.01875313704516943,0.6739730025712714,0.9526043499758619,2.0,1.9127119216864483
N1,F5,5,-10.873304551487571,1.5077591129205974,12.381063664408169,0.2558273948402508,0.014928897879913082,0.6739730025712714,1.0466239078501016,2.0,1.967800814312553
N1,F9,5,-10.873304551487571,4.95022182567786,15.823526377165432,0.2558273948402508,0.006692798166166028,0.6739730025712714,1.35464069560959,2.0,2.0
N1,F0,6,-10.911193804250203,-10.911193804250203,0.0,0.2503978730308343,0.2503978730308343,0.710345615126928,0.710345615126928,1.9617807924694621,1.9617807924694621
N1,F1,6,-10.911193804250203,0.8542850420645492,11.765478846314753,0.2503978730308343,0.01667860418537893,0.710345615126928,1.1573812374638877,1.9617807924694621,2.0
N1,F2,6,-10.911193804250203,1.4322509655885036,12.343444769838706,0.2503978730308343,0.014597892942836192,0.710345615126928,1.3134405981431827,1.9617807924694621,2.0
N1,F3,6,-10.911193804250203,0.9049155478119806,11.816109352062185,0.2503978730308343,0.01648629698858599,0.710345615126928,1.657686700309897,1.9617807924694621,2.0
N1,F4,6,-10.911193804250203,0.5368058225291558,11.447999626779358,0.2503978730308343,0.01798269781163018,0.710345615126928,1.1281836925550703,1.9617807924694621,1.966022082400201
N1,F6,6,-10.911193804250203,0.7581441938335824,11.669337998083785,0.2503978730308343,0.01705342091039953,0.710345615126928,1.6922033403856165,1.9617807924694621,2.0
N1,F7,6,-10.911193804250203,0.6068617481755033,11.518055552425707,0.2503978730308343,0.0176586637358125,0.710345615126928,0.9870133746287583,1.9617807924694621,1.8309628424903162
N1,F8,6,-10.911193804250203,0.6068617481755033,11.518055552425707,0.2503978730308343,0.0176586637358125,0.710345615126928,0.9870133746287583,1.9617807924694621,1.8309628424903162
N1,F5,6,-10.911193804250203,1.3851971579911624,12.296390962241366,0.2503978730308343,0.01477648608542816,0.710345615126928,1.087755914833788,1.9617807924694621,2.0
N1,F9,6,-10.911193804250203,5.092190873082806,16.00338467733301,0.2503978730308343,0.006310254467676913,0.710345615126928,1.4050425184951338,1.9617807924694621,2.0
N1,F0,7,-10.784650443820896,-10.784650443820896,0.0,0.24190990136734702,0.24190990136734702,0.7000080200227798,0.7000080200227798,1.9981063835785735,1.9981063835785735
N1,F1,7,-10.784650443820896,0.8534757979892409,11.638126241810136,0.24190990136734702,0.016683243132119996,0.7000080200227798,1.1443823456271667,1.9981063835785735,1.964270316879895
N1,F2,7,-10.784650443820896,1.81147802499142,12.596128468812315,0.24190990136734702,0.01344212263870008,0.7000080200227798,1.3143530399717154,1.9981063835785735,1.8509687898322236
N1,F3,7,-10.784650443820896,0.34033839449785447,11.12498883831875,0.24190990136734702,0.01873627099056824,0.7000080200227798,1.823320593053197,1.9981063835785735,0.96138248575289
N1,F4,7,-10.784650443820896,0.10406310374482092,10.888713547565716,0.24190990136734702,0.01981731238104488,0.7000080200227798,1.131440847620605,1.9981063835785735,1.7897651747022678
N1,F6,7,-10.784650443820896,0.33781823796786187,11.122468681788758,0.24190990136734702,0.018747112531446307,0.7000080200227798,1.8243820707388834,1.9981063835785735,0.960469501800943
N1,F7,7,-10.784650443820896,0.5776166114320781,11.362267055252973,0.24190990136734702,0.017705857406259046,0.7000080200227798,1.016383093286055,1.9981063835785735,1.727935092735834
N1,F8,7,-10.784650443820896,1.81147802499142,12.596128468812315,0.24190990136734702,0.01344212263870008,0.7000080200227798,1.3143530399717154,1.9981063835785735,1.8509687898322236
N1,F5,7,-10.784650443820896,1.1045839032313651,11.88923434705226,0.24190990136734702,0.015653491819317862,0.7000080200227798,1.0726926592669512,1.9981063835785735,2.0
N1,F9,7,-10.784650443820896,4.360258613472458,15.144909057293354,0.24190990136734702,0.007478548387555746,0.7000080200227798,1.3942939188804462,1.9981063835785735,1.7383673637177637
N1,F0,8,-11.185441757202945,-11.185441757202945,0.0,0.23966269446611652,0.23966269446611652,0.6512194775814161,0.6512194775814161,1.9852300505954017,1.9852300505954017
N1,F1,8,-11.185441757202945,0.9735331310571187,12.158974888260063,0.23966269446611652,0.014715616856502316,0.6512194775814161,1.0951295051843186,1.9852300505954017,2.0
N1,F2,8,-11.185441757202945,1.9161322323753187,13.101573989578263,0.23966269446611652,0.01190037435905319,0.6512194775814161,1.2570787725929022,1.9852300505954017,2.0
N1,F3,8,-11.185441757202945,0.6810062712924494,11.866448028495395,0.23966269446611652,0.015761883481620532,0.6512194775814161,1.9205885807321856,1.9852300505954017,2.0
N1,F4,8,-11.185441757202945,0.4125008883870014,11.597942645589946,0.23966269446611652,0.016648458065602986,0.6512194775814161,1.065013559243947,1.9852300505954017,1.9352615279503664
N1,F6,8,-11.185441757202945,0.675323091055664,11.860764848258608,0.23966269446611652,0.015782191470537298,0.6512194775814161,1.9254778420300838,1.9852300505954017,2.0
N1,F7,8,-11.185441757202945,-0.08837228342457407,11.09706947377837,0.23966269446611652,0.018735693284413685,0.6512194775814161,0.9338392554484515,1.9852300505954017,1.7848963597912042
N1,F8,8,-11.185441757202945,1.9161322323753187,13.101573989578263,0.23966269446611652,0.01190037435905319,0.6512194775814161,1.2570787725929022,1.9852300505954017,2.0
N1,F5,8,-11.185441757202945,1.26882297701532,12.454264734218265,0.23966269446611652,0.01362193509340764,0.6512194775814161,1.0191792992784452,1.9852300505954017,2.0
N1,F9,8,-11.185441757202945,4.8067667530331315,15.992208510236075,0.23966269446611652,0.006202047089225682,0.6512194775814161,1.3444740099263848,1.9852300505954017,2.0
N1,F0,9,-11.404664281275378,-11.404664281275378,0.0,0.2509020616057958,0.2509020616057958,0.6493383778394392,0.6493383778394392,1.9362965123716134,1.9362965123716134
N1,F1,9,-11.404664281275378,1.5528317774754323,12.957496058750811,0.2509020616057958,0.012698585198676803,0.6493383778394392,1.116017066317158,1.9362965123716134,1.8022439541829596
N1,F2,9,-11.404664281275378,2.171743672665495,13.576407953940873,0.2509020616057958,0.011012512316178573,0.6493383778394392,1.2700367364131144,1.9362965123716134,2.0
N1,F3,9,-11.404664281275378,0.6983913780558355,12.103055659331215,0.2509020616057958,0.015460430502947868,0.6493383778394392,1.8864668195341388,1.9362965123716134,1.3998595674102974
N1,F4,9,-11.404664281275378,0.4214667102351505,11.82613099151053,0.2509020616057958,0.01651590743825973,0.6493383778394392,1.0483040604080962,1.9362965123716134,2.0
N1,F6,9,-11.404664281275378,0.6528896534958331,12.057553934771212,0.2509020616057958,0.015623247752978022,0.6493383778394392,1.9191521124125805,1.9362965123716134,1.3755831297296877
N1,F7,9,-11.404664281275378,0.5193271119094566,11.923991393184835,0.2509020616057958,0.016151888240859252,0.6493383778394392,0.9140620058997468,1.9362965123716134,1.72807393728356
N1,F8,9,-11.404664281275378,2.171743672665495,13.576407953940873,0.2509020616057958,0.011012512316178573,0.6493383778394392,1.2700367364131144,1.9362965123716134,2.0
N1,F5,9,-11.404664281275378,1.5136506332927544,12.918314914568132,0.2509020616057958,0.012873126104928804,0.6493383778394392,1.031208385008374,1.9362965123716134,1.9161476530131119
N1,F9,9,-11.404664281275378,4.804183009427069,16.208847290702447,0.2509020616057958,0.006034826060694895,0.6493383778394392,1.3876223094484819,1.9362965123716134,1.882151264405875
N2,F0,0,-12.373637891968794,-12.373637891968794,0.0,0.34321912337079996,0.34321912337079996,0.8620367686289648,0.8620367686289648,2.0,2.0
N2,F1,0,-12.373637891968794,-6.963002330954055,5.41063556101474,0.34321912337079996,0.1068063412066533,0.8620367686289648,1.2360189849602847,2.0,2.0
N2,F2,0,-12.373637891968794,-4.858632960341629,7.515004931627165,0.34321912337079996,0.07026389693025568,0.8620367686289648,1.4040672839899715,2.0,2.0
N2,F3,0,-12.373637891968794,-2.038849400210295,10.334788491758498,0.34321912337079996,0.041557776700443416,0.8620367686289648,1.4709894971367365,2.0,1.5292986872201926
N2,F4,0,-12.373637891968794,-6.994668764251574,5.3789691277172205,0.34321912337079996,0.11030398955108452,0.8620367686289648,1.2038681194818224,2.0,2.0
N2,F6,0,-12.373637891968794,-2.039978941386984,10.33365895058181,0.34321912337079996,0.04156573133950219,0.8620367686289648,1.4708100437220233,2.0,1.5296978621632134
N2,F7,0,-12.373637891968794,-7.1227241912888575,5.250913700679937,0.34321912337079996,0.11141474822514685,0.8620367686289648,1.0593172104082313,2.0,2.0
N2,F8,0,-12.373637891968794,-4.858632960341629,7.515004931627165,0.34321912337079996,0.07026389693025568,0.8620367686289648,1.4040672839899715,2.0,2.0
N2,F5,0,-12.373637891968794,-6.683667674347084,5.689970217621711,0.34321912337079996,0.10124518805175084,0.8620367686289648,1.1774178710072696,2.0,2.0
N2,F9,0,-12.373637891968794,-4.222480099738471,8.151157792230324,0.34321912337079996,0.06028068559416269,0.8620367686289648,1.3871883734115484,2.0,2.0
N2,F0,1,-12.175728526954073,-12.175728526954073,0.0,0.3127867447621123,0.3127867447621123,0.8336312954071978,0.8336312954071978,1.9880701272692711,1.9880701272692711
N2,F1,1,-12.175728526954073,-6.063762832637729,6.111965694316344,0.3127867447621123,0.07935933950873875,0.8336312954071978,1.2178102531184167,1.9880701272692711,1.8343796879659071
N2,F2,1,-12.175728526954073,-4.415046096887403,7.7606824300666695,0.3127867447621123,0.05538266425223859,0.8336312954071978,1.4069099907114244,1.9880701272692711,1.6364957612956217
N2,F3,1,-12.175728526954073,-2.9857310216367288,9.189997505317343,0.3127867447621123,0.04085114410377677,0.8336312954071978,1.5462709273025832,1.9880701272692711,2.0
N2,F4,1,-12.175728526954073,-6.068561882384744,6.107166644569329,0.3127867447621123,0.07869098445601415,0.8336312954071978,1.191434775217504,1.9880701272692711,1.782261120810067
N2,F6,1,-12.175728526954073,-2.9858183312197233,9.189910195734349,0.3127867447621123,0.04085033021090091,0.8336312954071978,1.5541850490241584,1.9880701272692711,2.0
N2,F7,1,-12.175728526954073,-6.315000432140016,5.860728094814057,0.3127867447621123,0.08409677744880695,0.8336312954071978,1.0389727448792234,1.9880701272692711,1.789961268250584
N2,F8,1,-12.175728526954073,-4.415046096887403,7.7606824300666695,0.3127867447621123,0.05538266425223859,0.8336312954071978,1.4069099907114244,1.9880701272692711,1.6364957612956217
N2,F5,1,-12.175728526954073,-5.815106274626698,6.360622252327374,0.3127867447621123,0.07403480347933872,0.8336312954071978,1.1587789714405343,1.9880701272692711,1.944764890130042
N2,F9,1,-12.175728526954073,-3.406132815262346,8.769595711691727,0.3127867447621123,0.043676184636001536,0.8336312954071978,1.3986981023230802,1.9880701272692711,1.979672436999063
N2,F0,2,-13.040935498499168,-13.040935498499168,0.0,0.34932546082065175,0.34932546082065175,0.8299070620436848,0.8299070620436848,1.9166140389541009,1.9166140389541009
N2,F1,2,-13.040935498499168,-7.133998767618613,5.906936730880555,0.34932546082065175,0.10413238102836538,0.8299070620436848,1.2128775924473711,1.9166140389541009,1.9145996496677853
N2,F2,2,-13.040935498499168,-5.066851765825517,7.974083732673651,0.34932546082065175,0.07251608862817746,0.8299070620436848,1.3924807645211241,1.9166140389541009,1.8806355073370813
N2,F3,2,-13.040935498499168,-3.7892118962839327,9.251723602215236,0.34932546082065175,0.05748512137111798,0.8299070620436848,1.5839286266163213,1.9166140389541009,1.3131727535264215
N2,F4,2,-13.040935498499168,-7.387152613510065,5.653782884989103,0.34932546082065175,0.10947642398848267,0.8299070620436848,1.184078882718625,1.9166140389541009,1.880803331489924
N2,F6,2,-13.040935498499168,-3.7760343838702495,9.26490111462892,0.34932546082065175,0.05735119908875207,0.8299070620436848,1.6361351899096455,1.9166140389541009,1.2723703509837847
N2,F7,2,-13.040935498499168,-7.326160347410141,5.714775151089027,0.34932546082065175,0.10856518452025987,0.8299070620436848,1.0488355797839475,1.9166140389541009,1.7816334336822939
N2,F8,2,-13.040935498499168,-5.066851765825517,7.974083732673651,0.34932546082065175,0.07251608862817746,0.8299070620436848,1.3924807645211241,1.9166140389541009,1.8806355073370813
N2,F5,2,-13.040935498499168,-7.0141253965755315,6.026810101923637,0.34932546082065175,0.10151901295339225,0.8299070620436848,1.1597970772585728,1.9166140389541009,1.921982821296567
N2,F9,2,-13.040935498499168,-4.398774204784357,8.64216129371481,0.34932546082065175,0.05848145099089351,0.8299070620436848,1.4028537638671712,1.9166140389541009,2.0
N2,F0,3,-12.728522463032988,-12.728522463032988,0.0,0.324422307653755,0.324422307653755,0.8343672077832384,0.8343672077832384,2.0,2.0
N2,F1,3,-12.728522463032988,-7.045411505699066,5.683110957333922,0.324422307653755,0.08804494517218159,0.8343672077832384,1.1998999916789856,2.0,2.0
N2,F2,3,-12.728522463032988,-4.8498180738779,7.878704389155088,0.324422307653755,0.05330202637538648,0.8343672077832384,1.384880722736351,2.0,2.0
N2,F3,3,-12.728522463032988,-1.9638783694438882,10.7646440935891,0.324422307653755,0.027757490559763214,0.8343672077832384,1.42642713208355,2.0,2.0
N2,F4,3,-12.728522463032988,-7.150271789442027,5.5782506735909605,0.324422307653755,0.09064031072543885,0.8343672077832384,1.1633024690180376,2.0,2.0
N2,F6,3,-12.728522463032988,-1.9833960942212459,10.745126368811743,0.324422307653755,0.027879025833568452,0.8343672077832384,1.4230943811767092,2.0,2.0
N2,F7,3,-12.728522463032988,-7.35098138644342,5.3775410765895675,0.324422307653755,0.09483001245627648,0.8343672077832384,1.0355986805698019,2.0,2.0
N2,F8,3,-12.728522463032988,-4.8498180738779,7.878704389155088,0.324422307653755,0.05330202637538648,0.8343672077832384,1.384880722736351,2.0,2.0
N2,F5,3,-12.728522463032988,-6.860002512999914,5.868519950033074,0.324422307653755,0.08418488014612724,0.8343672077832384,1.144427005489003,2.0,2.0
N2,F9,3,-12.728522463032988,-4.297656227420272,8.430866235612715,0.324422307653755,0.04730202140070574,0.8343672077832384,1.3517415840192812,2.0,2.0
N2,F0,4,-12.755552412902977,-12.755552412902977,0.0,0.3527167472666174,0.3527167472666174,0.8204416420835566,0.8204416420835566,2.0,2.0
N2,F1,4,-12.755552412902977,-7.567782905756264,5.187769507146713,0.3527167472666174,0.11612971401175334,0.8204416420835566,1.2090719951447033,2.0,2.0
N2,F2,4,-12.755552412902977,-6.1638949160470755,6.591657496855902,0.3527167472666174,0.08814277262533501,0.8204416420835566,1.4032016465852122,2.0,2.0
N2,F3,4,-12.755552412902977,-5.103631892209137,7.6519205206938405,0.3527167472666174,0.07025957693836213,0.8204416420835566,1.443154094967939,2.0,2.0
N2,F4,4,-12.755552412902977,-7.612295953384763,5.143256459518215,0.3527167472666174,0.11651361042958039,0.8204416420835566,1.1876691682957814,2.0,2.0
N2,F6,4,-12.755552412902977,-5.10507043498203,7.650481977920947,0.3527167472666174,0.07028016177982625,0.8204416420835566,1.442012998923108,2.0,2.0
N2,F7,4,-12.755552412902977,-7.804925527220838,4.950626885682139,0.3527167472666174,0.12129197094330965,0.8204416420835566,1.0220432424887742,2.0,2.0
N2,F8,4,-12.755552412902977,-6.1638949160470755,6.591657496855902,0.3527167472666174,0.08814277262533501,0.8204416420835566,1.4032016465852122,2.0,2.0
N2,F5,4,-12.755552412902977,-7.228104372093398,5.527448040809579,0.3527167472666174,0.10780130664457466,0.8204416420835566,1.150302410095104,2.0,2.0
N2,F9,4,-12.755552412902977,-4.74685831802711,8.008694094875867,0.3527167472666174,0.06147222764144954,0.8204416420835566,1.3995294553955744,2.0,2.0
N2,F0,5,-11.813420326561195,-11.813420326561195,0.0,0.32607385808881717,0.32607385808881717,0.8103287727240226,0.8103287727240226,1.9704854612598983,1.9704854612598983
N2,F1,5,-11.813420326561195,-5.626571582671225,6.1868487438899695,0.32607385808881717,0.08465392763588023,0.8103287727240226,1.19519078277601,1.9704854612598983,2.0
N2,F2,5,-11.813420326561195,-3.939974028832338,7.873446297728856,0.32607385808881717,0.059896159269362176,0.8103287727240226,1.3702779810592796,1.9704854612598983,1.9501624858941862
N2,F3,5,-11.813420326561195,-1.9535293198909698,9.859891006670225,0.32607385808881717,0.04183291883467122,0.8103287727240226,1.4783622596933716,1.9704854612598983,2.0
N2,F4,5,-11.813420326561195,-5.5932024976596715,6.220217828901523,0.32607385808881717,0.08336653197786699,0.8103287727240226,1.1552998356073036,1.9704854612598983,1.7901593476561093
N2,F6,5,-11.813420326561195,-1.9359464632837335,9.877473863277462,0.32607385808881717,0.04170370867847607,0.8103287727240226,1.4926467299564472,1.9704854612598983,2.0
N2,F7,5,-11.813420326561195,-5.211205986730984,6.602214339830211,0.32607385808881717,0.07772851084910587,0.8103287727240226,1.0365307596209608,1.9704854612598983,1.7298031775291327
N2,F8,5,-11.813420326561195,-3.939974028832338,7.873446297728856,0.32607385808881717,0.059896159269362176,0.8103287727240226,1.3702779810592796,1.9704854612598983,1.9501624858941862
N2,F5,5,-11.813420326561195,-5.520498571683933,6.292921754877262,0.32607385808881717,0.08314373331825042,0.8103287727240226,1.1390940437879054,1.9704854612598983,1.9586589570919717
N2,F9,5,-11.813420326561195,-2.684539064038243,9.128881262522953,0.32607385808881717,0.04348574726487385,0.8103287727240226,1.382411291425783,1.9704854612598983,2.0
N2,F0,6,-12.078475736282869,-12.078475736282869,0.0,0.339539586002115,0.339539586002115,0.8381067050101472,0.8381067050101472,1.946503637850215,1.946503637850215
N2,F1,6,-12.078475736282869,-6.294135746651637,5.784339989631231,0.339539586002115,0.09824309787585925,0.8381067050101472,1.2139814682469308,1.946503637850215,2.0
N2,F2,6,-12.078475736282869,-4.609394381310642,7.469081354972227,0.339539586002115,0.07024495292737823,0.8381067050101472,1.385314343607317,1.946503637850215,2.0
N2,F3,6,-12.078475736282869,-1.515601532213512,10.562874204069356,0.339539586002115,0.03954969438560113,0.8381067050101472,1.463665926884021,1.946503637850215,1.648932302630171
N2,F4,6,-12.078475736282869,-6.023749357605595,6.054726378677273,0.339539586002115,0.09461525512136687,0.8381067050101472,1.1893390811309594,1.946503637850215,2.0
N2,F6,6,-12.078475736282869,-1.392735821769036,10.685739914513832,0.339539586002115,0.03872367418221941,0.8381067050101472,1.4849349258598938,1.946503637850215,1.7252561790249399
N2,F7,6,-12.078475736282869,-6.309367942088632,5.769107794194237,0.339539586002115,0.09963091398898,0.8381067050101472,1.0469390437981718,1.946503637850215,1.8996647114848222
N2,F8,6,-12.078475736282869,-4.609394381310642,7.469081354972227,0.339539586002115,0.07024495292737823,0.8381067050101472,1.385314343607317,1.946503637850215,2.0
N2,F5,6,-12.078475736282869,-6.027846567568381,6.0506291687144875,0.339539586002115,0.09112549034680548,0.8381067050101472,1.1618385717391266,1.946503637850215,2.0
N2,F9,6,-12.078475736282869,-3.4936293809361274,8.584846355346741,0.339539586002115,0.056867922413937205,0.8381067050101472,1.3677478252608397,1.946503637850215,1.858384244027171
N2,F0,7,-12.147599597529215,-12.147599597529215,0.0,0.3350261660655677,0.3350261660655677,0.8295022595162486,0.8295022595162486,1.9989783694289796,1.9989783694289796
N2,F1,7,-12.147599597529215,-6.912876497490091,5.234723100039124,0.3350261660655677,0.10336136014842018,0.8295022595162486,1.208137032513568,1.9989783694289796,2.0
N2,F2,7,-12.147599597529215,-5.76376976454922,6.383829832979995,0.3350261660655677,0.0805105183396868,0.8295022595162486,1.391873605778596,1.9989783694289796,2.0
N2,F3,7,-12.147599597529215,-4.79749440978181,7.350105187747405,0.3350261660655677,0.064174219326323,0.8295022595162486,1.5004349293376549,1.9989783694289796,2.0
N2,F4,7,-12.147599597529215,-6.923978057233166,5.223621540296049,0.3350261660655677,0.10322114510546002,0.8295022595162486,1.1710761997535135,1.9989783694289796,2.0
N2,F6,7,-12.147599597529215,-4.797396845746679,7.350202751782536,0.3350261660655677,0.06417171794631607,0.8295022595162486,1.5016080848288587,1.9989783694289796,2.0
N2,F7,7,-12.147599597529215,-6.8921391619113095,5.2554604356179055,0.3350261660655677,0.10226637546290529,0.8295022595162486,1.0515991624690826,1.9989783694289796,2.0
N2,F8,7,-12.147599597529215,-5.76376976454922,6.383829832979995,0.3350261660655677,0.0805105183396868,0.8295022595162486,1.391873605778596,1.9989783694289796,2.0
N2,F5,7,-12.147599597529215,-6.683471722950442,5.464127874578773,0.3350261660655677,0.09701075638510531,0.8295022595162486,1.1549993032965578,1.9989783694289796,2.0
N2,F9,7,-12.147599597529215,-4.688374225598595,7.45922537193062,0.3350261660655677,0.06264154737468945,0.8295022595162486,1.432037385997514,1.9989783694289796,2.0
N2,F0,8,-12.193102169025208,-12.193102169025208,0.0,0.31166969155362084,0.31166969155362084,0.8027573287587252,0.8027573287587252,1.9855689626549031,1.9855689626549031
N2,F1,8,-12.193102169025208,-6.329599848605025,5.863502320420182,0.31166969155362084,0.08852705810725114,0.8027573287587252,1.1753248222471533,1.9855689626549031,2.0
N2,F2,8,-12.193102169025208,-3.9908536940855828,8.202248474939625,0.31166969155362084,0.05654397773171094,0.8027573287587252,1.3408997604145365,1.9855689626549031,1.709889893418553
N2,F3,8,-12.193102169025208,-2.4214784251025314,9.771623743922676,0.31166969155362084,0.04078455604520803,0.8027573287587252,1.436839745649068,1.9855689626549031,1.5829237113961312
N2,F4,8,-12.193102169025208,-6.57995188883541,5.613150280189798,0.31166969155362084,0.0905755130155202,0.8027573287587252,1.1477606768105795,1.9855689626549031,1.964160733885641
N2,F6,8,-12.193102169025208,-2.4089707792426154,9.784131389782592,0.31166969155362084,0.04069072800974746,0.8027573287587252,1.4401597898498826,1.9855689626549031,1.5827605333793893
N2,F7,8,-12.193102169025208,-6.855560108086111,5.3375420609390964,0.31166969155362084,0.0969742573757553,0.8027573287587252,1.01380348737173,1.9855689626549031,1.9996595727109374
N2,F8,8,-12.193102169025208,-3.9908536940855828,8.202248474939625,0.31166969155362084,0.05654397773171094,0.8027573287587252,1.3408997604145365,1.9855689626549031,1.709889893418553
N2,F5,8,-12.193102169025208,-6.257645791402102,5.9354563776231055,0.31166969155362084,0.08466431983354791,0.8027573287587252,1.1229149337749333,1.9855689626549031,1.9488749017858733
N2,F9,8,-12.193102169025208,-3.492010894975495,8.701091274049713,0.31166969155362084,0.04794418603079326,0.8027573287587252,1.3367991894309312,1.9855689626549031,1.8863216723883462
N2,F0,9,-12.064868806005107,-12.064868806005107,0.0,0.29781562502034853,0.29781562502034853,0.8043834053222597,0.8043834053222597,1.935553492732875,1.935553492732875
N2,F1,9,-12.064868806005107,-5.416232808694073,6.648635997311033,0.29781562502034853,0.06896376432157733,0.8043834053222597,1.1964127508126075,1.935553492732875,2.0
N2,F2,9,-12.064868806005107,-3.158508596318461,8.906360209686646,0.29781562502034853,0.043229745711021186,0.8043834053222597,1.372646434777478,1.935553492732875,1.6639139959933225
N2,F3,9,-12.064868806005107,-1.2893300102530256,10.77553879575208,0.29781562502034853,0.029219518043744196,0.8043834053222597,1.5256901055603882,1.935553492732875,1.6258423868695098
N2,F4,9,-12.064868806005107,-5.485755511099191,6.579113294905916,0.29781562502034853,0.06809493229989974,0.8043834053222597,1.149341775173276,1.935553492732875,2.0
N2,F6,9,-12.064868806005107,-1.2095116617745163,10.85535714423059,0.29781562502034853,0.02875282399794379,0.8043834053222597,1.5689416172867812,1.935553492732875,1.6701455047223588
N2,F7,9,-12.064868806005107,-5.766696933502571,6.298171872502536,0.29781562502034853,0.0735984230441777,0.8043834053222597,1.0020227008742124,1.935553492732875,1.8470122299027345
N2,F8,9,-12.064868806005107,-3.158508596318461,8.906360209686646,0.29781562502034853,0.043229745711021186,0.8043834053222597,1.372646434777478,1.935553492732875,1.6639139959933225
N2,F5,9,-12.064868806005107,-5.255010750086245,6.809858055918862,0.29781562502034853,0.0667927502147642,0.8043834053222597,1.1371531519766815,1.935553492732875,2.0
N2,F9,9,-12.064868806005107,-2.367621562780305,9.697247243224801,0.29781562502034853,0.034468905083959556,0.8043834053222597,1.3846948624748399,1.935553492732875,1.6593147707987919
N3,F0,0,-20.722266944184668,-20.722266944184668,0.0,2.270974464063418,2.270974464063418,0.6283003152609115,0.6283003152609115,1.756862666651824,1.756862666651824
N3,F1,0,-20.722266944184668,-8.06810352159177,12.654163422592898,2.270974464063418,0.12346789964635116,0.6283003152609115,1.068174370171418,1.756862666651824,1.8122043063413968
N3,F2,0,-20.722266944184668,-4.153253660091069,16.5690132840936,2.270974464063418,0.05025350966539763,0.6283003152609115,1.2362084580721786,1.756862666651824,2.0
N3,F3,0,-20.722266944184668,-16.51902671898808,4.203240225196588,2.270974464063418,0.8629085559615975,0.6283003152609115,0.8077383633734072,1.756862666651824,1.5464775396855193
N3,F4,0,-20.722266944184668,-2.8655269746837875,17.85673996950088,2.270974464063418,0.03750394000454614,0.6283003152609115,1.0521610393708472,1.756862666651824,1.875546565463167
N3,F6,0,-20.722266944184668,-15.90835010829666,4.8139168358880084,2.270974464063418,0.7497216918738481,0.6283003152609115,0.8203899238952479,1.756862666651824,2.0
N3,F7,0,-20.722266944184668,-2.716119750122789,18.006147194061878,2.270974464063418,0.036017527243234496,0.6283003152609115,0.905832339095711,1.756862666651824,1.7574303760388355
N3,F8,0,-20.722266944184668,-2.716119750122789,18.006147194061878,2.270974464063418,0.036017527243234496,0.6283003152609115,0.905832339095711,1.756862666651824,1.7574303760388355
N3,F5,0,-20.722266944184668,-3.845027143970714,16.877239800213953,2.270974464063418,0.046784358768353185,0.6283003152609115,1.0021304795281276,1.756862666651824,1.8426782768190768
N3,F9,0,-20.722266944184668,1.3036308647031323,22.025897808887798,2.270974464063418,0.014261116918359101,0.6283003152609115,1.3327746182077929,1.756862666651824,2.0
N3,F0,1,-17.797927359489357,-17.797927359489357,0.0,1.1283170173964425,1.1283170173964425,0.5754642748240465,0.5754642748240465,1.7850595921985584,1.7850595921985584
N3,F1,1,-17.797927359489357,-4.663568185836181,13.134359173653177,1.1283170173964425,0.05516530578450691,0.5754642748240465,1.0346743291958458,1.7850595921985584,1.802861332557897
N3,F2,1,-17.797927359489357,-1.4947803077865165,16.30314705170284,1.1283170173964425,0.026779700978737102,0.5754642748240465,1.2008298043697967,1.7850595921985584,2.0
N3,F3,1,-17.797927359489357,-7.875136068018895,9.922791291470462,1.1283170173964425,0.11513610787391362,0.5754642748240465,1.0093746228779708,1.7850595921985584,1.6932386743967156
N3,F4,1,-17.797927359489357,-2.5157159404804337,15.282211419008924,1.1283170173964425,0.03353584399613911,0.5754642748240465,1.06980214229081,1.7850595921985584,2.0
N3,F6,1,-17.797927359489357,-6.790771434677406,11.00715592481195,1.1283170173964425,0.08971121589790577,0.5754642748240465,1.1419072073594692,1.7850595921985584,1.5458144744966518
N3,F7,1,-17.797927359489357,-2.450561304778651,15.347366054710706,1.1283170173964425,0.032993637082638944,0.5754642748240465,0.9209846409693111,1.7850595921985584,1.747720121666245
N3,F8,1,-17.797927359489357,-2.450561304778651,15.347366054710706,1.1283170173964425,0.032993637082638944,0.5754642748240465,0.9209846409693111,1.7850595921985584,1.747720121666245
N3,F5,1,-17.797927359489357,-2.1874997143950563,15.610427645094301,1.1283170173964425,0.03143215075246148,0.5754642748240465,1.0165161404263372,1.7850595921985584,2.0
N3,F9,1,-17.797927359489357,3.6726129450888934,21.47054030457825,1.1283170173964425,0.008091737448764319,0.5754642748240465,1.4050924122107038,1.7850595921985584,2.0
N3,F0,2,-27.834104097911254,-27.834104097911254,0.0,9.964366156224237,9.964366156224237,0.7186295353558192,0.7186295353558192,1.7553222704735876,1.7553222704735876
N3,F1,2,-27.834104097911254,-14.714234212697793,13.119869885213461,9.964366156224237,0.48734613255897835,0.7186295353558192,1.1600460963403736,1.7553222704735876,1.8854029259547955
N3,F2,2,-27.834104097911254,-10.146911049813935,17.68719304809732,9.964366156224237,0.17115499560343334,0.7186295353558192,1.3267775164584592,1.7553222704735876,1.7327495145750567
N3,F3,2,-27.834104097911254,-26.898930338572114,0.9351737593391398,9.964366156224237,8.034304839059086,0.7186295353558192,0.9591146311897443,1.7553222704735876,1.475615909149766
N3,F4,2,-27.834104097911254,-3.506443543237282,24.327660554673972,9.964366156224237,0.036793600328344514,0.7186295353558192,1.0262612707187386,1.7553222704735876,2.0
N3,F6,2,-27.834104097911254,-26.75232640672363,1.0817776911876251,9.964366156224237,7.767625399210458,0.7186295353558192,0.9809336797896585,1.7553222704735876,1.473587052576183
N3,F7,2,-27.834104097911254,-3.5460530425052985,24.288051055405955,9.964366156224237,0.03716381914234579,0.7186295353558192,0.8820018729605397,1.7553222704735876,1.9156778358688649
N3,F8,2,-27.834104097911254,-3.5460530425052985,24.288051055405955,9.964366156224237,0.03716381914234579,0.7186295353558192,0.8820018729605397,1.7553222704735876,1.9156778358688649
N3,F5,2,-27.834104097911254,-7.889400159393758,19.944703938517495,9.964366156224237,0.10126407294621312,0.7186295353558192,1.0010570540655002,1.7553222704735876,2.0
N3,F9,2,-27.834104097911254,1.3002157402102603,29.134319838121513,9.964366156224237,0.012177727776912227,0.7186295353558192,1.3769569170947864,1.7553222704735876,2.0
N3,F0,3,-21.451670191158794,-21.451670191158794,0.0,2.4134275995079415,2.4134275995079415,0.6299338379943014,0.6299338379943014,1.7148084752106318,1.7148084752106318
N3,F1,3,-21.451670191158794,-8.24417447233785,13.207495718820944,2.4134275995079415,0.11552053258270194,0.6299338379943014,1.0819504461260463,1.7148084752106318,1.7532838743036334
N3,F2,3,-21.451670191158794,-3.9608288508337077,17.490841340325087,2.4134275995079415,0.04319549351583505,0.6299338379943014,1.251447476506531,1.7148084752106318,1.6463590584840564
N3,F3,3,-21.451670191158794,-17.712931126764303,3.7387390643944904,2.4134275995079415,1.0203924661790904,0.6299338379943014,0.8601261404212635,1.7148084752106318,1.2418092254834265
N3,F4,3,-21.451670191158794,-3.368194823949764,18.08347536720903,2.4134275995079415,0.03752294082082287,0.6299338379943014,1.0522981385077426,1.7148084752106318,1.8641418781136028
N3,F6,3,-21.451670191158794,-17.045434363214856,4.406235827943938,2.4134275995079415,0.8750338385822023,0.6299338379943014,0.8867626739002352,1.7148084752106318,1.3187392991152804
N3,F7,3,-21.451670191158794,-2.856862003242911,18.594808187915884,2.4134275995079415,0.03336072873110171,0.6299338379943014,0.9434379085208752,1.7148084752106318,1.6477435591558338
N3,F8,3,-21.451670191158794,-2.856862003242911,18.594808187915884,2.4134275995079415,0.03336072873110171,0.6299338379943014,0.9434379085208752,1.7148084752106318,1.6477435591558338
N3,F5,3,-21.451670191158794,-4.100497839148787,17.351172352010007,2.4134275995079415,0.04441050912618681,0.6299338379943014,1.0059210079355132,1.7148084752106318,1.7843851471292866
N3,F9,3,-21.451670191158794,1.3536028740648112,22.805273065223606,2.4134275995079415,0.012666444041203614,0.6299338379943014,1.3620207616527034,1.7148084752106318,1.8008255638436972
N3,F0,4,-20.24169861820619,-20.24169861820619,0.0,1.9054764259964516,1.9054764259964516,0.6185567546621655,0.6185567546621655,1.7145865191829417,1.7145865191829417
N3,F1,4,-20.24169861820619,-7.431349322805564,12.810349295400627,1.9054764259964516,0.0997886641960638,0.6185567546621655,1.0585995806061663,1.7145865191829417,2.0
N3,F2,4,-20.24169861820619,-3.579709699714795,16.661988918491396,1.9054764259964516,0.041109424937083326,0.6185567546621655,1.2353968957599848,1.7145865191829417,2.0
N3,F3,4,-20.24169861820619,-15.232031715304974,5.009666902901216,1.9054764259964516,0.6012763770235529,0.6185567546621655,0.9267892957282368,1.7145865191829417,1.3610448396955572
N3,F4,4,-20.24169861820619,-3.194064991962197,17.047633626243993,1.9054764259964516,0.037641830856524325,0.6185567546621655,1.050613945695278,1.7145865191829417,2.0
N3,F6,4,-20.24169861820619,-14.331604677853953,5.910093940352237,1.9054764259964516,0.4887227415693085,0.6185567546621655,0.9956368236067697,1.7145865191829417,1.3989332261966057
N3,F7,4,-20.24169861820619,-3.379351940196739,16.86234667800945,1.9054764259964516,0.03942447668433639,0.6185567546621655,0.9137862208902037,1.7145865191829417,1.7215953730382656
N3,F8,4,-20.24169861820619,-3.379351940196739,16.86234667800945,1.9054764259964516,0.03942447668433639,0.6185567546621655,0.9137862208902037,1.7145865191829417,1.7215953730382656
N3,F5,4,-20.24169861820619,-3.4935141510343297,16.74818446717186,1.9054764259964516,0.04050883643823198,0.6185567546621655,0.9971942941685971,1.7145865191829417,2.0
N3,F9,4,-20.24169861820619,0.8436258650812596,21.08532448328745,1.9054764259964516,0.0148793092750826,0.6185567546621655,1.3576285227317544,1.7145865191829417,1.7403121580120062
N3,F0,5,-17.72661713910255,-17.72661713910255,0.0,1.2398141846451125,1.2398141846451125,0.5854084920636218,0.5854084920636218,1.7690718810611392,1.7690718810611392
N3,F1,5,-17.72661713910255,-4.641876129379351,13.0847410097232,1.2398141846451125,0.06129300688352482,0.5854084920636218,1.0265795848664645,1.7690718810611392,1.793631084631647
N3,F2,5,-17.72661713910255,-1.3806940010679605,16.34592313803459,1.2398141846451125,0.029054091817440668,0.5854084920636218,1.1899839706503161,1.7690718810611392,1.8894082702941808
N3,F3,5,-17.72661713910255,-9.876805381902198,7.849811757200353,1.2398141846451125,0.20378994185775162,0.5854084920636218,0.8468719732399707,1.7690718810611392,1.4656565698596316
N3,F4,5,-17.72661713910255,-2.707265605828148,15.019351533274403,1.2398141846451125,0.039079883937155,0.5854084920636218,1.033971338893224,1.7690718810611392,1.8640434767558314
N3,F6,5,-17.72661713910255,-8.840790619560025,8.885826519542526,1.2398141846451125,0.16063069163633525,0.5854084920636218,0.9270941793986451,1.7690718810611392,1.7054666133655807
N3,F7,5,-17.72661713910255,-2.270981897665104,15.455635241437447,1.2398141846451125,0.035312195751450726,0.5854084920636218,0.8969000198052652,1.7690718810611392,1.814538063401949
N3,F8,5,-17.72661713910255,-2.270981897665104,15.455635241437447,1.2398141846451125,0.035312195751450726,0.5854084920636218,0.8969000198052652,1.7690718810611392,1.814538063401949
N3,F5,5,-17.72661713910255,-1.9656125466432464,15.761004592459305,1.2398141846451125,0.03298105543626935,0.5854084920636218,0.9952111377238804,1.7690718810611392,2.0
N3,F9,5,-17.72661713910255,2.142903693613923,19.869520832716475,1.2398141846451125,0.01296350738141179,0.5854084920636218,1.31245028452095,1.7690718810611392,1.7917495702097326
N3,F0,6,-19.82443141441952,-19.82443141441952,0.0,1.951149220894083,1.951149220894083,0.6183831549038593,0.6183831549038593,1.696192142093262,1.696192142093262
N3,F1,6,-19.82443141441952,-6.836288404351761,12.98814301006776,1.951149220894083,0.09946507997405307,0.6183831549038593,1.0529691735476274,1.696192142093262,1.6595856516757161
N3,F2,6,-19.82443141441952,-3.0926593930404787,16.731772021379044,1.951149220894083,0.04276992843134289,0.6183831549038593,1.22358911618751,1.696192142093262,1.9152642101765385
N3,F3,6,-19.82443141441952,-14.237628300264698,5.586803114154824,1.951149220894083,0.5397656607042403,0.6183831549038593,0.8018164307505733,1.696192142093262,1.4510069762575868
N3,F4,6,-19.82443141441952,-2.8510341296737716,16.97339728474575,1.951149220894083,0.03936599665141145,0.6183831549038593,1.0210545057496545,1.696192142093262,1.8908125103419837
N3,F6,6,-19.82443141441952,-13.01659615495117,6.8078352594683516,1.951149220894083,0.4077582692849013,0.6183831549038593,0.8691588575601654,1.696192142093262,1.7121098598243243
N3,F7,6,-19.82443141441952,-2.694775340932381,17.12965607348714,1.951149220894083,0.03783591902208572,0.6183831549038593,0.8875881995739401,1.696192142093262,1.7542410981096173
N3,F8,6,-19.82443141441952,-2.694775340932381,17.12965607348714,1.951149220894083,0.03783591902208572,0.6183831549038593,0.8875881995739401,1.696192142093262,1.7542410981096173
N3,F5,6,-19.82443141441952,-3.2400210538153456,16.584410360604174,1.951149220894083,0.04317816317170545,0.6183831549038593,1.0058853551843168,1.696192142093262,1.9543166386355952
N3,F9,6,-19.82443141441952,2.102851541171287,21.927282955590808,1.951149220894083,0.01305843717353312,0.6183831549038593,1.3122544609543025,1.696192142093262,2.0
N3,F0,7,-18.677800546680093,-18.677800546680093,0.0,1.4888196868844625,1.4888196868844625,0.6057212447806731,0.6057212447806731,1.810889375212037,1.810889375212037
N3,F1,7,-18.677800546680093,-5.773705900154308,12.904094646525785,1.4888196868844625,0.07628905596627764,0.6057212447806731,1.052558430908893,1.810889375212037,1.6867197314469222
N3,F2,7,-18.677800546680093,-2.0541831937039574,16.623617352976137,1.4888196868844625,0.03243185134559913,0.6057212447806731,1.2321489211845016,1.810889375212037,1.629045090650886
N3,F3,7,-18.677800546680093,-10.811604117457707,7.866196429222386,1.4888196868844625,0.2433749221880478,0.6057212447806731,0.9288136435204176,1.810889375212037,1.4012678579795952
N3,F4,7,-18.677800546680093,-3.1596017879910017,15.518198758689092,1.4888196868844625,0.04198710966826456,0.6057212447806731,1.032496805760425,1.810889375212037,1.7929596053010697
N3,F6,7,-18.677800546680093,-9.806834488860433,8.87096605781966,1.4888196868844625,0.1931135534802068,0.6057212447806731,0.9857779140106099,1.810889375212037,1.3695947925724563
N3,F7,7,-18.677800546680093,-1.82619430950621,16.851606237173883,1.4888196868844625,0.031097613103016414,0.6057212447806731,0.9626174795608526,1.810889375212037,1.7494043135017436
N3,F8,7,-18.677800546680093,-1.82619430950621,16.851606237173883,1.4888196868844625,0.031097613103016414,0.6057212447806731,0.9626174795608526,1.810889375212037,1.7494043135017436
N3,F5,7,-18.677800546680093,-2.7305213995653386,15.947279147114754,1.4888196868844625,0.03785427378454237,0.6057212447806731,0.9938864850389184,1.810889375212037,1.786802940129983
N3,F9,7,-18.677800546680093,1.4779618649454365,20.155762411625528,1.4888196868844625,0.014538647201290375,0.6057212447806731,1.2991934215189325,1.810889375212037,1.6263212303427794
N3,F0,8,-23.483961159476365,-23.483961159476365,0.0,4.0663967467156805,4.0663967467156805,0.6870979273027524,0.6870979273027524,1.6715418038682517,1.6715418038682517
N3,F1,8,-23.483961159476365,-10.771852476998593,12.712108682477773,4.0663967467156805,0.2178023608850966,0.6870979273027524,1.129993359787523,1.6715418038682517,1.7650809319025287
N3,F2,8,-23.483961159476365,-6.7451234615098565,16.73883769796651,4.0663967467156805,0.08622934660571763,0.6870979273027524,1.301405543077833,1.6715418038682517,1.732354553401044
N3,F3,8,-23.483961159476365,-20.983624248793568,2.5003369106827975,4.0663967467156805,2.2867612499669243,0.6870979273027524,0.8518686869311278,1.6715418038682517,2.0
N3,F4,8,-23.483961159476365,-3.45128163215564,20.032679527320724,4.0663967467156805,0.040574475025387795,0.6870979273027524,1.0681959728431771,1.6715418038682517,2.0
N3,F6,8,-23.483961159476365,-20.383437184945493,3.100523974530873,4.0663967467156805,1.9916701631264344,0.6870979273027524,0.8608104452730986,1.6715418038682517,2.0
N3,F7,8,-23.483961159476365,-2.874082806306588,20.609878353169776,4.0663967467156805,0.035349800773726424,0.6870979273027524,0.9339273974161484,1.6715418038682517,1.9087953726731368
N3,F8,8,-23.483961159476365,-2.874082806306588,20.609878353169776,4.0663967467156805,0.035349800773726424,0.6870979273027524,0.9339273974161484,1.6715418038682517,1.9087953726731368
N3,F5,8,-23.483961159476365,-5.7317525584196805,17.752208601056687,4.0663967467156805,0.06827342048749376,0.6870979273027524,1.0350430801318786,1.6715418038682517,1.9113220763956145
N3,F9,8,-23.483961159476365,1.107139186353571,24.591100345829936,4.0663967467156805,0.014185858005858282,0.6870979273027524,1.3843019210632124,1.6715418038682517,2.0
N3,F0,9,-22.323238904058478,-22.323238904058478,0.0,3.1010443071371396,3.1010443071371396,0.5827270126698801,0.5827270126698801,1.7503682174642272,1.7503682174642272
N3,F1,9,-22.323238904058478,-9.171736042927598,13.15150286113088,3.1010443071371396,0.15104895368734705,0.5827270126698801,1.0209208643947358,1.7503682174642272,1.6919126786884333
N3,F2,9,-22.323238904058478,-4.798780602625964,17.524458301432514,3.1010443071371396,0.05586663583174167,0.5827270126698801,1.1793474632306384,1.7503682174642272,1.6538414269954143
N3,F3,9,-22.323238904058478,-19.22925852966244,3.093980374396036,3.1010443071371396,1.5216111342843313,0.5827270126698801,0.6684371482051732,1.7503682174642272,0.8656870402214605
N3,F4,9,-22.323238904058478,-2.9583539694110805,19.364884934647396,3.1010443071371396,0.03593532240346943,0.5827270126698801,1.017986817874394,1.7503682174642272,1.9140314211137692
N3,F6,9,-22.323238904058478,-18.717371811755978,3.6058670923025,3.1010443071371396,1.3525530915874189,0.5827270126698801,0.6642881559331436,1.7503682174642272,1.0042232411188214
N3,F7,9,-22.323238904058478,-2.1402780725869732,20.182960831471505,3.1010443071371396,0.029784672918595455,0.5827270126698801,0.9018543273127103,1.7503682174642272,1.7586245619634995
N3,F8,9,-22.323238904058478,-2.1402780725869732,20.182960831471505,3.1010443071371396,0.029784672918595455,0.5827270126698801,0.9018543273127103,1.7503682174642272,1.7586245619634995
N3,F5,9,-22.323238904058478,-4.248477948466817,18.07476095559166,3.1010443071371396,0.04830183210755025,0.5827270126698801,0.9432702475090324,1.7503682174642272,1.8782455618568867
N3,F9,9,-22.323238904058478,2.0837379953466355,24.406976899405112,3.1010443071371396,0.011362164721721094,0.5827270126698801,1.2957630238560407,1.7503682174642272,2.0
N4,F0,0,-20.44271049984347,-20.44271049984347,0.0,2.157144213329153,2.157144213329153,0.7599815825220615,0.7599815825220615,1.7679675274867448,1.7679675274867448
N4,F1,0,-20.44271049984347,-13.313582352914848,7.129128146928624,2.157144213329153,0.4405527271793797,0.7599815825220615,1.1210250698552953,1.7679675274867448,1.6043383833706777
N4,F2,0,-20.44271049984347,-10.31177717787645,10.13093332196702,2.157144213329153,0.23740434661418014,0.7599815825220615,1.311171354520093,1.7679675274867448,1.756589792923934
N4,F3,0,-20.44271049984347,-14.643433449887976,5.799277049955496,2.157144213329153,0.5860690791938213,0.7599815825220615,0.9973589945511951,1.7679675274867448,1.486514127841513
N4,F4,0,-20.44271049984347,-10.976804205147301,9.46590629469617,2.157144213329153,0.26439222379157523,0.7599815825220615,1.1269439281922586,1.7679675274867448,1.7175242160661126
N4,F6,0,-20.44271049984347,-13.662807528232397,6.779902971611074,2.157144213329153,0.4722063786260929,0.7599815825220615,1.03515445302027,1.7679675274867448,1.6142811657138791
N4,F7,0,-20.44271049984347,-11.773457465202588,8.669253034640883,2.157144213329153,0.3139568464471078,0.7599815825220615,0.9919930917392736,1.7679675274867448,1.9488425668692309
N4,F8,0,-20.44271049984347,-11.773457465202588,8.669253034640883,2.157144213329153,0.3139568464471078,0.7599815825220615,0.9919930917392736,1.7679675274867448,1.9488425668692309
N4,F5,0,-20.44271049984347,-10.973131225998355,9.469579273845117,2.157144213329153,0.2633856244301077,0.7599815825220615,1.1105695594437237,1.7679675274867448,1.7951032233018893
N4,F9,0,-20.44271049984347,-6.387535457763102,14.05517504208037,2.157144213329153,0.0945786300194272,0.7599815825220615,1.3615306499915114,1.7679675274867448,1.6162560022200658
N4,F0,1,-17.66248361324639,-17.66248361324639,0.0,1.09346860521979,1.09346860521979,0.802834882070392,0.802834882070392,1.7854967980890557,1.7854967980890557
N4,F1,1,-17.66248361324639,-10.275161242641042,7.387322370605348,1.09346860521979,0.19962967392016026,0.802834882070392,1.193240795001004,1.7854967980890557,1.7152398463377092
N4,F2,1,-17.66248361324639,-7.640274498647727,10.022209114598663,1.09346860521979,0.10889001575880242,0.802834882070392,1.3814845741231858,1.7854967980890557,1.7178087645455098
N4,F3,1,-17.66248361324639,-6.915604718116411,10.74687889512998,1.09346860521979,0.09232776535375337,0.802834882070392,1.2636030436944299,1.7854967980890557,1.5106562510233705
N4,F4,1,-17.66248361324639,-9.365709384517055,8.296774228729335,1.09346860521979,0.16183999272672037,0.802834882070392,1.1914756912903788,1.7854967980890557,1.6547207970876174
N4,F6,1,-17.66248361324639,-5.731247873809774,11.931235739436616,1.09346860521979,0.07038454703345089,0.802834882070392,1.3600668942426173,1.7854967980890557,1.4314023935116604
N4,F7,1,-17.66248361324639,-9.221615580337536,8.440868032908854,1.09346860521979,0.15656733428933836,0.802834882070392,1.0612314283330166,1.7854967980890557,1.9670115913899084
N4,F8,1,-17.66248361324639,-9.221615580337536,8.440868032908854,1.09346860521979,0.15656733428933836,0.802834882070392,1.0612314283330166,1.7854967980890557,1.9670115913899084
N4,F5,1,-17.66248361324639,-8.940711957600689,8.721771655645702,1.09346860521979,0.14675298634330353,0.802834882070392,1.1757512011764037,1.7854967980890557,1.8522704208731258
N4,F9,1,-17.66248361324639,-5.108818767209023,12.553664846037368,1.09346860521979,0.06073096389637695,0.802834882070392,1.4130365306822785,1.7854967980890557,1.4847334402940038
N4,F0,2,-32.71982308966678,-32.71982308966678,0.0,31.244174022559104,31.244174022559104,0.9777166576359729,0.9777166576359729,1.5828714179545438,1.5828714179545438
N4,F1,2,-32.71982308966678,-25.453060051118687,7.2667630385480955,31.244174022559104,6.31827346922172,0.9777166576359729,1.3225870702286142,1.5828714179545438,1.594449962624472
N4,F2,2,-32.71982308966678,-22.62763224524783,10.092190844418951,31.244174022559104,3.5647320147227,0.9777166576359729,1.5068627010391278,1.5828714179545438,1.5606064547433938
N4,F3,2,-32.71982308966678,-32.314893529530885,0.40492956013589776,31.244174022559104,28.500618082242333,0.9777166576359729,1.201923605209007,1.5828714179545438,1.468656871193208
N4,F4,2,-32.71982308966678,-20.442611255705007,12.277211833961776,31.244174022559104,2.2093566497427246,0.9777166576359729,1.2870835343467573,1.5828714179545438,1.6333278022646573
N4,F6,2,-32.71982308966678,-32.156849519994076,0.5629735696727067,31.244174022559104,27.501692985260377,0.9777166576359729,1.2155050631257396,1.5828714179545438,1.5092401381549632
N4,F7,2,-32.71982308966678,-23.70416709884036,9.01565599082642,31.244174022559104,4.284683111585128,0.9777166576359729,1.2069275502624712,1.5828714179545438,1.5466062671916536
N4,F8,2,-32.71982308966678,-23.70416709884036,9.01565599082642,31.244174022559104,4.284683111585128,0.9777166576359729,1.2069275502624712,1.5828714179545438,1.5466062671916536
N4,F5,2,-32.71982308966678,-21.71741725125901,11.002405838407771,31.244174022559104,2.826146479719255,0.9777166576359729,1.2781949710012497,1.5828714179545438,1.6217499379587892
N4,F9,2,-32.71982308966678,-13.679485866597767,19.040337223069017,31.244174022559104,0.5591106597745443,0.9777166576359729,1.4369671208188688,1.5828714179545438,1.5553479292702284
N4,F0,3,-23.257527894138008,-23.257527894138008,0.0,3.690434887904505,3.690434887904505,0.8346944691300844,0.8346944691300844,1.7165888470068063,1.7165888470068063
N4,F1,3,-23.257527894138008,-15.871174363391216,7.386353530746792,3.690434887904505,0.7006024582740191,0.8346944691300844,1.208929906336271,1.7165888470068063,1.842085475192925
N4,F2,3,-23.257527894138008,-13.025074772737995,10.232453121400013,3.690434887904505,0.3796982820157403,0.8346944691300844,1.405113203282767,1.7165888470068063,1.8029987236720646
N4,F3,3,-23.257527894138008,-20.38537134703054,2.872156547107469,3.690434887904505,1.920220356475661,0.8346944691300844,1.1135761640172142,1.7165888470068063,1.487001980306643
N4,F4,3,-23.257527894138008,-12.36908982184888,10.888438072289128,3.690434887904505,0.3231969686590048,0.8346944691300844,1.1719257232974571,1.7165888470068063,1.9200859729146722
N4,F6,3,-23.257527894138008,-19.771944810944095,3.4855830831939123,3.690434887904505,1.671537222931427,0.8346944691300844,1.1429888962399073,1.7165888470068063,1.3472247502001538
N4,F7,3,-23.257527894138008,-13.925106886436986,9.332421007701022,3.690434887904505,0.45496668574510907,0.8346944691300844,1.0741622392924441,1.7165888470068063,1.7169231219825734
N4,F8,3,-23.257527894138008,-13.925106886436986,9.332421007701022,3.690434887904505,0.45496668574510907,0.8346944691300844,1.0741622392924441,1.7165888470068063,1.7169231219825734
N4,F5,3,-23.257527894138008,-12.886125089752497,10.37140280438551,3.690434887904505,0.3582801564797154,0.8346944691300844,1.1686814541558979,1.7165888470068063,1.9161258815443207
N4,F9,3,-23.257527894138008,-6.503756934265209,16.7537709598728,3.690434887904505,0.09190231835971643,0.8346944691300844,1.3166782241935264,1.7165888470068063,2.0
N4,F0,4,-24.134018133337904,-24.134018133337904,0.0,4.689139192780322,4.689139192780322,0.8915014728024705,0.8915014728024705,1.6715806926958434,1.6715806926958434
N4,F1,4,-24.134018133337904,-16.540004195056948,7.5940139382809555,4.689139192780322,0.8324779600593022,0.8915014728024705,1.2602027517147696,1.6715806926958434,1.6901538720121718
N4,F2,4,-24.134018133337904,-13.3007810714988,10.833237061839103,4.689139192780322,0.4048610883488385,0.8915014728024705,1.4612310377465252,1.6715806926958434,1.531847906706996
N4,F3,4,-24.134018133337904,-21.57793576648946,2.556082366848443,4.689139192780322,2.612653868043744,0.8915014728024705,1.1221270899618172,1.6715806926958434,1.673326237264021
N4,F4,4,-24.134018133337904,-12.61541111322665,11.518607020111254,4.689139192780322,0.34109775849465007,0.8915014728024705,1.2336927579960837,1.6715806926958434,1.668708541562894
N4,F6,4,-24.134018133337904,-20.896454087543134,3.2375640457947696,4.689139192780322,2.236117415631023,0.8915014728024705,1.136723177036739,1.6715806926958434,1.6567028071742387
N4,F7,4,-24.134018133337904,-14.598572667720164,9.53544546561774,4.689139192780322,0.5338173508936078,0.8915014728024705,1.119019295561939,1.6715806926958434,1.719552895062941
N4,F8,4,-24.134018133337904,-14.598572667720164,9.53544546561774,4.689139192780322,0.5338173508936078,0.8915014728024705,1.119019295561939,1.6715806926958434,1.719552895062941
N4,F5,4,-24.134018133337904,-13.214189376979448,10.919828756358456,4.689139192780322,0.39008234860333413,0.8915014728024705,1.2256946569901286,1.6715806926958434,1.681970874452133
N4,F9,4,-24.134018133337904,-6.7056886076729905,17.428329525664914,4.689139192780322,0.08831886450317236,0.8915014728024705,1.3949728311033966,1.6715806926958434,1.8059093163005835
N4,F0,5,-18.562103250323283,-18.562103250323283,0.0,1.519196848872859,1.519196848872859,0.7840357576368211,0.7840357576368211,1.7044490888944817,1.7044490888944817
N4,F1,5,-18.562103250323283,-11.253256419058939,7.3088468312643435,1.519196848872859,0.29556030185462917,0.7840357576368211,1.1602062911137416,1.7044490888944817,1.7373826657448936
N4,F2,5,-18.562103250323283,-8.45649434685451,10.105608903468772,1.519196848872859,0.16250940566200683,0.7840357576368211,1.349235535566685,1.7044490888944817,1.928779207151504
N4,F3,5,-18.562103250323283,-10.78645821242835,7.775645037894932,1.519196848872859,0.26770754848943035,0.7840357576368211,1.0807460435402798,1.7044490888944817,1.6063084307044837
N4,F4,5,-18.562103250323283,-9.566516124874864,8.995587125448418,1.519196848872859,0.2029036831135103,0.7840357576368211,1.1453572443147781,1.7044490888944817,1.8984972907337287
N4,F6,5,-18.562103250323283,-9.150049962475384,9.412053287847899,1.519196848872859,0.18901237816301159,0.7840357576368211,1.1483831641279325,1.7044490888944817,1.3523216124034918
N4,F7,5,-18.562103250323283,-10.155525673239064,8.406577577084219,1.519196848872859,0.22959933575059532,0.7840357576368211,1.000232269652269,1.7044490888944817,1.7300405742381488
N4,F8,5,-18.562103250323283,-10.155525673239064,8.406577577084219,1.519196848872859,0.22959933575059532,0.7840357576368211,1.000232269652269,1.7044490888944817,1.7300405742381488
N4,F5,5,-18.562103250323283,-9.46694710309268,9.095156147230602,1.519196848872859,0.1953264599992507,0.7840357576368211,1.1252567833843525,1.7044490888944817,1.8190825623688933
N4,F9,5,-18.562103250323283,-4.406877653016624,14.155225597306659,1.519196848872859,0.06168863653779991,0.7840357576368211,1.343376478295363,1.7044490888944817,1.9034916966189221
N4,F0,6,-20.37846090586088,-20.37846090586088,0.0,2.2683758355564896,2.2683758355564896,0.8357181296792232,0.8357181296792232,1.7210897303120165,1.7210897303120165
N4,F1,6,-20.37846090586088,-13.545010989537555,6.833449916323325,2.2683758355564896,0.5135367455704662,0.8357181296792232,1.213516710095139,1.7210897303120165,1.5292606043851453
N4,F2,6,-20.37846090586088,-11.312223422117864,9.066237483743016,2.2683758355564896,0.33049630842984584,0.8357181296792232,1.4023151689559388,1.7210897303120165,1.567156909760953
N4,F3,6,-20.37846090586088,-15.41315932102069,4.965301584840191,2.2683758355564896,0.7667590341220104,0.8357181296792232,1.1496861430057903,1.7210897303120165,1.6076128889155266
N4,F4,6,-20.37846090586088,-11.053706795252442,9.324754110608438,2.2683758355564896,0.29687486785890654,0.8357181296792232,1.1828888365336432,1.7210897303120165,1.6505657789527766
N4,F6,6,-20.37846090586088,-14.486123322597745,5.892337583263135,2.2683758355564896,0.6335558778667236,0.8357181296792232,1.205184859391435,1.7210897303120165,1.655927349737016
N4,F7,6,-20.37846090586088,-11.793138685414874,8.585322220446006,2.2683758355564896,0.35062921134942243,0.8357181296792232,1.076753173483953,1.7210897303120165,1.7690052395270683
N4,F8,6,-20.37846090586088,-11.793138685414874,8.585322220446006,2.2683758355564896,0.35062921134942243,0.8357181296792232,1.076753173483953,1.7210897303120165,1.7690052395270683
N4,F5,6,-20.37846090586088,-11.128194639376364,9.250266266484516,2.2683758355564896,0.2981594026983251,0.8357181296792232,1.174073528254682,1.7210897303120165,1.6031676393510155
N4,F9,6,-20.37846090586088,-6.547219494509554,13.831241411351325,2.2683758355564896,0.11292795849040196,0.8357181296792232,1.3774178385630362,1.7210897303120165,1.8775590877476416
N4,F0,7,-20.688639228943018,-20.688639228943018,0.0,2.381647706364144,2.381647706364144,0.8662796246882913,0.8662796246882913,1.7058935197891767,1.7058935197891767
N4,F1,7,-20.688639228943018,-13.84402964929752,6.844609579645498,2.381647706364144,0.5063794142442996,0.8662796246882913,1.2440531929257475,1.7058935197891767,1.7576975561450796
N4,F2,7,-20.688639228943018,-11.3334745136851,9.355164715257917,2.381647706364144,0.2935891916683723,0.8662796246882913,1.442525855570741,1.7058935197891767,1.5510731408889036
N4,F3,7,-20.688639228943018,-15.454194281025952,5.234444947917066,2.381647706364144,0.7271985420855083,0.8662796246882913,1.1909676273487773,1.7058935197891767,1.4302018298782029
N4,F4,7,-20.688639228943018,-11.7059321559032,8.982707073039817,2.381647706364144,0.3157677082162862,0.8662796246882913,1.2324815527666892,1.7058935197891767,1.7378186046580888
N4,F6,7,-20.688639228943018,-14.295459081558837,6.3931801473841805,2.381647706364144,0.5618282023839338,0.8662796246882913,1.2539058169123996,1.7058935197891767,1.4829876110957294
N4,F7,7,-20.688639228943018,-12.04183062140918,8.646808607533838,2.381647706364144,0.340594391721424,0.8662796246882913,1.123733053625334,1.7058935197891767,1.8256822535647617
N4,F8,7,-20.688639228943018,-12.04183062140918,8.646808607533838,2.381647706364144,0.340594391721424,0.8662796246882913,1.123733053625334,1.7058935197891767,1.8256822535647617
N4,F5,7,-20.688639228943018,-11.663830190980402,9.024809037962616,2.381647706364144,0.30826439341279316,0.8662796246882913,1.2203377225037646,1.7058935197891767,1.8494863456801791
N4,F9,7,-20.688639228943018,-6.502875268848491,14.185763960094526,2.381647706364144,0.1000461611601033,0.8662796246882913,1.3759988419225002,1.7058935197891767,1.8873066197721693
N4,F0,8,-25.746168475410048,-25.746168475410048,0.0,6.882344011862021,6.882344011862021,0.9419488352726718,0.9419488352726718,1.6505658063520505,1.6505658063520505
N4,F1,8,-25.746168475410048,-19.294408589732413,6.451759885677635,6.882344011862021,1.587247962089901,0.9419488352726718,1.322991531643149,1.6505658063520505,1.6363659651802307
N4,F2,8,-25.746168475410048,-16.973844762632403,8.772323712777645,6.882344011862021,0.9473912970999808,0.9419488352726718,1.5139769000139935,1.6505658063520505,1.3999327272296187
N4,F3,8,-25.746168475410048,-24.293104207377812,1.4530642680322359,6.882344011862021,4.9353492119391555,0.9419488352726718,1.2333040493314864,1.6505658063520505,1.3127138990078366
N4,F4,8,-25.746168475410048,-15.787409004995114,9.958759470414934,6.882344011862021,0.7133446886836462,0.9419488352726718,1.286852867363383,1.6505658063520505,1.6736535201057277
N4,F6,8,-25.746168475410048,-23.923367748985243,1.8228007264248056,6.882344011862021,4.535354023290276,0.9419488352726718,1.2644909346852569,1.6505658063520505,1.2348274495445752
N4,F7,8,-25.746168475410048,-17.6169834395242,8.129185035885847,6.882344011862021,1.0791257479530918,0.9419488352726718,1.1990931405512628,1.6505658063520505,1.5729510496190455
N4,F8,8,-25.746168475410048,-17.6169834395242,8.129185035885847,6.882344011862021,1.0791257479530918,0.9419488352726718,1.1990931405512628,1.6505658063520505,1.5729510496190455
N4,F5,8,-25.746168475410048,-16.5051758779679,9.240992597442148,6.882344011862021,0.8382957164499086,0.9419488352726718,1.288977004794202,1.6505658063520505,1.7602498767212778
N4,F9,8,-25.746168475410048,-8.276184570100638,17.469983905309412,6.882344011862021,0.1301984282373342,0.9419488352726718,1.4027418399352853,1.6505658063520505,1.5580622597926594
N4,F0,9,-19.28423709467068,-19.28423709467068,0.0,1.5440760747695381,1.5440760747695381,0.758431411392764,0.758431411392764,1.7652770124112365,1.7652770124112365
N4,F1,9,-19.28423709467068,-11.481727083601598,7.8025100110690815,1.5440760747695381,0.25991607627820174,0.758431411392764,1.1528960360272,1.7652770124112365,1.6570180854893575
N4,F2,9,-19.28423709467068,-8.685372025152855,10.598865069517824,1.5440760747695381,0.13959401677936445,0.758431411392764,1.3338886755600465,1.7652770124112365,1.5329567946847713
N4,F3,9,-19.28423709467068,-12.567828861348968,6.716408233321712,1.5440760747695381,0.33401369571553463,0.758431411392764,1.1002173387109124,1.7652770124112365,1.555581399411596
N4,F4,9,-19.28423709467068,-9.704361880102335,9.579875214568345,1.5440760747695381,0.17205470346148316,0.758431411392764,1.1619765577296683,1.7652770124112365,1.7483644744748148
N4,F6,9,-19.28423709467068,-11.45701958708327,7.8272175075874095,1.5440760747695381,0.26029805158688313,0.758431411392764,1.174833896161406,1.7652770124112365,1.5756080341162377
N4,F7,9,-19.28423709467068,-10.188178003572245,9.096059091098434,1.5440760747695381,0.1931622500340232,0.758431411392764,1.0035755056609261,1.7652770124112365,1.7847274516537204
N4,F8,9,-19.28423709467068,-10.188178003572245,9.096059091098434,1.5440760747695381,0.1931622500340232,0.758431411392764,1.0035755056609261,1.7652770124112365,1.7847274516537204
N4,F5,9,-19.28423709467068,-9.476572044487918,9.807665050182761,1.5440760747695381,0.16350781730109565,0.758431411392764,1.1038017530315414,1.7652770124112365,1.7747453644499829
N4,F9,9,-19.28423709467068,-5.2172527811784395,14.06698431349224,1.5440760747695381,0.06264917640253205,0.758431411392764,1.337125629104232,1.7652770124112365,1.4828041358107262
