ticker,filter,optimizer,seed,holdout_mse
AAPL,F0,adam,0,2.037664213351334e-06
AAPL,F0,adam,1,2.024996361057163e-06
AAPL,F0,sgd,0,0.0002855071743800356
AAPL,F0,sgd,1,0.0002803729425005791
AAPL,F1,adam,0,2.5467562731696997e-06
AAPL,F1,adam,1,2.5191002453582103e-06
AAPL,F1,sgd,0,0.00028567684861594526
AAPL,F1,sgd,1,0.0002805392912745742
AAPL,F2,adam,0,3.736769753223524e-06
AAPL,F2,adam,1,3.7073939980790696e-06
AAPL,F2,sgd,0,0.00029493493470998943
AAPL,F2,sgd,1,0.0002896305557609127
AAPL,F3,adam,0,2.3089424246686205e-06
AAPL,F3,adam,1,2.2868808680329463e-06
AAPL,F3,sgd,0,0.00028583009625658137
AAPL,F3,sgd,1,0.00028068983629055025
AAPL,F4,adam,0,2.127981461524733e-06
AAPL,F4,adam,1,2.1115166586348936e-06
AAPL,F4,sgd,0,0.00028535971623351147
AAPL,F4,sgd,1,0.0002802279776170014
AAPL,F6,adam,0,2.3819161284782853e-06
AAPL,F6,adam,1,2.357772912837628e-06
AAPL,F6,sgd,0,0.00028595413325601115
AAPL,F6,sgd,1,0.0002808116079177663
AAPL,F7,adam,0,2.346941587003134e-06
AAPL,F7,adam,1,2.3239387756873038e-06
AAPL,F7,sgd,0,0.00028559798196690195
AAPL,F7,sgd,1,0.00028046181699565973
AAPL,F5,adam,0,0.0020432255437522976
AAPL,F5,adam,1,0.0020431832140063687
AAPL,F5,sgd,0,0.0003487474501666875
AAPL,F5,sgd,1,0.00034310040822441797
AAPL,F9,adam,0,0.00012672955830318524
AAPL,F9,adam,1,0.0001269403968137483
AAPL,F9,sgd,0,0.00028078961896210215
AAPL,F9,sgd,1,0.00027567596059959425
AAPL,F0,adam,0,1.965765075419617e-06
AAPL,F0,adam,1,1.95195061270085e-06
AAPL,F0,sgd,0,0.0003483854617487381
AAPL,F0,sgd,1,0.0003422582672062859
AAPL,F1,adam,0,2.316830076733915e-06
AAPL,F1,adam,1,2.292038947316715e-06
AAPL,F1,sgd,0,0.0003484118435237639
AAPL,F1,sgd,1,0.0003422839172247946
AAPL,F2,adam,0,3.1299824317355698e-06
AAPL,F2,adam,1,3.1019201690822995e-06
AAPL,F2,sgd,0,0.00035377630188548843
AAPL,F2,sgd,1,0.0003475524321618438
AAPL,F3,adam,0,2.19352198356508e-06
AAPL,F3,adam,1,2.170861424564798e-06
AAPL,F3,sgd,0,0.00034872306089668505
AAPL,F3,sgd,1,0.0003425897210386227
AAPL,F4,adam,0,2.0709578230708075e-06
AAPL,F4,adam,1,2.05311239087732e-06
AAPL,F4,sgd,0,0.00034818625864521045
AAPL,F4,sgd,1,0.0003420625697265352
AAPL,F6,adam,0,2.232608474955942e-06
AAPL,F6,adam,1,2.2085560541188213e-06
AAPL,F6,sgd,0,0.0003488486553843327
AAPL,F6,sgd,1,0.00034271306064153695
AAPL,F7,adam,0,2.2452282967140812e-06
AAPL,F7,adam,1,2.2218616252165544e-06
AAPL,F7,sgd,0,0.0003484539320878723
AAPL,F7,sgd,1,0.0003423253571178704
AAPL,F5,adam,0,0.0023895786417280993
AAPL,F5,adam,1,0.0023895196228305784
AAPL,F5,sgd,0,0.0004236520522533044
AAPL,F5,sgd,1,0.00041693034604918804
AAPL,F9,adam,0,0.00016596003044327758
AAPL,F9,adam,1,0.0001662286330016081
AAPL,F9,sgd,0,0.000342589502986673
AAPL,F9,sgd,1,0.00033648862546288593
AAPL,F0,adam,0,1.081429480097851e-06
AAPL,F0,adam,1,1.0753178426555646e-06
AAPL,F0,sgd,0,0.00010828689085721353
AAPL,F0,sgd,1,0.00010636644438299318
AAPL,F1,adam,0,1.1933530990540285e-06
AAPL,F1,adam,1,1.181260640253412e-06
AAPL,F1,sgd,0,0.00010827928502742106
AAPL,F1,sgd,1,0.0001063589045415753
AAPL,F2,adam,0,1.72238909404835e-06
AAPL,F2,adam,1,1.7085518618912464e-06
AAPL,F2,sgd,0,0.00010825667844659762
AAPL,F2,sgd,1,0.00010633662749911012
AAPL,F3,adam,0,1.1840739233470393e-06
AAPL,F3,adam,1,1.1712426652883116e-06
AAPL,F3,sgd,0,0.00010835423714487955
AAPL,F3,sgd,1,0.00010643256014171884
AAPL,F4,adam,0,1.1143462775538474e-06
AAPL,F4,adam,1,1.106045132000161e-06
AAPL,F4,sgd,0,0.00010825533880894421
AAPL,F4,sgd,1,0.00010633544715677557
AAPL,F6,adam,0,1.1888847683162185e-06
AAPL,F6,adam,1,1.1758182778011114e-06
AAPL,F6,sgd,0,0.00010835773307737278
AAPL,F6,sgd,1,0.00010643599360329994
AAPL,F7,adam,0,1.1626685838635301e-06
AAPL,F7,adam,1,1.1511409611930446e-06
AAPL,F7,sgd,0,0.00010828804144675277
AAPL,F7,sgd,1,0.00010636755847149623
AAPL,F5,adam,0,0.0013516997337895162
AAPL,F5,adam,1,0.0013516664585496955
AAPL,F5,sgd,0,0.00013173818338635843
AAPL,F5,sgd,1,0.00012962916852517014
AAPL,F9,adam,0,9.56696100704597e-06
AAPL,F9,adam,1,9.57295448565322e-06
AAPL,F9,sgd,0,0.00010596400079351885
AAPL,F9,sgd,1,0.00010406142338092546
AAPL,F0,adam,0,1.0835378488863564e-06
AAPL,F0,adam,1,1.0810071802371818e-06
AAPL,F0,sgd,0,0.0001182961765683858
AAPL,F0,sgd,1,0.00011620533048260561
AAPL,F1,adam,0,1.2361050058175521e-06
AAPL,F1,adam,1,1.226882224580186e-06
AAPL,F1,sgd,0,0.00011829964432496784
AAPL,F1,sgd,1,0.00011620867574009862
AAPL,F2,adam,0,2.467494291473898e-06
AAPL,F2,adam,1,2.452633602329401e-06
AAPL,F2,sgd,0,0.00011933645109256579
AAPL,F2,sgd,1,0.00011722663944780259
AAPL,F3,adam,0,1.1133854407085517e-06
AAPL,F3,adam,1,1.1074398824013803e-06
AAPL,F3,sgd,0,0.0001183748701121727
AAPL,F3,sgd,1,0.00011628258109452269
AAPL,F4,adam,0,1.0825589608949725e-06
AAPL,F4,adam,1,1.078860844361188e-06
AAPL,F4,sgd,0,0.00011825402709632395
AAPL,F4,sgd,1,0.00011616396349052805
AAPL,F6,adam,0,1.1238253829873614e-06
AAPL,F6,adam,1,1.1173547391084966e-06
AAPL,F6,sgd,0,0.00011838682179059918
AAPL,F6,sgd,1,0.00011629431559740163
AAPL,F7,adam,0,1.1093703432239703e-06
AAPL,F7,adam,1,1.103777712403772e-06
AAPL,F7,sgd,0,0.00011829248747522616
AAPL,F7,sgd,1,0.00011620170806906228
AAPL,F5,adam,0,0.0015528453307478887
AAPL,F5,adam,1,0.0015528101189383253
AAPL,F5,sgd,0,0.00014404972418604185
AAPL,F5,sgd,1,0.00014174943633220023
AAPL,F9,adam,0,7.3623703991260155e-06
AAPL,F9,adam,1,7.3652932689967885e-06
AAPL,F9,sgd,0,0.00011606160169611185
AAPL,F9,sgd,1,0.00011398486693244975
BTC-USD,F0,adam,0,6.275254633032514e-06
BTC-USD,F0,adam,1,6.2656393159674185e-06
BTC-USD,F0,sgd,0,0.0009126238988440656
BTC-USD,F0,sgd,1,0.0008964752223064174
BTC-USD,F1,adam,0,7.372914246227121e-06
BTC-USD,F1,adam,1,7.322227504433009e-06
BTC-USD,F1,sgd,0,0.0009128632915074154
BTC-USD,F1,sgd,1,0.0008967040067119364
BTC-USD,F2,adam,0,9.071565290249242e-06
BTC-USD,F2,adam,1,8.981990856714374e-06
BTC-USD,F2,sgd,0,0.0009220348435947003
BTC-USD,F2,sgd,1,0.0009057007239790038
BTC-USD,F3,adam,0,6.469082203403082e-06
BTC-USD,F3,adam,1,6.446284638243526e-06
BTC-USD,F3,sgd,0,0.0009181131591833819
BTC-USD,F3,sgd,1,0.0009018632791344112
BTC-USD,F4,adam,0,6.378728718408001e-06
BTC-USD,F4,adam,1,6.364491785815465e-06
BTC-USD,F4,sgd,0,0.0009123120906934104
BTC-USD,F4,sgd,1,0.000896167452050236
BTC-USD,F6,adam,0,6.5509352799527384e-06
BTC-USD,F6,adam,1,6.522736486752607e-06
BTC-USD,F6,sgd,0,0.0009211100370265799
BTC-USD,F6,sgd,1,0.0009048059743887911
BTC-USD,F7,adam,0,6.534899063487988e-06
BTC-USD,F7,adam,1,6.509426477627097e-06
BTC-USD,F7,sgd,0,0.0009170760826787531
BTC-USD,F7,sgd,1,0.0009008442159578259
BTC-USD,F5,adam,0,0.0013405105090354703
BTC-USD,F5,adam,1,0.0013411597437927173
BTC-USD,F5,sgd,0,0.001132304447751772
BTC-USD,F5,sgd,1,0.0011144293595336224
BTC-USD,F9,adam,0,0.0009383680602835253
BTC-USD,F9,adam,1,0.0009374311576711341
BTC-USD,F9,sgd,0,0.0009210601632150838
BTC-USD,F9,sgd,1,0.0009045301579286237
BTC-USD,F0,adam,0,1.0323297356265864e-05
BTC-USD,F0,adam,1,1.0296637183424346e-05
BTC-USD,F0,sgd,0,0.0007632867435513433
BTC-USD,F0,sgd,1,0.000749945560072679
BTC-USD,F1,adam,0,1.0926735059235578e-05
BTC-USD,F1,adam,1,1.0843412375725658e-05
BTC-USD,F1,sgd,0,0.0007638707476768331
BTC-USD,F1,sgd,1,0.0007505158761922096
BTC-USD,F2,adam,0,2.328408159927754e-05
BTC-USD,F2,adam,1,2.313480088516459e-05
BTC-USD,F2,sgd,0,0.0008191977280922177
BTC-USD,F2,sgd,1,0.0008048459808758541
BTC-USD,F3,adam,0,1.0455274656234216e-05
BTC-USD,F3,adam,1,1.0404013111897023e-05
BTC-USD,F3,sgd,0,0.0007665521566867455
BTC-USD,F3,sgd,1,0.0007531505105917613
BTC-USD,F4,adam,0,1.0266649154551605e-05
BTC-USD,F4,adam,1,1.0233248905051167e-05
BTC-USD,F4,sgd,0,0.000763366530645339
BTC-USD,F4,sgd,1,0.0007500230115968915
BTC-USD,F6,adam,0,1.0740089337129791e-05
BTC-USD,F6,adam,1,1.0671244454900866e-05
BTC-USD,F6,sgd,0,0.0007694370855857488
BTC-USD,F6,sgd,1,0.0007559829659682555
BTC-USD,F7,adam,0,1.0494784802127636e-05
BTC-USD,F7,adam,1,1.0438215133481768e-05
BTC-USD,F7,sgd,0,0.0007668263240335523
BTC-USD,F7,sgd,1,0.0007534194293944693
BTC-USD,F5,adam,0,0.001156115660664913
BTC-USD,F5,adam,1,0.001156476649219866
BTC-USD,F5,sgd,0,0.0009370780759179988
BTC-USD,F5,sgd,1,0.0009224011022567117
BTC-USD,F9,adam,0,0.0008811928470513794
BTC-USD,F9,adam,1,0.0008808852659139713
BTC-USD,F9,sgd,0,0.0007629533473466735
BTC-USD,F9,sgd,1,0.0007494330753025604
BTC-USD,F0,adam,0,2.8976653950305903e-06
BTC-USD,F0,adam,1,2.878725409817742e-06
BTC-USD,F0,sgd,0,0.0006048817869281028
BTC-USD,F0,sgd,1,0.0005941873116641745
BTC-USD,F1,adam,0,3.2027491654002504e-06
BTC-USD,F1,adam,1,3.1685952088593764e-06
BTC-USD,F1,sgd,0,0.0006045312297501272
BTC-USD,F1,sgd,1,0.0005938414502461427
BTC-USD,F2,adam,0,6.012504051734764e-06
BTC-USD,F2,adam,1,5.962310637883632e-06
BTC-USD,F2,sgd,0,0.0005950416746876508
BTC-USD,F2,sgd,1,0.000584517548022956
BTC-USD,F3,adam,0,3.073117058585238e-06
BTC-USD,F3,adam,1,3.039842274124015e-06
BTC-USD,F3,sgd,0,0.0006068307972349708
BTC-USD,F3,sgd,1,0.0005961010782601106
BTC-USD,F4,adam,0,2.901193470656245e-06
BTC-USD,F4,adam,1,2.8785199822099717e-06
BTC-USD,F4,sgd,0,0.0006046155816189943
BTC-USD,F4,sgd,1,0.0005939248345313148
BTC-USD,F6,adam,0,3.0991383448634335e-06
BTC-USD,F6,adam,1,3.06460705190028e-06
BTC-USD,F6,sgd,0,0.0006070478093150914
BTC-USD,F6,sgd,1,0.0005963141945296246
BTC-USD,F7,adam,0,3.0416729883747637e-06
BTC-USD,F7,adam,1,3.0110438870905026e-06
BTC-USD,F7,sgd,0,0.0006057216240825952
BTC-USD,F7,sgd,1,0.0005950109997843977
BTC-USD,F5,adam,0,0.0011423469633147119
BTC-USD,F5,adam,1,0.001142651537826515
BTC-USD,F5,sgd,0,0.0007401468505750991
BTC-USD,F5,sgd,1,0.0007284223286037077
BTC-USD,F9,adam,0,0.0009786157111904368
BTC-USD,F9,adam,1,0.0009802120502938729
BTC-USD,F9,sgd,0,0.0005983838990737025
BTC-USD,F9,sgd,1,0.0005876619849964456
BTC-USD,F0,adam,0,1.5936250477787263e-06
BTC-USD,F0,adam,1,1.5865579748993472e-06
BTC-USD,F0,sgd,0,0.0002957288605870332
BTC-USD,F0,sgd,1,0.0002904725934791059
BTC-USD,F1,adam,0,1.8409570413175613e-06
BTC-USD,F1,adam,1,1.825005440215516e-06
BTC-USD,F1,sgd,0,0.0002957645902162457
BTC-USD,F1,sgd,1,0.0002905070566486184
BTC-USD,F2,adam,0,3.42065113221679e-06
BTC-USD,F2,adam,1,3.3996716032688413e-06
BTC-USD,F2,sgd,0,0.00030102147345134454
BTC-USD,F2,sgd,1,0.00029566854448183653
BTC-USD,F3,adam,0,1.7624189780290736e-06
BTC-USD,F3,adam,1,1.7471435551900211e-06
BTC-USD,F3,sgd,0,0.00029636255675402867
BTC-USD,F3,sgd,1,0.000291094607325031
BTC-USD,F4,adam,0,1.6160206383271304e-06
BTC-USD,F4,adam,1,1.6073128279324942e-06
BTC-USD,F4,sgd,0,0.0002956192648961756
BTC-USD,F4,sgd,1,0.000290364647125784
BTC-USD,F6,adam,0,1.797837127383902e-06
BTC-USD,F6,adam,1,1.781225016829337e-06
BTC-USD,F6,sgd,0,0.0002966121636102057
BTC-USD,F6,sgd,1,0.00029133968938317375
BTC-USD,F7,adam,0,1.7431513817647734e-06
BTC-USD,F7,adam,1,1.7289868335166237e-06
BTC-USD,F7,sgd,0,0.00029603217806158355
BTC-USD,F7,sgd,1,0.00029077006273350967
BTC-USD,F5,adam,0,0.0009009852383444086
BTC-USD,F5,adam,1,0.0009010398860759583
BTC-USD,F5,sgd,0,0.0003605782114011658
BTC-USD,F5,sgd,1,0.00035481641484679
BTC-USD,F9,adam,0,0.0004540464713645305
BTC-USD,F9,adam,1,0.00045507043652470464
BTC-USD,F9,sgd,0,0.0002916892269352629
BTC-USD,F9,sgd,1,0.0002864371860867913
ETH-USD,F0,adam,0,1.1804835418950939e-05
ETH-USD,F0,adam,1,1.177635302323423e-05
ETH-USD,F0,sgd,0,0.0011668611749895688
ETH-USD,F0,sgd,1,0.0011463094316268374
ETH-USD,F1,adam,0,1.3775235725122777e-05
ETH-USD,F1,adam,1,1.3669108973912209e-05
ETH-USD,F1,sgd,0,0.0011687637232634864
ETH-USD,F1,sgd,1,0.0011481636165376725
ETH-USD,F2,adam,0,2.31043201758372e-05
ETH-USD,F2,adam,1,2.295409865699455e-05
ETH-USD,F2,sgd,0,0.0012186762661451408
ETH-USD,F2,sgd,1,0.0011971694929777178
ETH-USD,F3,adam,0,1.2216865443346746e-05
ETH-USD,F3,adam,1,1.2158914077640781e-05
ETH-USD,F3,sgd,0,0.0011772466244116514
ETH-USD,F3,sgd,1,0.0011565012874777184
ETH-USD,F4,adam,0,1.193814878803252e-05
ETH-USD,F4,adam,1,1.1900222206649891e-05
ETH-USD,F4,sgd,0,0.001166036797568591
ETH-USD,F4,sgd,1,0.0011454970292402674
ETH-USD,F6,adam,0,1.248554035196869e-05
ETH-USD,F6,adam,1,1.2414035753627291e-05
ETH-USD,F6,sgd,0,0.0011836185370400836
ETH-USD,F6,sgd,1,0.0011627580370698117
ETH-USD,F7,adam,0,1.224822503092725e-05
ETH-USD,F7,adam,1,1.218814537080437e-05
ETH-USD,F7,sgd,0,0.001174079066213569
ETH-USD,F7,sgd,1,0.001153390589037247
ETH-USD,F5,adam,0,0.001447450574889863
ETH-USD,F5,adam,1,0.001449040178267917
ETH-USD,F5,sgd,0,0.0014675206155301513
ETH-USD,F5,sgd,1,0.001444636603351021
ETH-USD,F9,adam,0,0.00037922248646682144
ETH-USD,F9,adam,1,0.0003764976885439011
ETH-USD,F9,sgd,0,0.0011849676005771215
ETH-USD,F9,sgd,1,0.00116376879452392
ETH-USD,F0,adam,0,1.3354856848898618e-05
ETH-USD,F0,adam,1,1.330573758852144e-05
ETH-USD,F0,sgd,0,0.0011131280176318267
ETH-USD,F0,sgd,1,0.0010938401142391884
ETH-USD,F1,adam,0,1.386859084248352e-05
ETH-USD,F1,adam,1,1.3752758807158761e-05
ETH-USD,F1,sgd,0,0.0011145995191184624
ETH-USD,F1,sgd,1,0.001095277743008803
ETH-USD,F2,adam,0,3.5576081245763114e-05
ETH-USD,F2,adam,1,3.5378161540765606e-05
ETH-USD,F2,sgd,0,0.0012561973612991856
ETH-USD,F2,sgd,1,0.0012343324739375503
ETH-USD,F3,adam,0,1.3468284735882078e-05
ETH-USD,F3,adam,1,1.3384535963466212e-05
ETH-USD,F3,sgd,0,0.0011213931154289486
ETH-USD,F3,sgd,1,0.0011019524745099517
ETH-USD,F4,adam,0,1.3170198479775388e-05
ETH-USD,F4,adam,1,1.3111787599561792e-05
ETH-USD,F4,sgd,0,0.0011124658331153274
ETH-USD,F4,sgd,1,0.0010931877952632875
ETH-USD,F6,adam,0,1.3832790815162697e-05
ETH-USD,F6,adam,1,1.3727226572425593e-05
ETH-USD,F6,sgd,0,0.0011281999492073972
ETH-USD,F6,sgd,1,0.0011086355207290549
ETH-USD,F7,adam,0,1.3433768567782125e-05
ETH-USD,F7,adam,1,1.3347095996991646e-05
ETH-USD,F7,sgd,0,0.001119912295023318
ETH-USD,F7,sgd,1,0.0011004974680946234
ETH-USD,F5,adam,0,0.001371981114321381
ETH-USD,F5,adam,1,0.0013732219311765154
ETH-USD,F5,sgd,0,0.0013881838369978056
ETH-USD,F5,sgd,1,0.0013668018379112696
ETH-USD,F9,adam,0,0.00039981250141127604
ETH-USD,F9,adam,1,0.0003970174063249959
ETH-USD,F9,sgd,0,0.001124389623527791
ETH-USD,F9,sgd,1,0.0011046078531766037
ETH-USD,F0,adam,0,5.504592426648608e-06
ETH-USD,F0,adam,1,5.468151084256597e-06
ETH-USD,F0,sgd,0,0.0006236918148381228
ETH-USD,F0,sgd,1,0.0006128044317110335
ETH-USD,F1,adam,0,6.165045469635796e-06
ETH-USD,F1,adam,1,6.105467363201875e-06
ETH-USD,F1,sgd,0,0.0006233087452685542
ETH-USD,F1,sgd,1,0.000612425622900068
ETH-USD,F2,adam,0,1.0823215628028202e-05
ETH-USD,F2,adam,1,1.0727279601054853e-05
ETH-USD,F2,sgd,0,0.0006102133856865569
ETH-USD,F2,sgd,1,0.0005995579633266606
ETH-USD,F3,adam,0,5.745355652858155e-06
ETH-USD,F3,adam,1,5.6919327420783515e-06
ETH-USD,F3,sgd,0,0.0006264067811449864
ETH-USD,F3,sgd,1,0.0006154704956077678
ETH-USD,F4,adam,0,5.6118968833912964e-06
ETH-USD,F4,adam,1,5.568788959810832e-06
ETH-USD,F4,sgd,0,0.000622691107137811
ETH-USD,F4,sgd,1,0.0006118197619740931
ETH-USD,F6,adam,0,5.766509700982432e-06
ETH-USD,F6,adam,1,5.712026610896312e-06
ETH-USD,F6,sgd,0,0.0006266298396957293
ETH-USD,F6,sgd,1,0.0006156896056408758
ETH-USD,F7,adam,0,5.866263169619087e-06
ETH-USD,F7,adam,1,5.812190135618959e-06
ETH-USD,F7,sgd,0,0.0006245618140508671
ETH-USD,F7,sgd,1,0.000613656969865968
ETH-USD,F5,adam,0,0.000842494353947512
ETH-USD,F5,adam,1,0.000843062234343048
ETH-USD,F5,sgd,0,0.0007712634749647568
ETH-USD,F5,sgd,1,0.0007592590972813457
ETH-USD,F9,adam,0,0.0004470682336620997
ETH-USD,F9,adam,1,0.00044569519762215656
ETH-USD,F9,sgd,0,0.0006229929026304617
ETH-USD,F9,sgd,1,0.0006119632279658553
ETH-USD,F0,adam,0,6.0707978852655705e-06
ETH-USD,F0,adam,1,6.051947124842382e-06
ETH-USD,F0,sgd,0,0.0009279925818471707
ETH-USD,F0,sgd,1,0.000911587813701269
ETH-USD,F1,adam,0,6.925637870002547e-06
ETH-USD,F1,adam,1,6.877145847253623e-06
ETH-USD,F1,sgd,0,0.0009269823261344113
ETH-USD,F1,sgd,1,0.0009105882513080159
ETH-USD,F2,adam,0,1.3812172324613186e-05
ETH-USD,F2,adam,1,1.3724115948321524e-05
ETH-USD,F2,sgd,0,0.0009564469930416704
ETH-USD,F2,sgd,1,0.0009395132587101664
ETH-USD,F3,adam,0,6.410630526057432e-06
ETH-USD,F3,adam,1,6.36789855426146e-06
ETH-USD,F3,sgd,0,0.0009304021689166725
ETH-USD,F3,sgd,1,0.0009139511809787034
ETH-USD,F4,adam,0,6.124969302024917e-06
ETH-USD,F4,adam,1,6.1034263365125436e-06
ETH-USD,F4,sgd,0,0.0009274037527046459
ETH-USD,F4,sgd,1,0.0009110046702430222
ETH-USD,F6,adam,0,6.55045431875604e-06
ETH-USD,F6,adam,1,6.501693660504366e-06
ETH-USD,F6,sgd,0,0.00093136681521608
ETH-USD,F6,sgd,1,0.0009148973254032358
ETH-USD,F7,adam,0,6.449315801688032e-06
ETH-USD,F7,adam,1,6.411116063244789e-06
ETH-USD,F7,sgd,0,0.0009291254133792409
ETH-USD,F7,sgd,1,0.000912693576079258
ETH-USD,F5,adam,0,0.0017205176954018147
ETH-USD,F5,adam,1,0.0017210196979273995
ETH-USD,F5,sgd,0,0.0011377085764341579
ETH-USD,F5,sgd,1,0.0011196743438375524
ETH-USD,F9,adam,0,0.0014895537766851236
ETH-USD,F9,adam,1,0.0014918899754975607
ETH-USD,F9,sgd,0,0.0009220494475034853
ETH-USD,F9,sgd,1,0.0009055177207184928
EURUSD=X,F0,adam,0,4.583351592181803e-08
EURUSD=X,F0,adam,1,4.568132231107109e-08
EURUSD=X,F0,sgd,0,1.0548121394029604e-05
EURUSD=X,F0,sgd,1,1.036031212283454e-05
EURUSD=X,F1,adam,0,4.814246640151443e-08
EURUSD=X,F1,adam,1,4.78443492851959e-08
EURUSD=X,F1,sgd,0,1.0548072017898277e-05
EURUSD=X,F1,sgd,1,1.0360263230814359e-05
EURUSD=X,F2,adam,0,8.132944722311009e-08
EURUSD=X,F2,adam,1,8.094898127102167e-08
EURUSD=X,F2,sgd,0,1.0550485535043207e-05
EURUSD=X,F2,sgd,1,1.0362632749862275e-05
EURUSD=X,F3,adam,0,4.8090313601511256e-08
EURUSD=X,F3,adam,1,4.7766219702978947e-08
EURUSD=X,F3,sgd,0,1.0548488479318352e-05
EURUSD=X,F3,sgd,1,1.0360672379389083e-05
EURUSD=X,F4,adam,0,4.569462733967781e-08
EURUSD=X,F4,adam,1,4.5508894720291474e-08
EURUSD=X,F4,sgd,0,1.0547950981944628e-05
EURUSD=X,F4,sgd,1,1.0360144598049684e-05
EURUSD=X,F6,adam,0,4.859127534828386e-08
EURUSD=X,F6,adam,1,4.824482260527171e-08
EURUSD=X,F6,sgd,0,1.0548554436996768e-05
EURUSD=X,F6,sgd,1,1.036073712581133e-05
EURUSD=X,F7,adam,0,4.7189172090181535e-08
EURUSD=X,F7,adam,1,4.6910657787208945e-08
EURUSD=X,F7,sgd,0,1.054808483020854e-05
EURUSD=X,F7,sgd,1,1.036027589581536e-05
EURUSD=X,F5,adam,0,0.0055229735474946785
EURUSD=X,F5,adam,1,0.0055215201005274885
EURUSD=X,F5,sgd,0,1.290633841895434e-05
EURUSD=X,F5,sgd,1,1.269874303514527e-05
EURUSD=X,F9,adam,0,0.00033804654391173243
EURUSD=X,F9,adam,1,0.0003380852780939081
EURUSD=X,F9,sgd,0,1.0294338215608343e-05
EURUSD=X,F9,sgd,1,1.0108783896686133e-05
EURUSD=X,F0,adam,0,1.1725746115099181e-07
EURUSD=X,F0,adam,1,1.1660932872033402e-07
EURUSD=X,F0,sgd,0,3.0333797966651004e-05
EURUSD=X,F0,sgd,1,2.979837282156829e-05
EURUSD=X,F1,adam,0,1.3428410613842906e-07
EURUSD=X,F1,adam,1,1.3302997231674874e-07
EURUSD=X,F1,sgd,0,3.033398666656466e-05
EURUSD=X,F1,sgd,1,2.9798557261698847e-05
EURUSD=X,F2,adam,0,1.548231514107634e-07
EURUSD=X,F2,adam,1,1.531892053675036e-07
EURUSD=X,F2,sgd,0,3.0348778966606088e-05
EURUSD=X,F2,sgd,1,2.9813085073098615e-05
EURUSD=X,F3,adam,0,1.2488973001758996e-07
EURUSD=X,F3,adam,1,1.2368410093059262e-07
EURUSD=X,F3,sgd,0,3.0334925361608982e-05
EURUSD=X,F3,sgd,1,2.979947959981357e-05
EURUSD=X,F4,adam,0,1.2232924126409805e-07
EURUSD=X,F4,adam,1,1.2144552711653126e-07
EURUSD=X,F4,sgd,0,3.033358132775259e-05
EURUSD=X,F4,sgd,1,2.97981595721711e-05
EURUSD=X,F6,adam,0,1.2672977280420076e-07
EURUSD=X,F6,adam,1,1.253403898564391e-07
EURUSD=X,F6,sgd,0,3.033562872868269e-05
EURUSD=X,F6,sgd,1,2.9800170361264862e-05
EURUSD=X,F7,adam,0,1.285684768729596e-07
EURUSD=X,F7,adam,1,1.2726788396006973e-07
EURUSD=X,F7,sgd,0,3.0334630930329054e-05
EURUSD=X,F7,sgd,1,2.9799190164647454e-05
EURUSD=X,F5,adam,0,0.016131347075086254
EURUSD=X,F5,adam,1,0.016126975285843906
EURUSD=X,F5,sgd,0,3.704239048179452e-05
EURUSD=X,F5,sgd,1,3.645131116981288e-05
EURUSD=X,F9,adam,0,0.0010508724279184392
EURUSD=X,F9,adam,1,0.0010510152238192444
EURUSD=X,F9,sgd,0,2.96111175837688e-05
EURUSD=X,F9,sgd,1,2.9082040841363803e-05
EURUSD=X,F0,adam,0,5.961088281213896e-08
EURUSD=X,F0,adam,1,5.92614291154052e-08
EURUSD=X,F0,sgd,0,1.0081710690700829e-05
EURUSD=X,F0,sgd,1,9.900801672104189e-06
EURUSD=X,F1,adam,0,6.242997548195234e-08
EURUSD=X,F1,adam,1,6.18487296304795e-08
EURUSD=X,F1,sgd,0,1.0081843426209659e-05
EURUSD=X,F1,sgd,1,9.900931974007247e-06
EURUSD=X,F2,adam,0,1.1106545436997884e-07
EURUSD=X,F2,adam,1,1.1050311321860346e-07
EURUSD=X,F2,sgd,0,1.0086130964155563e-05
EURUSD=X,F2,sgd,1,9.90514216268607e-06
EURUSD=X,F3,adam,0,6.718065545773845e-08
EURUSD=X,F3,adam,1,6.646237348849698e-08
EURUSD=X,F3,sgd,0,1.0082097211955175e-05
EURUSD=X,F3,sgd,1,9.901181049647893e-06
EURUSD=X,F4,adam,0,6.019338185236872e-08
EURUSD=X,F4,adam,1,5.972700617408581e-08
EURUSD=X,F4,sgd,0,1.0081403292287832e-05
EURUSD=X,F4,sgd,1,9.900499627019214e-06
EURUSD=X,F6,adam,0,6.7147670717753e-08
EURUSD=X,F6,adam,1,6.643010423386204e-08
EURUSD=X,F6,sgd,0,1.0082095953038815e-05
EURUSD=X,F6,sgd,1,9.901179813461506e-06
EURUSD=X,F7,adam,0,6.371349844839782e-08
EURUSD=X,F7,adam,1,6.307953390139266e-08
EURUSD=X,F7,sgd,0,1.0081592396717549e-05
EURUSD=X,F7,sgd,1,9.900685307839609e-06
EURUSD=X,F5,adam,0,0.004130068536471073
EURUSD=X,F5,adam,1,0.004129195454100489
EURUSD=X,F5,sgd,0,1.2347956198308267e-05
EURUSD=X,F5,sgd,1,1.2147909804617748e-05
EURUSD=X,F9,adam,0,0.0001689284290248926
EURUSD=X,F9,adam,1,0.00016893484287030375
EURUSD=X,F9,sgd,0,9.83664665551697e-06
EURUSD=X,F9,sgd,1,9.6579441646954e-06
EURUSD=X,F0,adam,0,6.542568640797611e-08
EURUSD=X,F0,adam,1,6.51392503123819e-08
EURUSD=X,F0,sgd,0,1.119934633865519e-05
EURUSD=X,F0,sgd,1,1.0997600592528837e-05
EURUSD=X,F1,adam,0,7.135866061749186e-08
EURUSD=X,F1,adam,1,7.074970777062342e-08
EURUSD=X,F1,sgd,0,1.1199524943314961e-05
EURUSD=X,F1,sgd,1,1.0997775502439898e-05
EURUSD=X,F2,adam,0,1.0927517901954308e-07
EURUSD=X,F2,adam,1,1.0835331566079257e-07
EURUSD=X,F2,sgd,0,1.119895394263003e-05
EURUSD=X,F2,sgd,1,1.0997214412384562e-05
EURUSD=X,F3,adam,0,7.0158081312572e-08
EURUSD=X,F3,adam,1,6.951522691298833e-08
EURUSD=X,F3,sgd,0,1.1199982361764689e-05
EURUSD=X,F3,sgd,1,1.0998224789595377e-05
EURUSD=X,F4,adam,0,6.697678891620354e-08
EURUSD=X,F4,adam,1,6.65549727071834e-08
EURUSD=X,F4,sgd,0,1.1199169590827322e-05
EURUSD=X,F4,sgd,1,1.099742692874316e-05
EURUSD=X,F6,adam,0,7.2663722971759e-08
EURUSD=X,F6,adam,1,7.188599591516936e-08
EURUSD=X,F6,sgd,0,1.1200352509742922e-05
EURUSD=X,F6,sgd,1,1.0998588194166808e-05
EURUSD=X,F7,adam,0,7.080745531751977e-08
EURUSD=X,F7,adam,1,7.013261116633986e-08
EURUSD=X,F7,sgd,0,1.1199741231164525e-05
EURUSD=X,F7,sgd,1,1.0997988078426685e-05
EURUSD=X,F5,adam,0,0.004657439414418241
EURUSD=X,F5,adam,1,0.004656448904684598
EURUSD=X,F5,sgd,0,1.372784850387685e-05
EURUSD=X,F5,sgd,1,1.3504652078969591e-05
EURUSD=X,F9,adam,0,0.00020046213084698276
EURUSD=X,F9,adam,1,0.00020047071911771477
EURUSD=X,F9,sgd,0,1.0928291493392098e-05
EURUSD=X,F9,sgd,1,1.0728976334452483e-05
GBPUSD=X,F0,adam,0,9.264237889807456e-08
GBPUSD=X,F0,adam,1,9.213443167330532e-08
GBPUSD=X,F0,sgd,0,1.7604250985739532e-05
GBPUSD=X,F0,sgd,1,1.728939156648849e-05
GBPUSD=X,F1,adam,0,1.0683555903816105e-07
GBPUSD=X,F1,adam,1,1.0591063640915953e-07
GBPUSD=X,F1,sgd,0,1.760438715799535e-05
GBPUSD=X,F1,sgd,1,1.728952388850607e-05
GBPUSD=X,F2,adam,0,2.0718152641288357e-07
GBPUSD=X,F2,adam,1,2.060380354088866e-07
GBPUSD=X,F2,sgd,0,1.762175382138055e-05
GBPUSD=X,F2,sgd,1,1.7306576606205518e-05
GBPUSD=X,F3,adam,0,1.019125773190342e-07
GBPUSD=X,F3,adam,1,1.009993492957077e-07
GBPUSD=X,F3,sgd,0,1.7605346078270518e-05
GBPUSD=X,F3,sgd,1,1.7290465774166634e-05
GBPUSD=X,F4,adam,0,9.509337446606204e-08
GBPUSD=X,F4,adam,1,9.445297439798589e-08
GBPUSD=X,F4,sgd,0,1.7603608815875064e-05
GBPUSD=X,F4,sgd,1,1.7288759908128472e-05
GBPUSD=X,F6,adam,0,1.0457036055088104e-07
GBPUSD=X,F6,adam,1,1.0355700839358137e-07
GBPUSD=X,F6,sgd,0,1.760573084026919e-05
GBPUSD=X,F6,sgd,1,1.7290843413906127e-05
GBPUSD=X,F7,adam,0,1.0259247886835016e-07
GBPUSD=X,F7,adam,1,1.0170979641872747e-07
GBPUSD=X,F7,sgd,0,1.7604308675987578e-05
GBPUSD=X,F7,sgd,1,1.7289446559021776e-05
GBPUSD=X,F5,adam,0,0.005374378997129401
GBPUSD=X,F5,adam,1,0.005373521218997019
GBPUSD=X,F5,sgd,0,2.154343515419715e-05
GBPUSD=X,F5,sgd,1,2.1195452708165435e-05
GBPUSD=X,F9,adam,0,0.00016906266295984345
GBPUSD=X,F9,adam,1,0.00016906523573677516
GBPUSD=X,F9,sgd,0,1.718388300954102e-05
GBPUSD=X,F9,sgd,1,1.687273566602301e-05
GBPUSD=X,F0,adam,0,3.933566185994431e-07
GBPUSD=X,F0,adam,1,3.910743137335606e-07
GBPUSD=X,F0,sgd,0,5.30025986284439e-05
GBPUSD=X,F0,sgd,1,5.207607817765558e-05
GBPUSD=X,F1,adam,0,4.0947134497932174e-07
GBPUSD=X,F1,adam,1,4.053200974786415e-07
GBPUSD=X,F1,sgd,0,5.30024709356861e-05
GBPUSD=X,F1,sgd,1,5.207594981639932e-05
GBPUSD=X,F2,adam,0,8.372414772756824e-07
GBPUSD=X,F2,adam,1,8.320430417214292e-07
GBPUSD=X,F2,sgd,0,5.302560925503172e-05
GBPUSD=X,F2,sgd,1,5.2098670522710436e-05
GBPUSD=X,F3,adam,0,4.002025255663053e-07
GBPUSD=X,F3,adam,1,3.963000166247144e-07
GBPUSD=X,F3,sgd,0,5.300582069928158e-05
GBPUSD=X,F3,sgd,1,5.207924085865263e-05
GBPUSD=X,F4,adam,0,3.9309167767004025e-07
GBPUSD=X,F4,adam,1,3.9033986820214503e-07
GBPUSD=X,F4,sgd,0,5.300135397810558e-05
GBPUSD=X,F4,sgd,1,5.207485548293211e-05
GBPUSD=X,F6,adam,0,4.002685168119107e-07
GBPUSD=X,F6,adam,1,3.963579674981919e-07
GBPUSD=X,F6,sgd,0,5.300584343212616e-05
GBPUSD=X,F6,sgd,1,5.207926317926367e-05
GBPUSD=X,F7,adam,0,3.969700162555735e-07
GBPUSD=X,F7,adam,1,3.934071638936051e-07
GBPUSD=X,F7,sgd,0,5.300282571880673e-05
GBPUSD=X,F7,sgd,1,5.207629955743928e-05
GBPUSD=X,F5,adam,0,0.01774078262767834
GBPUSD=X,F5,adam,1,0.017737550692384647
GBPUSD=X,F5,sgd,0,6.458362590133837e-05
GBPUSD=X,F5,sgd,1,6.356136094154547e-05
GBPUSD=X,F9,adam,0,0.0006223237896804579
GBPUSD=X,F9,adam,1,0.0006223364560080381
GBPUSD=X,F9,sgd,0,5.1766840643618984e-05
GBPUSD=X,F9,sgd,1,5.085102668797069e-05
GBPUSD=X,F0,adam,0,6.365270730077115e-08
GBPUSD=X,F0,adam,1,6.336727929917013e-08
GBPUSD=X,F0,sgd,0,1.2233089076820877e-05
GBPUSD=X,F0,sgd,1,1.2012869157726312e-05
GBPUSD=X,F1,adam,0,7.030541541298128e-08
GBPUSD=X,F1,adam,1,6.971061323793299e-08
GBPUSD=X,F1,sgd,0,1.2233389822175509e-05
GBPUSD=X,F1,sgd,1,1.2013164058104599e-05
GBPUSD=X,F2,adam,0,1.243280105037198e-07
GBPUSD=X,F2,adam,1,1.2353255830044966e-07
GBPUSD=X,F2,sgd,0,1.2244603215490668e-05
GBPUSD=X,F2,sgd,1,1.2024174934967017e-05
GBPUSD=X,F3,adam,0,6.771619969287274e-08
GBPUSD=X,F3,adam,1,6.715548931460795e-08
GBPUSD=X,F3,sgd,0,1.2233947059932726e-05
GBPUSD=X,F3,sgd,1,1.201371115360831e-05
GBPUSD=X,F4,adam,0,6.485147768749858e-08
GBPUSD=X,F4,adam,1,6.445780215893022e-08
GBPUSD=X,F4,sgd,0,1.2232788535382153e-05
GBPUSD=X,F4,sgd,1,1.2012573728011596e-05
GBPUSD=X,F6,adam,0,7.041625900228015e-08
GBPUSD=X,F6,adam,1,6.969471677715113e-08
GBPUSD=X,F6,sgd,0,1.223465077660402e-05
GBPUSD=X,F6,sgd,1,1.2014402055565238e-05
GBPUSD=X,F7,adam,0,6.868334558518562e-08
GBPUSD=X,F7,adam,1,6.807902775137634e-08
GBPUSD=X,F7,sgd,0,1.2233563858641088e-05
GBPUSD=X,F7,sgd,1,1.2013334785220747e-05
GBPUSD=X,F5,adam,0,0.0036272194745235607
GBPUSD=X,F5,adam,1,0.003626656782365728
GBPUSD=X,F5,sgd,0,1.498988125828819e-05
GBPUSD=X,F5,sgd,1,1.4746360168933058e-05
GBPUSD=X,F9,adam,0,0.00010456589283539908
GBPUSD=X,F9,adam,1,0.00010456728234058826
GBPUSD=X,F9,sgd,0,1.1937286795216476e-05
GBPUSD=X,F9,sgd,1,1.171971218830209e-05
GBPUSD=X,F0,adam,0,4.45290676400026e-08
GBPUSD=X,F0,adam,1,4.444477926162653e-08
GBPUSD=X,F0,sgd,0,1.1125686816922763e-05
GBPUSD=X,F0,sgd,1,1.092677438846371e-05
GBPUSD=X,F1,adam,0,5.231632138208028e-08
GBPUSD=X,F1,adam,1,5.19444480950465e-08
GBPUSD=X,F1,sgd,0,1.112587476280096e-05
GBPUSD=X,F1,sgd,1,1.0926958214174006e-05
GBPUSD=X,F2,adam,0,5.6553031964606795e-08
GBPUSD=X,F2,adam,1,5.597988064319672e-08
GBPUSD=X,F2,sgd,0,1.1112870074159538e-05
GBPUSD=X,F2,sgd,1,1.0914185582413453e-05
GBPUSD=X,F3,adam,0,4.768070764729089e-08
GBPUSD=X,F3,adam,1,4.744877073578184e-08
GBPUSD=X,F3,sgd,0,1.1126405590772397e-05
GBPUSD=X,F3,sgd,1,1.0927479730023442e-05
GBPUSD=X,F4,adam,0,4.575073197578066e-08
GBPUSD=X,F4,adam,1,4.5562560271153604e-08
GBPUSD=X,F4,sgd,0,1.1125520649269325e-05
GBPUSD=X,F4,sgd,1,1.0926610782400365e-05
GBPUSD=X,F6,adam,0,4.922592646225949e-08
GBPUSD=X,F6,adam,1,4.8896837439247585e-08
GBPUSD=X,F6,sgd,0,1.112731569025564e-05
GBPUSD=X,F6,sgd,1,1.0928373322431314e-05
GBPUSD=X,F7,adam,0,4.888230121041607e-08
GBPUSD=X,F7,adam,1,4.8564685071874545e-08
GBPUSD=X,F7,sgd,0,1.1126285328533527e-05
GBPUSD=X,F7,sgd,1,1.0927361413431503e-05
GBPUSD=X,F5,adam,0,0.003484400932946681
GBPUSD=X,F5,adam,1,0.003483814713598711
GBPUSD=X,F5,sgd,0,1.361495567595157e-05
GBPUSD=X,F5,sgd,1,1.3395192326836397e-05
GBPUSD=X,F9,adam,0,0.00011266288877731815
GBPUSD=X,F9,adam,1,0.00011266605790392415
GBPUSD=X,F9,sgd,0,1.0862112305540712e-05
GBPUSD=X,F9,sgd,1,1.066549958372361e-05
JPM,F0,adam,0,3.470526492276903e-06
JPM,F0,adam,1,3.4540853014104197e-06
JPM,F0,sgd,0,0.0002367396366626348
JPM,F0,sgd,1,0.00023257097399329157
JPM,F1,adam,0,3.9019334891005e-06
JPM,F1,adam,1,3.872096055458483e-06
JPM,F1,sgd,0,0.00023680881861729532
JPM,F1,sgd,1,0.00023263877007113237
JPM,F2,adam,0,5.8253928994077506e-06
JPM,F2,adam,1,5.787062099267671e-06
JPM,F2,sgd,0,0.0002460413650536903
JPM,F2,sgd,1,0.00024170515416061433
JPM,F3,adam,0,3.757670006670055e-06
JPM,F3,adam,1,3.732447476935508e-06
JPM,F3,sgd,0,0.00023693990677580822
JPM,F3,sgd,1,0.00023276753912782812
JPM,F4,adam,0,3.5888965009144365e-06
JPM,F4,adam,1,3.569153468490038e-06
JPM,F4,sgd,0,0.00023659227739768307
JPM,F4,sgd,1,0.00023242622129262925
JPM,F6,adam,0,3.892867859488194e-06
JPM,F6,adam,1,3.862715583559575e-06
JPM,F6,sgd,0,0.00023727009571746733
JPM,F6,sgd,1,0.00023309173052465666
JPM,F7,adam,0,3.887761205668647e-06
JPM,F7,adam,1,3.859660053123112e-06
JPM,F7,sgd,0,0.00023688808668689964
JPM,F7,sgd,1,0.0002327166070956329
JPM,F5,adam,0,0.001653315406262305
JPM,F5,adam,1,0.0016532973019385072
JPM,F5,sgd,0,0.0002886558335239082
JPM,F5,sgd,1,0.00028406570985947536
JPM,F9,adam,0,0.00011141997151555871
JPM,F9,adam,1,0.00011159753740490688
JPM,F9,sgd,0,0.0002332306199537336
JPM,F9,sgd,1,0.000229072475880965
JPM,F0,adam,0,1.3345214037514581e-06
JPM,F0,adam,1,1.3268982455489869e-06
JPM,F0,sgd,0,0.0002338648579331011
JPM,F0,sgd,1,0.00022970869284779527
JPM,F1,adam,0,1.5511558880929421e-06
JPM,F1,adam,1,1.536505939356039e-06
JPM,F1,sgd,0,0.00023392837761177768
JPM,F1,sgd,1,0.0002297709147276987
JPM,F2,adam,0,2.015888477991031e-06
JPM,F2,adam,1,1.9986819407219712e-06
JPM,F2,sgd,0,0.00024147525058147078
JPM,F2,sgd,1,0.00023718234972577718
JPM,F3,adam,0,1.461839964448851e-06
JPM,F3,adam,1,1.4497139356693927e-06
JPM,F3,sgd,0,0.00023415416552381024
JPM,F3,sgd,1,0.00022999270217249595
JPM,F4,adam,0,1.3741846146179277e-06
JPM,F4,adam,1,1.3651095087631532e-06
JPM,F4,sgd,0,0.00023371171587786442
JPM,F4,sgd,1,0.00022955821936049468
JPM,F6,adam,0,1.5256898950369465e-06
JPM,F6,adam,1,1.5110121424423992e-06
JPM,F6,sgd,0,0.00023470957922972033
JPM,F6,sgd,1,0.0002305380923702899
JPM,F7,adam,0,1.5162037617465018e-06
JPM,F7,adam,1,1.50239040786528e-06
JPM,F7,sgd,0,0.00023417152757030207
JPM,F7,sgd,1,0.00023000968238574585
JPM,F5,adam,0,0.0013812884632339645
JPM,F5,adam,1,0.0013812638638791273
JPM,F5,sgd,0,0.00028556257766137544
JPM,F5,sgd,1,0.0002809911030125792
JPM,F9,adam,0,0.00015090387742340374
JPM,F9,adam,1,0.00015117121343756354
JPM,F9,sgd,0,0.00023069144267944097
JPM,F9,sgd,1,0.0002265395394428762
JPM,F0,adam,0,1.3361522612741932e-06
JPM,F0,adam,1,1.3298017102365058e-06
JPM,F0,sgd,0,7.787332538603538e-05
JPM,F0,sgd,1,7.652546760494896e-05
JPM,F1,adam,0,1.4839498485759264e-06
JPM,F1,adam,1,1.4714635454759269e-06
JPM,F1,sgd,0,7.787805851847533e-05
JPM,F1,sgd,1,7.653009039615585e-05
JPM,F2,adam,0,2.22404092589092e-06
JPM,F2,adam,1,2.2059671641139586e-06
JPM,F2,sgd,0,7.804778176707705e-05
JPM,F2,sgd,1,7.669676300585506e-05
JPM,F3,adam,0,1.4400355389837804e-06
JPM,F3,adam,1,1.427176998389765e-06
JPM,F3,sgd,0,7.791411593770612e-05
JPM,F3,sgd,1,7.656551353314435e-05
JPM,F4,adam,0,1.3683833327617382e-06
JPM,F4,adam,1,1.3592736206063279e-06
JPM,F4,sgd,0,7.786429654931138e-05
JPM,F4,sgd,1,7.651658810428467e-05
JPM,F6,adam,0,1.4433639148380953e-06
JPM,F6,adam,1,1.4303193569567637e-06
JPM,F6,sgd,0,7.791574629737043e-05
JPM,F6,sgd,1,7.656711462621549e-05
JPM,F7,adam,0,1.4361462866765103e-06
JPM,F7,adam,1,1.4239017819960282e-06
JPM,F7,sgd,0,7.788522099736779e-05
JPM,F7,sgd,1,7.653713415759531e-05
JPM,F5,adam,0,0.0014255951915293599
JPM,F5,adam,1,0.0014255544587231704
JPM,F5,sgd,0,9.432912636495108e-05
JPM,F5,sgd,1,9.284935433999757e-05
JPM,F9,adam,0,2.6673743731134255e-06
JPM,F9,adam,1,2.655612812887606e-06
JPM,F9,sgd,0,7.622220064911178e-05
JPM,F9,sgd,1,7.488723728812379e-05
JPM,F0,adam,0,7.910007586701993e-07
JPM,F0,adam,1,7.881943429698985e-07
JPM,F0,sgd,0,0.00010263819093041596
JPM,F0,sgd,1,0.00010084570305244607
JPM,F1,adam,0,9.566980176054725e-07
JPM,F1,adam,1,9.465534524064645e-07
JPM,F1,sgd,0,0.00010264282774967364
JPM,F1,sgd,1,0.00010085021247893555
JPM,F2,adam,0,1.7407973965696665e-06
JPM,F2,adam,1,1.7241476207707183e-06
JPM,F2,sgd,0,0.00010324414757678077
JPM,F2,sgd,1,0.00010144067076658787
JPM,F3,adam,0,8.385921084693057e-07
JPM,F3,adam,1,8.327050591574608e-07
JPM,F3,sgd,0,0.0001027009139673147
JPM,F3,sgd,1,0.0001009072811654434
JPM,F4,adam,0,7.946718229948074e-07
JPM,F4,adam,1,7.911896648660157e-07
JPM,F4,sgd,0,0.0001026265061525354
JPM,F4,sgd,1,0.00010083422107790745
JPM,F6,adam,0,8.736071713226254e-07
JPM,F6,adam,1,8.662150850591369e-07
JPM,F6,sgd,0,0.00010273507021865687
JPM,F6,sgd,1,0.00010094082305145574
JPM,F7,adam,0,8.476581090794461e-07
JPM,F7,adam,1,8.413511988596895e-07
JPM,F7,sgd,0,0.00010268228414760435
JPM,F7,sgd,1,0.00010088898789254918
JPM,F5,adam,0,0.002099679681642905
JPM,F5,adam,1,0.0020996504751494742
JPM,F5,sgd,0,0.00012480091669883728
JPM,F5,sgd,1,0.00012283004604422005
JPM,F9,adam,0,3.4018069574493987e-06
JPM,F9,adam,1,3.3871444183694573e-06
JPM,F9,sgd,0,0.00010066909357223851
JPM,F9,sgd,1,9.888939798059075e-05
MSFT,F0,adam,0,1.2558489736824405e-06
MSFT,F0,adam,1,1.248473352474152e-06
MSFT,F0,sgd,0,0.00016776120804503408
MSFT,F0,sgd,1,0.0001647594611019403
MSFT,F1,adam,0,1.4856788294836831e-06
MSFT,F1,adam,1,1.4716713284822375e-06
MSFT,F1,sgd,0,0.00016783537130292782
MSFT,F1,sgd,1,0.00016483216514044278
MSFT,F2,adam,0,2.461411050433612e-06
MSFT,F2,adam,1,2.4446003167209578e-06
MSFT,F2,sgd,0,0.0001728424562814953
MSFT,F2,sgd,1,0.00016974899199867835
MSFT,F3,adam,0,1.4176457734021834e-06
MSFT,F3,adam,1,1.4057010395251789e-06
MSFT,F3,sgd,0,0.0001679252727004973
MSFT,F3,sgd,1,0.00016492048657479726
MSFT,F4,adam,0,1.2849475028206306e-06
MSFT,F4,adam,1,1.2759384736165907e-06
MSFT,F4,sgd,0,0.00016772479363297255
MSFT,F4,sgd,1,0.00016472363369683844
MSFT,F6,adam,0,1.4161803754951968e-06
MSFT,F6,adam,1,1.4042702552207923e-06
MSFT,F6,sgd,0,0.0001679230057915438
MSFT,F6,sgd,1,0.00016491826116121137
MSFT,F7,adam,0,1.3803893944259625e-06
MSFT,F7,adam,1,1.3691320345882012e-06
MSFT,F7,sgd,0,0.0001677986228718938
MSFT,F7,sgd,1,0.00016479609806489408
MSFT,F5,adam,0,0.001419305787276775
MSFT,F5,adam,1,0.0014192781080466696
MSFT,F5,sgd,0,0.0002049329194467487
MSFT,F5,sgd,1,0.0002016282788239417
MSFT,F9,adam,0,4.8414013778651926e-05
MSFT,F9,adam,1,4.8490549287805824e-05
MSFT,F9,sgd,0,0.0001650632378390872
MSFT,F9,sgd,1,0.00016207242732471934
MSFT,F0,adam,0,2.2804796396057467e-06
MSFT,F0,adam,1,2.2693580613271597e-06
MSFT,F0,sgd,0,0.000336022561485551
MSFT,F0,sgd,1,0.00033013472141620335
MSFT,F1,adam,0,2.6187257612070515e-06
MSFT,F1,adam,1,2.598085460966507e-06
MSFT,F1,sgd,0,0.0003360756780052471
MSFT,F1,sgd,1,0.0003301866852012308
MSFT,F2,adam,0,3.852314211432912e-06
MSFT,F2,adam,1,3.824940156386791e-06
MSFT,F2,sgd,0,0.00034309933048485994
MSFT,F2,sgd,1,0.00033708498885088326
MSFT,F3,adam,0,2.5084928550837044e-06
MSFT,F3,adam,1,2.489831371340229e-06
MSFT,F3,sgd,0,0.0003363170577259611
MSFT,F3,sgd,1,0.0003304238671604893
MSFT,F4,adam,0,2.3836099797320315e-06
MSFT,F4,adam,1,2.3694293718040804e-06
MSFT,F4,sgd,0,0.0003358502096381498
MSFT,F4,sgd,1,0.0003299654025882896
MSFT,F6,adam,0,2.5076430099241934e-06
MSFT,F6,adam,1,2.4890044307544052e-06
MSFT,F6,sgd,0,0.0003363154748993418
MSFT,F6,sgd,1,0.00033042231280611735
MSFT,F7,adam,0,2.5117312578948423e-06
MSFT,F7,adam,1,2.493868099539833e-06
MSFT,F7,sgd,0,0.00033598551850495665
MSFT,F7,sgd,1,0.0003300982385389565
MSFT,F5,adam,0,0.002866049895256131
MSFT,F5,adam,1,0.0028659798417969605
MSFT,F5,sgd,0,0.0004086929308305573
MSFT,F5,sgd,1,0.0004022264682102035
MSFT,F9,adam,0,9.313315000097836e-05
MSFT,F9,adam,1,9.327206418166368e-05
MSFT,F9,sgd,0,0.00033047059079873223
MSFT,F9,sgd,1,0.0003246078095480319
MSFT,F0,adam,0,5.796813568342589e-07
MSFT,F0,adam,1,5.772993109892708e-07
MSFT,F0,sgd,0,9.11316038229499e-05
MSFT,F0,sgd,1,8.951918359206375e-05
MSFT,F1,adam,0,6.064980801992401e-07
MSFT,F1,adam,1,6.019410460470303e-07
MSFT,F1,sgd,0,9.113075589073286e-05
MSFT,F1,sgd,1,8.951827993115709e-05
MSFT,F2,adam,0,1.1808269748930705e-06
MSFT,F2,adam,1,1.1749754109427167e-06
MSFT,F2,sgd,0,9.143569418216373e-05
MSFT,F2,sgd,1,8.981769574572428e-05
MSFT,F3,adam,0,6.133907662558982e-07
MSFT,F3,adam,1,6.082523812289093e-07
MSFT,F3,sgd,0,9.118447376243906e-05
MSFT,F3,sgd,1,8.957106753240653e-05
MSFT,F4,adam,0,5.796513912208813e-07
MSFT,F4,adam,1,5.765153867863287e-07
MSFT,F4,sgd,0,9.110480868898999e-05
MSFT,F4,sgd,1,8.949284850523574e-05
MSFT,F6,adam,0,6.13430178467058e-07
MSFT,F6,adam,1,6.082900183550489e-07
MSFT,F6,sgd,0,9.118451838226759e-05
MSFT,F6,sgd,1,8.95711113371782e-05
MSFT,F7,adam,0,6.0020656793211e-07
MSFT,F7,adam,1,5.957581486357287e-07
MSFT,F7,sgd,0,9.11284212675365e-05
MSFT,F7,sgd,1,8.95160274841648e-05
MSFT,F5,adam,0,0.0011014014787657344
MSFT,F5,adam,1,0.0011013876897578506
MSFT,F5,sgd,0,0.0001108747286000337
MSFT,F5,sgd,1,0.00010910429541357783
MSFT,F9,adam,0,9.078244040308744e-06
MSFT,F9,adam,1,9.091438518495763e-06
MSFT,F9,sgd,0,8.914195504547908e-05
MSFT,F9,sgd,1,8.754508045517969e-05
MSFT,F0,adam,0,5.402298732455323e-07
MSFT,F0,adam,1,5.3812138683883e-07
MSFT,F0,sgd,0,7.909249680872126e-05
MSFT,F0,sgd,1,7.769227627603261e-05
MSFT,F1,adam,0,6.15915071066826e-07
MSFT,F1,adam,1,6.103432079931162e-07
MSFT,F1,sgd,0,7.909815085461052e-05
MSFT,F1,sgd,1,7.769779921210078e-05
MSFT,F2,adam,0,9.863544827833577e-07
MSFT,F2,adam,1,9.79405614499466e-07
MSFT,F2,sgd,0,7.933412028515407e-05
MSFT,F2,sgd,1,7.792945885946006e-05
MSFT,F3,adam,0,5.802987528337482e-07
MSFT,F3,adam,1,5.75622181327116e-07
MSFT,F3,sgd,0,7.913981942457244e-05
MSFT,F3,sgd,1,7.773872343330448e-05
MSFT,F4,adam,0,5.533431016023555e-07
MSFT,F4,adam,1,5.502999010265886e-07
MSFT,F4,sgd,0,7.906245574399069e-05
MSFT,F4,sgd,1,7.766276079365135e-05
MSFT,F6,adam,0,5.909975605034645e-07
MSFT,F6,adam,1,5.857892364694631e-07
MSFT,F6,sgd,0,7.915191457046948e-05
MSFT,F6,sgd,1,7.775059867538942e-05
MSFT,F7,adam,0,5.852656972389636e-07
MSFT,F7,adam,1,5.804752894021837e-07
MSFT,F7,sgd,0,7.909432264534965e-05
MSFT,F7,sgd,1,7.769404155005023e-05
MSFT,F5,adam,0,0.0012507947293674982
MSFT,F5,adam,1,0.0012507540876784311
MSFT,F5,sgd,0,9.62404877817298e-05
MSFT,F5,sgd,1,9.470229724764081e-05
MSFT,F9,adam,0,1.468466383335883e-06
MSFT,F9,adam,1,1.4650297975305958e-06
MSFT,F9,sgd,0,7.74837108778727e-05
MSFT,F9,sgd,1,7.609494559714623e-05
QQQ,F0,adam,0,1.0652883581344575e-06
QQQ,F0,adam,1,1.0591861933656181e-06
QQQ,F0,sgd,0,0.0001432801388429757
QQQ,F0,sgd,1,0.0001407176346547272
QQQ,F1,adam,0,1.2404718916697524e-06
QQQ,F1,adam,1,1.2292403214747159e-06
QQQ,F1,sgd,0,0.00014332227446909975
QQQ,F1,sgd,1,0.00014075894916925114
QQQ,F2,adam,0,2.210645795572118e-06
QQQ,F2,adam,1,2.1965808059918663e-06
QQQ,F2,sgd,0,0.00014622833411026626
QQQ,F2,sgd,1,0.0001436126418067074
QQQ,F3,adam,0,1.1780505964342564e-06
QQQ,F3,adam,1,1.1682908235888964e-06
QQQ,F3,sgd,0,0.00014336928630958874
QQQ,F3,sgd,1,0.00014080513448109486
QQQ,F4,adam,0,1.100143257108209e-06
QQQ,F4,adam,1,1.092520769967448e-06
QQQ,F4,sgd,0,0.0001432584758840867
QQQ,F4,sgd,1,0.0001406963247283445
QQQ,F6,adam,0,1.1755010264276372e-06
QQQ,F6,adam,1,1.1658072294233538e-06
QQQ,F6,sgd,0,0.00014336646130607772
QQQ,F6,sgd,1,0.00014080236077117705
QQQ,F7,adam,0,1.1688476171741328e-06
QQQ,F7,adam,1,1.1594349503390186e-06
QQQ,F7,sgd,0,0.00014329922846408407
QQQ,F7,sgd,1,0.00014073632192050894
QQQ,F5,adam,0,0.0022789790940407188
QQQ,F5,adam,1,0.002278916056241598
QQQ,F5,sgd,0,0.00017501021786107753
QQQ,F5,sgd,1,0.00017218657644267
QQQ,F9,adam,0,2.9054410014978556e-06
QQQ,F9,adam,1,2.899031348004279e-06
QQQ,F9,sgd,0,0.00014060396501141214
QQQ,F9,sgd,1,0.00013805786659633028
QQQ,F0,adam,0,1.5243277294161357e-06
QQQ,F0,adam,1,1.516589344350101e-06
QQQ,F0,sgd,0,0.0002912904399237216
QQQ,F0,sgd,1,0.0002861245516883218
QQQ,F1,adam,0,1.737538881760996e-06
QQQ,F1,adam,1,1.7237147616389523e-06
QQQ,F1,sgd,0,0.0002913524416317863
QQQ,F1,sgd,1,0.000286185380720356
QQQ,F2,adam,0,2.172745600585029e-06
QQQ,F2,adam,1,2.1559303807739277e-06
QQQ,F2,sgd,0,0.0002962753192886167
QQQ,F2,sgd,1,0.00029102012547843175
QQQ,F3,adam,0,1.6597947100359297e-06
QQQ,F3,adam,1,1.647632382106988e-06
QQQ,F3,sgd,0,0.0002914764267071819
QQQ,F3,sgd,1,0.00028630713740336036
QQQ,F4,adam,0,1.569928391885903e-06
QQQ,F4,adam,1,1.560823361314362e-06
QQQ,F4,sgd,0,0.00029122017077543196
QQQ,F4,sgd,1,0.00028605550944222903
QQQ,F6,adam,0,1.6601868777288013e-06
QQQ,F6,adam,1,1.6480132980122575e-06
QQQ,F6,sgd,0,0.00029147720188381457
QQQ,F6,sgd,1,0.0002863078985701132
QQQ,F7,adam,0,1.6501279234019716e-06
QQQ,F7,adam,1,1.6385279133696615e-06
QQQ,F7,sgd,0,0.0002913152712117276
QQQ,F7,sgd,1,0.00028614886611581786
QQQ,F5,adam,0,0.004246134454827257
QQQ,F5,adam,1,0.0042459646163059556
QQQ,F5,sgd,0,0.00035504351132544686
QQQ,F5,sgd,1,0.00034936203536583714
QQQ,F9,adam,0,7.012211303611217e-06
QQQ,F9,adam,1,7.012419382075766e-06
QQQ,F9,sgd,0,0.0002859572562292016
QQQ,F9,sgd,1,0.0002808226501152551
QQQ,F0,adam,0,3.5246876228579123e-07
QQQ,F0,adam,1,3.494361859306172e-07
QQQ,F0,sgd,0,5.829912855695319e-05
QQQ,F0,sgd,1,5.7259534200723684e-05
QQQ,F1,adam,0,3.682801898343958e-07
QQQ,F1,adam,1,3.6381340823779735e-07
QQQ,F1,sgd,0,5.8293800147674984e-05
QQQ,F1,sgd,1,5.7254274813471985e-05
QQQ,F2,adam,0,5.982853608185771e-07
QQQ,F2,adam,1,5.935493037972129e-07
QQQ,F2,sgd,0,5.831704343358191e-05
QQQ,F2,sgd,1,5.727706975540654e-05
QQQ,F3,adam,0,4.0371835965827673e-07
QQQ,F3,adam,1,3.987450560550774e-07
QQQ,F3,sgd,0,5.832325467981086e-05
QQQ,F3,sgd,1,5.7283221698097746e-05
QQQ,F4,adam,0,3.5578710305016877e-07
QQQ,F4,adam,1,3.520243964496312e-07
QQQ,F4,sgd,0,5.8281244936813426e-05
QQQ,F4,sgd,1,5.724197371867074e-05
QQQ,F6,adam,0,4.0346474265575516e-07
QQQ,F6,adam,1,3.9849577302156815e-07
QQQ,F6,sgd,0,5.8323135382681056e-05
QQQ,F6,sgd,1,5.728310454124042e-05
QQQ,F7,adam,0,3.8475309012967443e-07
QQQ,F7,adam,1,3.7999384572016835e-07
QQQ,F7,sgd,0,5.8291977581004483e-05
QQQ,F7,sgd,1,5.725251299894355e-05
QQQ,F5,adam,0,0.0011255697510695213
QQQ,F5,adam,1,0.0011255435888662445
QQQ,F5,sgd,0,7.106093604341236e-05
QQQ,F5,sgd,1,6.991768955832314e-05
QQQ,F9,adam,0,7.028481131042614e-07
QQQ,F9,adam,1,6.993205682858001e-07
QQQ,F9,sgd,0,5.6988481869414356e-05
QQQ,F9,sgd,1,5.595956922098572e-05
QQQ,F0,adam,0,4.229517695332989e-07
QQQ,F0,adam,1,4.2160573667579546e-07
QQQ,F0,sgd,0,5.80241970686168e-05
QQQ,F0,sgd,1,5.699875056167449e-05
QQQ,F1,adam,0,4.59074360326849e-07
QQQ,F1,adam,1,4.5554225302514606e-07
QQQ,F1,sgd,0,5.8026736483299696e-05
QQQ,F1,sgd,1,5.700123346416281e-05
QQQ,F2,adam,0,7.998958902476249e-07
QQQ,F2,adam,1,7.947318849285605e-07
QQQ,F2,sgd,0,5.829754488372349e-05
QQQ,F2,sgd,1,5.726714076883842e-05
QQQ,F3,adam,0,4.325694417861927e-07
QQQ,F3,adam,1,4.29787049840425e-07
QQQ,F3,sgd,0,5.804921830230151e-05
QQQ,F3,sgd,1,5.7023315206597856e-05
QQQ,F4,adam,0,4.231169505232522e-07
QQQ,F4,adam,1,4.214575618234469e-07
QQQ,F4,sgd,0,5.801495005971154e-05
QQQ,F4,sgd,1,5.6989667206380835e-05
QQQ,F6,adam,0,4.4381511121403264e-07
QQQ,F6,adam,1,4.4025433608313157e-07
QQQ,F6,sgd,0,5.80678182524557e-05
QQQ,F6,sgd,1,5.7041581006985305e-05
QQQ,F7,adam,0,4.348530400651382e-07
QQQ,F7,adam,1,4.319184777630229e-07
QQQ,F7,sgd,0,5.8039416918072e-05
QQQ,F7,sgd,1,5.70136904549586e-05
QQQ,F5,adam,0,0.001521649426033194
QQQ,F5,adam,1,0.0015215995642436663
QQQ,F5,sgd,0,7.06417612416501e-05
QQQ,F5,sgd,1,6.95137600928373e-05
QQQ,F9,adam,0,5.106111014319588e-06
QQQ,F9,adam,1,5.101274647685791e-06
QQQ,F9,sgd,0,5.680796971665878e-05
QQQ,F9,sgd,1,5.579165647009652e-05
SPY,F0,adam,0,4.411015335788997e-07
SPY,F0,adam,1,4.393938147689261e-07
SPY,F0,sgd,0,6.77697388258908e-05
SPY,F0,sgd,1,6.655681913504158e-05
SPY,F1,adam,0,4.995277850377328e-07
SPY,F1,adam,1,4.960374575736761e-07
SPY,F1,sgd,0,6.778271834594483e-05
SPY,F1,sgd,1,6.656954838670705e-05
SPY,F2,adam,0,8.604660620532258e-07
SPY,F2,adam,1,8.552477895506342e-07
SPY,F2,sgd,0,6.90478826520191e-05
SPY,F2,sgd,1,6.781189073230396e-05
SPY,F3,adam,0,4.719115059179706e-07
SPY,F3,adam,1,4.6911307349793253e-07
SPY,F3,sgd,0,6.77974422773599e-05
SPY,F3,sgd,1,6.6584009635755e-05
SPY,F4,adam,0,4.4918063610604533e-07
SPY,F4,adam,1,4.471578609298493e-07
SPY,F4,sgd,0,6.776192769852602e-05
SPY,F4,sgd,1,6.65491420499432e-05
SPY,F6,adam,0,4.781254255709903e-07
SPY,F6,adam,1,4.751548746107065e-07
SPY,F6,sgd,0,6.780435759397599e-05
SPY,F6,sgd,1,6.659079880216542e-05
SPY,F7,adam,0,4.7306843453729097e-07
SPY,F7,adam,1,4.703295458632021e-07
SPY,F7,sgd,0,6.777978508032637e-05
SPY,F7,sgd,1,6.656666953205114e-05
SPY,F5,adam,0,0.001651674207650578
SPY,F5,adam,1,0.0016516200685678189
SPY,F5,sgd,0,8.289412767156913e-05
SPY,F5,sgd,1,8.155556039200891e-05
SPY,F9,adam,0,4.5134289464741975e-06
SPY,F9,adam,1,4.508495764402956e-06
SPY,F9,sgd,0,6.648787480906833e-05
SPY,F9,sgd,1,6.52830258241579e-05
SPY,F0,adam,0,9.927351129090497e-07
SPY,F0,adam,1,9.870955092219937e-07
SPY,F0,sgd,0,0.00018074129640734113
SPY,F0,sgd,1,0.00017753895683690756
SPY,F1,adam,0,1.1258601410903685e-06
SPY,F1,adam,1,1.116000492652493e-06
SPY,F1,sgd,0,0.00018076709781828022
SPY,F1,sgd,1,0.00017756426707198048
SPY,F2,adam,0,1.3951714746200564e-06
SPY,F2,adam,1,1.3833315138199296e-06
SPY,F2,sgd,0,0.0001834634393420579
SPY,F2,sgd,1,0.00018021233223552041
SPY,F3,adam,0,1.0767899043012329e-06
SPY,F3,adam,1,1.0682579113247746e-06
SPY,F3,sgd,0,0.000180821587709704
SPY,F3,sgd,1,0.00017761777597071927
SPY,F4,adam,0,1.0106808233464497e-06
SPY,F4,adam,1,1.0043916279237471e-06
SPY,F4,sgd,0,0.00018071669594182067
SPY,F4,sgd,1,0.00017751478431775845
SPY,F6,adam,0,1.1033027994082332e-06
SPY,F6,adam,1,1.0939669264997102e-06
SPY,F6,sgd,0,0.00018087282242184138
SPY,F6,sgd,1,0.00017766808520589282
SPY,F7,adam,0,1.0792501944632327e-06
SPY,F7,adam,1,1.0707101021243048e-06
SPY,F7,sgd,0,0.00018078248687807854
SPY,F7,sgd,1,0.00017757937194620062
SPY,F5,adam,0,0.004244343138383396
SPY,F5,adam,1,0.004244165660044524
SPY,F5,sgd,0,0.00022051112372171154
SPY,F5,sgd,1,0.00021698377315949104
SPY,F9,adam,0,8.899538379254115e-06
SPY,F9,adam,1,8.887771760999723e-06
SPY,F9,sgd,0,0.00017737511738291016
SPY,F9,sgd,1,0.00017419335823002383
SPY,F0,adam,0,1.9664640275333035e-07
SPY,F0,adam,1,1.951917782561235e-07
SPY,F0,sgd,0,3.154315035843932e-05
SPY,F0,sgd,1,3.0979108448768204e-05
SPY,F1,adam,0,2.1128451752428422e-07
SPY,F1,adam,1,2.0902854582556207e-07
SPY,F1,sgd,0,3.154308514961834e-05
SPY,F1,sgd,1,3.097904021354311e-05
SPY,F2,adam,0,3.1458618912386714e-07
SPY,F2,adam,1,3.11789592906653e-07
SPY,F2,sgd,0,3.1581806306850966e-05
SPY,F2,sgd,1,3.101705965802004e-05
SPY,F3,adam,0,2.186982085038485e-07
SPY,F3,adam,1,2.1613209112212532e-07
SPY,F3,sgd,0,3.155063371552661e-05
SPY,F3,sgd,1,3.098645491347103e-05
SPY,F4,adam,0,2.0355057744358064e-07
SPY,F4,adam,1,2.0162815412395836e-07
SPY,F4,sgd,0,3.153878161427621e-05
SPY,F4,sgd,1,3.0974817144816003e-05
SPY,F6,adam,0,2.1875227512796306e-07
SPY,F6,adam,1,2.161844537040763e-07
SPY,F6,sgd,0,3.155065251424936e-05
SPY,F6,sgd,1,3.098647337562123e-05
SPY,F7,adam,0,2.1424896013886466e-07
SPY,F7,adam,1,2.1181402336796014e-07
SPY,F7,sgd,0,3.154254020909475e-05
SPY,F7,sgd,1,3.097850733944103e-05
SPY,F5,adam,0,0.001559469609393032
SPY,F5,adam,1,0.001559423522332952
SPY,F5,sgd,0,3.850866945404824e-05
SPY,F5,sgd,1,3.788719243653613e-05
SPY,F9,adam,0,1.4349280289056794e-05
SPY,F9,adam,1,1.4347910489196412e-05
SPY,F9,sgd,0,3.081251029130004e-05
SPY,F9,sgd,1,3.0254680455367866e-05
SPY,F0,adam,0,2.2603057978214787e-07
SPY,F0,adam,1,2.2573290285453394e-07
SPY,F0,sgd,0,3.2480557604073545e-05
SPY,F0,sgd,1,3.190407720280558e-05
SPY,F1,adam,0,2.4594706337483107e-07
SPY,F1,adam,1,2.4445727105039243e-07
SPY,F1,sgd,0,3.2481454594014324e-05
SPY,F1,sgd,1,3.190495320476081e-05
SPY,F2,adam,0,4.191054767671748e-07
SPY,F2,adam,1,4.1620442113362737e-07
SPY,F2,sgd,0,3.259506344068437e-05
SPY,F2,sgd,1,3.201650217822279e-05
SPY,F3,adam,0,2.2726349167270372e-07
SPY,F3,adam,1,2.2651096622320178e-07
SPY,F3,sgd,0,3.2488440708109205e-05
SPY,F3,sgd,1,3.191181601216124e-05
SPY,F4,adam,0,2.252632571402683e-07
SPY,F4,adam,1,2.2486590202570638e-07
SPY,F4,sgd,0,3.247828105743388e-05
SPY,F4,sgd,1,3.19018414377415e-05
SPY,F6,adam,0,2.3058947649721965e-07
SPY,F6,adam,1,2.2950803746682389e-07
SPY,F6,sgd,0,3.2493992752596474e-05
SPY,F6,sgd,1,3.191726842300967e-05
SPY,F7,adam,0,2.2789580256173342e-07
SPY,F7,adam,1,2.2704982509576386e-07
SPY,F7,sgd,0,3.2485609904506556e-05
SPY,F7,sgd,1,3.1909037102721336e-05
SPY,F5,adam,0,0.0019293270977506689
SPY,F5,adam,1,0.0019292585894711554
SPY,F5,sgd,0,3.963042696595746e-05
SPY,F5,sgd,1,3.8994857699421644e-05
SPY,F9,adam,0,2.3913155347180096e-05
SPY,F9,adam,1,2.391328660756019e-05
SPY,F9,sgd,0,3.177650821381126e-05
SPY,F9,sgd,1,3.1205578343808665e-05
