noise,sigma,filter,optimizer,seed,final_grad_norm_sq,holdout_acc
N1,0.1,F0,sgd,0,0.000501741722491734,0.84
N1,0.1,F0,sgd,1,0.00108963087926815,0.852
N1,0.1,F0,sgd,2,0.0008077285166976422,0.855
N1,0.1,F0,sgd,3,0.0009882225354720666,0.854
N1,0.1,F0,adam,0,0.00426753955103242,0.826
N1,0.1,F0,adam,1,0.006775758303908258,0.82
N1,0.1,F0,adam,2,0.006071247820091841,0.858
N1,0.1,F0,adam,3,0.003901527675797797,0.846
N1,0.1,F2,sgd,0,0.0005641442144435654,0.842
N1,0.1,F2,sgd,1,0.001116438672312122,0.846
N1,0.1,F2,sgd,2,0.0007848331661164877,0.854
N1,0.1,F2,sgd,3,0.0010050957421091212,0.855
N1,0.1,F2,adam,0,0.02031799146169306,0.81
N1,0.1,F2,adam,1,0.022073331113065555,0.817
N1,0.1,F2,adam,2,0.04472992077103543,0.785
N1,0.1,F2,adam,3,0.014960739545459264,0.821
N1,0.1,F4,sgd,0,0.0006403008903847387,0.836
N1,0.1,F4,sgd,1,0.001323653908716635,0.845
N1,0.1,F4,sgd,2,0.000886400293444754,0.86
N1,0.1,F4,sgd,3,0.0010624040984256553,0.851
N1,0.1,F4,adam,0,0.00542198582943769,0.827
N1,0.1,F4,adam,1,0.011904839214230608,0.817
N1,0.1,F4,adam,2,0.015964461279318557,0.832
N1,0.1,F4,adam,3,0.00764561873847303,0.844
N1,0.1,F7,sgd,0,0.0006626241358056156,0.838
N1,0.1,F7,sgd,1,0.0013715107426727927,0.852
N1,0.1,F7,sgd,2,0.0007653973958106835,0.858
N1,0.1,F7,sgd,3,0.0009029736330597831,0.85
N1,0.1,F7,adam,0,0.005074545354635106,0.827
N1,0.1,F7,adam,1,0.008582893585650134,0.824
N1,0.1,F7,adam,2,0.011715097036713055,0.843
N1,0.1,F7,adam,3,0.00553536411940783,0.845
N1,0.1,F8,sgd,0,0.0006789465508855633,0.838
N1,0.1,F8,sgd,1,0.0014233985074427677,0.851
N1,0.1,F8,sgd,2,0.0007723851804628569,0.858
N1,0.1,F8,sgd,3,0.0009023390046114828,0.851
N1,0.1,F8,adam,0,0.005714586968058278,0.821
N1,0.1,F8,adam,1,0.009280147421698162,0.818
N1,0.1,F8,adam,2,0.012360967036617841,0.84
N1,0.1,F8,adam,3,0.006013291438206844,0.843
N1,0.2,F0,sgd,0,0.0016244448932028648,0.833
N1,0.2,F0,sgd,1,0.0036992586084533953,0.844
N1,0.2,F0,sgd,2,0.002621079874549264,0.85
N1,0.2,F0,sgd,3,0.0026980625406059717,0.849
N1,0.2,F0,adam,0,0.0069021943500897475,0.816
N1,0.2,F0,adam,1,0.012475861465494124,0.819
N1,0.2,F0,adam,2,0.006902715794668565,0.855
N1,0.2,F0,adam,3,0.006201817084577025,0.84
N1,0.2,F2,sgd,0,0.0017834781334405076,0.831
N1,0.2,F2,sgd,1,0.003937706476220619,0.849
N1,0.2,F2,sgd,2,0.0026224438419233465,0.847
N1,0.2,F2,sgd,3,0.002697402001019806,0.851
N1,0.2,F2,adam,0,0.015835527402394654,0.81
N1,0.2,F2,adam,1,0.018501384581854897,0.82
N1,0.2,F2,adam,2,0.031498470819575033,0.821
N1,0.2,F2,adam,3,0.013414957823398773,0.818
N1,0.2,F4,sgd,0,0.0020966180254654724,0.829
N1,0.2,F4,sgd,1,0.004162790877347141,0.843
N1,0.2,F4,sgd,2,0.00298933888145372,0.858
N1,0.2,F4,sgd,3,0.0030036286238212953,0.843
N1,0.2,F4,adam,0,0.011374629714133683,0.812
N1,0.2,F4,adam,1,0.018557288048795386,0.811
N1,0.2,F4,adam,2,0.019412981605198273,0.816
N1,0.2,F4,adam,3,0.011651789506611367,0.821
N1,0.2,F7,sgd,0,0.0019404426643050993,0.826
N1,0.2,F7,sgd,1,0.004108532507940014,0.843
N1,0.2,F7,sgd,2,0.0022554612914320233,0.849
N1,0.2,F7,sgd,3,0.0026358519525625764,0.848
N1,0.2,F7,adam,0,0.009745708789435325,0.806
N1,0.2,F7,adam,1,0.014406666843098425,0.819
N1,0.2,F7,adam,2,0.013504382637730893,0.843
N1,0.2,F7,adam,3,0.00898908634689771,0.838
N1,0.2,F8,sgd,0,0.0020194263985011457,0.826
N1,0.2,F8,sgd,1,0.004355285519941517,0.844
N1,0.2,F8,sgd,2,0.002267083522243341,0.851
N1,0.2,F8,sgd,3,0.0026473997277952797,0.849
N1,0.2,F8,adam,0,0.01010358470095328,0.809
N1,0.2,F8,adam,1,0.015092770348499818,0.818
N1,0.2,F8,adam,2,0.013773634429571665,0.841
N1,0.2,F8,adam,3,0.009438603549652386,0.836
N1,0.4,F0,sgd,0,0.005783782862939132,0.836
N1,0.4,F0,sgd,1,0.013670413555016449,0.824
N1,0.4,F0,sgd,2,0.00993831104159533,0.837
N1,0.4,F0,sgd,3,0.008314021373751805,0.834
N1,0.4,F0,adam,0,0.012097881583039469,0.815
N1,0.4,F0,adam,1,0.026675795853470574,0.788
N1,0.4,F0,adam,2,0.014179236335684919,0.83
N1,0.4,F0,adam,3,0.012237718545347881,0.827
N1,0.4,F2,sgd,0,0.006147214889359182,0.831
N1,0.4,F2,sgd,1,0.014860656326559307,0.822
N1,0.4,F2,sgd,2,0.010145238135532607,0.828
N1,0.4,F2,sgd,3,0.008340363136751247,0.835
N1,0.4,F2,adam,0,0.021389965241244924,0.804
N1,0.4,F2,adam,1,0.050803909335101004,0.757
N1,0.4,F2,adam,2,0.024897805746083725,0.824
N1,0.4,F2,adam,3,0.017384829345095203,0.813
N1,0.4,F4,sgd,0,0.007444148298138277,0.826
N1,0.4,F4,sgd,1,0.01508800513749708,0.83
N1,0.4,F4,sgd,2,0.011234537388113548,0.828
N1,0.4,F4,sgd,3,0.009092049676327523,0.825
N1,0.4,F4,adam,0,0.018494096120257927,0.799
N1,0.4,F4,adam,1,0.03673256402335097,0.77
N1,0.4,F4,adam,2,0.022954156941125254,0.798
N1,0.4,F4,adam,3,0.0164920315571689,0.816
N1,0.4,F7,sgd,0,0.006779469428595096,0.82
N1,0.4,F7,sgd,1,0.013954800875040444,0.826
N1,0.4,F7,sgd,2,0.00787366390044609,0.835
N1,0.4,F7,sgd,3,0.008117662629274025,0.838
N1,0.4,F7,adam,0,0.017308208118408688,0.794
N1,0.4,F7,adam,1,0.03136077588465608,0.79
N1,0.4,F7,adam,2,0.016730483700359077,0.82
N1,0.4,F7,adam,3,0.014582951103682785,0.822
N1,0.4,F8,sgd,0,0.00704062700974354,0.821
N1,0.4,F8,sgd,1,0.01491478455251049,0.824
N1,0.4,F8,sgd,2,0.00788894691868115,0.832
N1,0.4,F8,sgd,3,0.008209352948657128,0.837
N1,0.4,F8,adam,0,0.017586908196925353,0.792
N1,0.4,F8,adam,1,0.03230502528198613,0.787
N1,0.4,F8,adam,2,0.01682332315708872,0.823
N1,0.4,F8,adam,3,0.014901339928853313,0.823
N1,0.6,F0,sgd,0,0.011395503638302345,0.825
N1,0.6,F0,sgd,1,0.028461861806332683,0.797
N1,0.6,F0,sgd,2,0.021541132409457254,0.807
N1,0.6,F0,sgd,3,0.01586673525145064,0.823
N1,0.6,F0,adam,0,0.0160700505915222,0.818
N1,0.6,F0,adam,1,0.04082057057607138,0.765
N1,0.6,F0,adam,2,0.025927563891382562,0.809
N1,0.6,F0,adam,3,0.019225743950141937,0.812
N1,0.6,F2,sgd,0,0.011834434917716383,0.823
N1,0.6,F2,sgd,1,0.031037681686432988,0.796
N1,0.6,F2,sgd,2,0.02213645823516118,0.812
N1,0.6,F2,sgd,3,0.015901041990809214,0.815
N1,0.6,F2,adam,0,0.029083853869898174,0.801
N1,0.6,F2,adam,1,0.0686825625952009,0.737
N1,0.6,F2,adam,2,0.03896884543537943,0.795
N1,0.6,F2,adam,3,0.02406980792198335,0.805
N1,0.6,F4,sgd,0,0.014307598138451777,0.807
N1,0.6,F4,sgd,1,0.030517680923877046,0.804
N1,0.6,F4,sgd,2,0.023713489430567856,0.803
N1,0.6,F4,sgd,3,0.017061158013078975,0.813
N1,0.6,F4,adam,0,0.024476872990799516,0.792
N1,0.6,F4,adam,1,0.051999280507334156,0.763
N1,0.6,F4,adam,2,0.03391705240868391,0.784
N1,0.6,F4,adam,3,0.023317675749849515,0.802
N1,0.6,F7,sgd,0,0.013094654102429819,0.812
N1,0.6,F7,sgd,1,0.02806128414230306,0.802
N1,0.6,F7,sgd,2,0.016416983829916024,0.816
N1,0.6,F7,sgd,3,0.015405827788335354,0.829
N1,0.6,F7,adam,0,0.022904708252118607,0.791
N1,0.6,F7,adam,1,0.04603806018974409,0.77
N1,0.6,F7,adam,2,0.02365758659869518,0.813
N1,0.6,F7,adam,3,0.021510244812524452,0.807
N1,0.6,F8,sgd,0,0.013570823455341914,0.81
N1,0.6,F8,sgd,1,0.02998696177876236,0.794
N1,0.6,F8,sgd,2,0.016454434666217925,0.81
N1,0.6,F8,sgd,3,0.015624341319527103,0.825
N1,0.6,F8,adam,0,0.023271001678356457,0.793
N1,0.6,F8,adam,1,0.046821995595443436,0.767
N1,0.6,F8,adam,2,0.02374775297962125,0.812
N1,0.6,F8,adam,3,0.021773791357431384,0.805
N1,0.8,F0,sgd,0,0.017305058530209923,0.816
N1,0.8,F0,sgd,1,0.04608851972337183,0.757
N1,0.8,F0,sgd,2,0.03588742105361097,0.786
N1,0.8,F0,sgd,3,0.024348980227404244,0.804
N1,0.8,F0,adam,0,0.019389214328331197,0.806
N1,0.8,F0,adam,1,0.05513693237583972,0.755
N1,0.8,F0,adam,2,0.03884673564197954,0.782
N1,0.8,F0,adam,3,0.02629232690943316,0.803
N1,0.8,F2,sgd,0,0.017656214337619873,0.813
N1,0.8,F2,sgd,1,0.05015708313178173,0.761
N1,0.8,F2,sgd,2,0.036974402152954895,0.791
N1,0.8,F2,sgd,3,0.024313508401292948,0.799
N1,0.8,F2,adam,0,0.032908106006380486,0.8
N1,0.8,F2,adam,1,0.08006196834494789,0.728
N1,0.8,F2,adam,2,0.05212396341861538,0.773
N1,0.8,F2,adam,3,0.031646313348093646,0.796
N1,0.8,F4,sgd,0,0.021406500013917487,0.804
N1,0.8,F4,sgd,1,0.04805780621618945,0.768
N1,0.8,F4,sgd,2,0.03774138335459039,0.777
N1,0.8,F4,sgd,3,0.02612659606285701,0.79
N1,0.8,F4,adam,0,0.029386008110372584,0.784
N1,0.8,F4,adam,1,0.06635173416767075,0.743
N1,0.8,F4,adam,2,0.04599975886619088,0.765
N1,0.8,F4,adam,3,0.0315595438942615,0.776
N1,0.8,F7,sgd,0,0.019703068000348753,0.797
N1,0.8,F7,sgd,1,0.044214219433409994,0.78
N1,0.8,F7,sgd,2,0.02672363788794204,0.805
N1,0.8,F7,sgd,3,0.023714293898341125,0.807
N1,0.8,F7,adam,0,0.02721004186245623,0.789
N1,0.8,F7,adam,1,0.06009101259266017,0.75
N1,0.8,F7,adam,2,0.03282574120621125,0.793
N1,0.8,F7,adam,3,0.028984106101865695,0.791
N1,0.8,F8,sgd,0,0.02036966763907893,0.796
N1,0.8,F8,sgd,1,0.04709179631640132,0.778
N1,0.8,F8,sgd,2,0.026769552000420117,0.804
N1,0.8,F8,sgd,3,0.024067910107419987,0.8
N1,0.8,F8,adam,0,0.02764331411355856,0.791
N1,0.8,F8,adam,1,0.060825758231002267,0.75
N1,0.8,F8,adam,2,0.032956921037528425,0.793
N1,0.8,F8,adam,3,0.029230624605912373,0.789
N1,1.0,F0,sgd,0,0.022895700264459643,0.809
N1,1.0,F0,sgd,1,0.06464001482394892,0.736
N1,1.0,F0,sgd,2,0.051221523340770306,0.763
N1,1.0,F0,sgd,3,0.03298815427348195,0.782
N1,1.0,F0,adam,0,0.02266996146753336,0.803
N1,1.0,F0,adam,1,0.06952227457376281,0.736
N1,1.0,F0,adam,2,0.05165569714280412,0.76
N1,1.0,F0,adam,3,0.033152304284069,0.784
N1,1.0,F2,sgd,0,0.023066621824580115,0.802
N1,1.0,F2,sgd,1,0.07023219857945633,0.732
N1,1.0,F2,sgd,2,0.052748018231365816,0.759
N1,1.0,F2,sgd,3,0.03281322490634889,0.778
N1,1.0,F2,adam,0,0.035448713060745575,0.793
N1,1.0,F2,adam,1,0.09705198509793794,0.705
N1,1.0,F2,adam,2,0.06733971577166238,0.734
N1,1.0,F2,adam,3,0.038675544216065574,0.773
N1,1.0,F4,sgd,0,0.02807305570771135,0.794
N1,1.0,F4,sgd,1,0.06550802363059512,0.745
N1,1.0,F4,sgd,2,0.051010088592851874,0.753
N1,1.0,F4,sgd,3,0.03530895006855613,0.781
N1,1.0,F4,adam,0,0.03401102987017412,0.791
N1,1.0,F4,adam,1,0.07979543556331146,0.724
N1,1.0,F4,adam,2,0.057063101900762664,0.749
N1,1.0,F4,adam,3,0.03991062903119281,0.765
N1,1.0,F7,sgd,0,0.026006480044188023,0.79
N1,1.0,F7,sgd,1,0.0606326782737493,0.758
N1,1.0,F7,sgd,2,0.03765017253249497,0.783
N1,1.0,F7,sgd,3,0.032248997349676435,0.785
N1,1.0,F7,adam,0,0.03139766632408587,0.788
N1,1.0,F7,adam,1,0.07385529058283632,0.728
N1,1.0,F7,adam,2,0.042938725966494666,0.78
N1,1.0,F7,adam,3,0.036201367995717285,0.772
N1,1.0,F8,sgd,0,0.026795672191631967,0.79
N1,1.0,F8,sgd,1,0.0642666058741417,0.753
N1,1.0,F8,sgd,2,0.0376407604464735,0.786
N1,1.0,F8,sgd,3,0.03271538349598096,0.784
N1,1.0,F8,adam,0,0.03187763188244695,0.789
N1,1.0,F8,adam,1,0.07461531990924776,0.727
N1,1.0,F8,adam,2,0.04316947052215891,0.779
N1,1.0,F8,adam,3,0.03646221206610597,0.771
N1,1.5,F0,sgd,0,0.03487277364318854,0.794
N1,1.5,F0,sgd,1,0.1069170247378691,0.693
N1,1.5,F0,sgd,2,0.0873326602542318,0.696
N1,1.5,F0,sgd,3,0.053181785486162,0.758
N1,1.5,F0,adam,0,0.0315816448881291,0.8
N1,1.5,F0,adam,1,0.10230289822649097,0.686
N1,1.5,F0,adam,2,0.08024067219253328,0.709
N1,1.5,F0,adam,3,0.05001111543024097,0.756
N1,1.5,F2,sgd,0,0.03482807750975201,0.795
N1,1.5,F2,sgd,1,0.11437417656572003,0.668
N1,1.5,F2,sgd,2,0.08943600501163645,0.702
N1,1.5,F2,sgd,3,0.05262994063128744,0.755
N1,1.5,F2,adam,0,0.04235622942544187,0.789
N1,1.5,F2,adam,1,0.13224218645372332,0.659
N1,1.5,F2,adam,2,0.10200220941490494,0.69
N1,1.5,F2,adam,3,0.05569869469617916,0.741
N1,1.5,F4,sgd,0,0.04353253764746288,0.775
N1,1.5,F4,sgd,1,0.10241545098548081,0.687
N1,1.5,F4,sgd,2,0.07807690505901174,0.707
N1,1.5,F4,sgd,3,0.05659357806098753,0.748
N1,1.5,F4,adam,0,0.046460109174846935,0.768
N1,1.5,F4,adam,1,0.10875000409021145,0.687
N1,1.5,F4,adam,2,0.07947392343941816,0.708
N1,1.5,F4,adam,3,0.05989033715449818,0.737
N1,1.5,F7,sgd,0,0.040573438286695795,0.789
N1,1.5,F7,sgd,1,0.09606498324109965,0.699
N1,1.5,F7,sgd,2,0.061857649869047154,0.739
N1,1.5,F7,sgd,3,0.05268411398652768,0.749
N1,1.5,F7,adam,0,0.04272742340692313,0.782
N1,1.5,F7,adam,1,0.10324189051986056,0.684
N1,1.5,F7,adam,2,0.06438784415334205,0.735
N1,1.5,F7,adam,3,0.05402163983723725,0.747
N1,1.5,F8,sgd,0,0.04164195622646175,0.784
N1,1.5,F8,sgd,1,0.10039712727449024,0.691
N1,1.5,F8,sgd,2,0.06174972283465334,0.742
N1,1.5,F8,sgd,3,0.053302881861813825,0.749
N1,1.5,F8,adam,0,0.04327024815873804,0.779
N1,1.5,F8,adam,1,0.10402488669561855,0.683
N1,1.5,F8,adam,2,0.06478393575011955,0.732
N1,1.5,F8,adam,3,0.05430056644577319,0.747
N1,2.0,F0,sgd,0,0.045673100984647705,0.785
N1,2.0,F0,sgd,1,0.1381549818539419,0.655
N1,2.0,F0,sgd,2,0.11688379244695936,0.666
N1,2.0,F0,sgd,3,0.07159909386041634,0.722
N1,2.0,F0,adam,0,0.041255135117492854,0.788
N1,2.0,F0,adam,1,0.1294011564513864,0.659
N1,2.0,F0,adam,2,0.10307261317932309,0.674
N1,2.0,F0,adam,3,0.06699449107337069,0.729
N1,2.0,F2,sgd,0,0.04577847721577154,0.782
N1,2.0,F2,sgd,1,0.14558642397305638,0.649
N1,2.0,F2,sgd,2,0.11662741508487587,0.67
N1,2.0,F2,sgd,3,0.07098053930338336,0.723
N1,2.0,F2,adam,0,0.051672752276901567,0.773
N1,2.0,F2,adam,1,0.15711766308355876,0.639
N1,2.0,F2,adam,2,0.12816143220566883,0.659
N1,2.0,F2,adam,3,0.07404537890022074,0.72
N1,2.0,F4,sgd,0,0.058481491348801165,0.755
N1,2.0,F4,sgd,1,0.13076890949416076,0.65
N1,2.0,F4,sgd,2,0.09777296420020275,0.683
N1,2.0,F4,sgd,3,0.07552198152392847,0.721
N1,2.0,F4,adam,0,0.059246338230199494,0.753
N1,2.0,F4,adam,1,0.13258567649645417,0.648
N1,2.0,F4,adam,2,0.0962717790021055,0.693
N1,2.0,F4,adam,3,0.07759143357249224,0.717
N1,2.0,F7,sgd,0,0.05452474656834676,0.762
N1,2.0,F7,sgd,1,0.12219503997309723,0.666
N1,2.0,F7,sgd,2,0.08048676267475219,0.713
N1,2.0,F7,sgd,3,0.07031738049333275,0.725
N1,2.0,F7,adam,0,0.055275456856735586,0.761
N1,2.0,F7,adam,1,0.12601205384351877,0.652
N1,2.0,F7,adam,2,0.08074994256074756,0.71
N1,2.0,F7,adam,3,0.07076253959461176,0.724
N1,2.0,F8,sgd,0,0.05588991582966508,0.758
N1,2.0,F8,sgd,1,0.12619931312014632,0.661
N1,2.0,F8,sgd,2,0.08033421005545369,0.709
N1,2.0,F8,sgd,3,0.07118658030288816,0.723
N1,2.0,F8,adam,0,0.05585054227450137,0.759
N1,2.0,F8,adam,1,0.12682058361075127,0.651
N1,2.0,F8,adam,2,0.0812402864575206,0.711
N1,2.0,F8,adam,3,0.07116800796646115,0.723
N3,0.1,F0,sgd,0,0.012513443810825592,0.807
N3,0.1,F0,sgd,1,0.002198754656562521,0.839
N3,0.1,F0,sgd,2,0.0022504052563812158,0.861
N3,0.1,F0,sgd,3,0.00262923590921095,0.841
N3,0.1,F0,adam,0,0.019453548431956996,0.783
N3,0.1,F0,adam,1,0.00758055004670912,0.828
N3,0.1,F0,adam,2,0.007843683538269973,0.831
N3,0.1,F0,adam,3,0.005921578972017029,0.823
N3,0.1,F2,sgd,0,0.011528522208752022,0.815
N3,0.1,F2,sgd,1,0.0027157335710882814,0.839
N3,0.1,F2,sgd,2,0.002247706969194425,0.859
N3,0.1,F2,sgd,3,0.0028520198486692845,0.845
N3,0.1,F2,adam,0,0.021280898348778332,0.78
N3,0.1,F2,adam,1,0.014948142275709701,0.812
N3,0.1,F2,adam,2,0.020454782679876885,0.79
N3,0.1,F2,adam,3,0.028029644032467046,0.798
N3,0.1,F4,sgd,0,0.0013571754206622472,0.838
N3,0.1,F4,sgd,1,0.0017500085318101798,0.836
N3,0.1,F4,sgd,2,0.002362481599790842,0.856
N3,0.1,F4,sgd,3,0.001438720291937827,0.848
N3,0.1,F4,adam,0,0.006930233142165918,0.807
N3,0.1,F4,adam,1,0.014916048271277614,0.808
N3,0.1,F4,adam,2,0.018886172444202452,0.824
N3,0.1,F4,adam,3,0.010296368998907722,0.827
N3,0.1,F7,sgd,0,0.001277291070637839,0.835
N3,0.1,F7,sgd,1,0.0013407722146736695,0.841
N3,0.1,F7,sgd,2,0.001849382541562121,0.857
N3,0.1,F7,sgd,3,0.0012644142505160896,0.853
N3,0.1,F7,adam,0,0.005586420902846715,0.815
N3,0.1,F7,adam,1,0.011588288399732633,0.818
N3,0.1,F7,adam,2,0.011882067421836003,0.826
N3,0.1,F7,adam,3,0.0077782954857739915,0.828
N3,0.1,F8,sgd,0,0.001311636494582318,0.834
N3,0.1,F8,sgd,1,0.0013853365466067404,0.842
N3,0.1,F8,sgd,2,0.0018257597468679877,0.857
N3,0.1,F8,sgd,3,0.0012885161924991197,0.854
N3,0.1,F8,adam,0,0.005371298870783171,0.82
N3,0.1,F8,adam,1,0.012143967857188645,0.816
N3,0.1,F8,adam,2,0.01252110911056679,0.824
N3,0.1,F8,adam,3,0.008056744040257703,0.828
N3,0.2,F0,sgd,0,0.04439686578327879,0.755
N3,0.2,F0,sgd,1,0.007210867602651446,0.827
N3,0.2,F0,sgd,2,0.008947496219124482,0.827
N3,0.2,F0,sgd,3,0.009402360491029695,0.82
N3,0.2,F0,adam,0,0.033664913076534145,0.758
N3,0.2,F0,adam,1,0.013592834278839238,0.815
N3,0.2,F0,adam,2,0.014180512827136449,0.813
N3,0.2,F0,adam,3,0.013190534838259564,0.809
N3,0.2,F2,sgd,0,0.044455888915923225,0.754
N3,0.2,F2,sgd,1,0.008840100526162069,0.826
N3,0.2,F2,sgd,2,0.008540868820824374,0.833
N3,0.2,F2,sgd,3,0.010234622056605101,0.826
N3,0.2,F2,adam,0,0.055574410972542135,0.736
N3,0.2,F2,adam,1,0.021291968206806858,0.809
N3,0.2,F2,adam,2,0.030491331271518214,0.78
N3,0.2,F2,adam,3,0.0240243133126224,0.79
N3,0.2,F4,sgd,0,0.004878437754328866,0.834
N3,0.2,F4,sgd,1,0.005808352924749036,0.834
N3,0.2,F4,sgd,2,0.007871561462291125,0.833
N3,0.2,F4,sgd,3,0.004279075495831903,0.836
N3,0.2,F4,adam,0,0.011574563896075446,0.805
N3,0.2,F4,adam,1,0.021892420730613437,0.799
N3,0.2,F4,adam,2,0.02369531072863871,0.818
N3,0.2,F4,adam,3,0.01439902632475432,0.81
N3,0.2,F7,sgd,0,0.0045616075293573935,0.831
N3,0.2,F7,sgd,1,0.004248230619642227,0.834
N3,0.2,F7,sgd,2,0.0064128531491971525,0.835
N3,0.2,F7,sgd,3,0.0037797405528665275,0.842
N3,0.2,F7,adam,0,0.009538864671927058,0.809
N3,0.2,F7,adam,1,0.017439087099970326,0.802
N3,0.2,F7,adam,2,0.018412396119923565,0.816
N3,0.2,F7,adam,3,0.010962491104888901,0.816
N3,0.2,F8,sgd,0,0.0047578350302346015,0.835
N3,0.2,F8,sgd,1,0.0043797049592720575,0.834
N3,0.2,F8,sgd,2,0.0063325157891037836,0.835
N3,0.2,F8,sgd,3,0.00376241449222829,0.842
N3,0.2,F8,adam,0,0.00949579213556119,0.809
N3,0.2,F8,adam,1,0.017886516856507276,0.802
N3,0.2,F8,adam,2,0.01873678975936906,0.816
N3,0.2,F8,adam,3,0.010997481290729317,0.82
N3,0.4,F0,sgd,0,0.10043080335780628,0.685
N3,0.4,F0,sgd,1,0.017909195341979624,0.808
N3,0.4,F0,sgd,2,0.027890091758546003,0.785
N3,0.4,F0,sgd,3,0.0335613910014991,0.787
N3,0.4,F0,adam,0,0.05433392559659639,0.731
N3,0.4,F0,adam,1,0.02358364896485549,0.81
N3,0.4,F0,adam,2,0.02411322928732091,0.799
N3,0.4,F0,adam,3,0.041368737729531924,0.772
N3,0.4,F2,sgd,0,0.10285531825857006,0.679
N3,0.4,F2,sgd,1,0.020754154219133975,0.815
N3,0.4,F2,sgd,2,0.02536654866489741,0.798
N3,0.4,F2,sgd,3,0.0352903154785282,0.786
N3,0.4,F2,adam,0,0.07580328896635806,0.722
N3,0.4,F2,adam,1,0.030214514765611402,0.81
N3,0.4,F2,adam,2,0.039683561654133365,0.774
N3,0.4,F2,adam,3,0.05214519191447876,0.752
N3,0.4,F4,sgd,0,0.01774103271782194,0.795
N3,0.4,F4,sgd,1,0.016789083334299272,0.81
N3,0.4,F4,sgd,2,0.02311644379782455,0.796
N3,0.4,F4,sgd,3,0.013661348582012966,0.823
N3,0.4,F4,adam,0,0.02666155865311457,0.769
N3,0.4,F4,adam,1,0.031297912460996426,0.777
N3,0.4,F4,adam,2,0.03261457937623965,0.789
N3,0.4,F4,adam,3,0.019696566223315976,0.809
N3,0.4,F7,sgd,0,0.016821009034206948,0.794
N3,0.4,F7,sgd,1,0.012423941092532009,0.817
N3,0.4,F7,sgd,2,0.01964112816329873,0.805
N3,0.4,F7,sgd,3,0.012109742415533266,0.816
N3,0.4,F7,adam,0,0.02290105353703263,0.778
N3,0.4,F7,adam,1,0.023004772938544315,0.799
N3,0.4,F7,adam,2,0.02730874445989721,0.798
N3,0.4,F7,adam,3,0.015894442846944978,0.809
N3,0.4,F8,sgd,0,0.017536819540286325,0.795
N3,0.4,F8,sgd,1,0.012766039500348192,0.814
N3,0.4,F8,sgd,2,0.019387334624609055,0.809
N3,0.4,F8,sgd,3,0.011907817067390207,0.816
N3,0.4,F8,adam,0,0.023342955251727547,0.778
N3,0.4,F8,adam,1,0.023527154861456026,0.798
N3,0.4,F8,adam,2,0.02761918906216787,0.798
N3,0.4,F8,adam,3,0.015837665675820355,0.81
N3,0.6,F0,sgd,0,0.13261429165074537,0.632
N3,0.6,F0,sgd,1,0.02583350032236615,0.808
N3,0.6,F0,sgd,2,0.04659218941492183,0.763
N3,0.6,F0,sgd,3,0.06443341344649008,0.746
N3,0.6,F0,adam,0,0.0798542577439614,0.701
N3,0.6,F0,adam,1,0.02998950558342161,0.807
N3,0.6,F0,adam,2,0.0354233295675785,0.777
N3,0.6,F0,adam,3,0.06887720377656667,0.727
N3,0.6,F2,sgd,0,0.13530584288363073,0.638
N3,0.6,F2,sgd,1,0.028596683021490245,0.81
N3,0.6,F2,sgd,2,0.04126777812282441,0.763
N3,0.6,F2,sgd,3,0.06593702847987579,0.737
N3,0.6,F2,adam,0,0.09782444377010181,0.684
N3,0.6,F2,adam,1,0.03640457350406243,0.799
N3,0.6,F2,adam,2,0.045989658287656214,0.774
N3,0.6,F2,adam,3,0.08523858810900119,0.707
N3,0.6,F4,sgd,0,0.03626884831373168,0.765
N3,0.6,F4,sgd,1,0.02641830084115342,0.792
N3,0.6,F4,sgd,2,0.0373815981377864,0.772
N3,0.6,F4,sgd,3,0.024193558159560598,0.807
N3,0.6,F4,adam,0,0.04500446074292777,0.75
N3,0.6,F4,adam,1,0.03741084803361895,0.777
N3,0.6,F4,adam,2,0.04251218928262028,0.765
N3,0.6,F4,adam,3,0.02748430004176806,0.799
N3,0.6,F7,sgd,0,0.035390188321818956,0.763
N3,0.6,F7,sgd,1,0.019610926166426738,0.804
N3,0.6,F7,sgd,2,0.03259974480035792,0.782
N3,0.6,F7,sgd,3,0.022750731670632005,0.8
N3,0.6,F7,adam,0,0.04080614777804344,0.752
N3,0.6,F7,adam,1,0.026456617750224894,0.799
N3,0.6,F7,adam,2,0.03653292005043218,0.779
N3,0.6,F7,adam,3,0.02391472407755625,0.798
N3,0.6,F8,sgd,0,0.03647432979845809,0.766
N3,0.6,F8,sgd,1,0.02008077413980398,0.806
N3,0.6,F8,sgd,2,0.032202293370504675,0.787
N3,0.6,F8,sgd,3,0.022384089604229607,0.797
N3,0.6,F8,adam,0,0.0414053145627456,0.748
N3,0.6,F8,adam,1,0.02703744463967577,0.798
N3,0.6,F8,adam,2,0.036886643391910175,0.781
N3,0.6,F8,adam,3,0.02383856522926479,0.799
N3,0.8,F0,sgd,0,0.15203005564136582,0.616
N3,0.8,F0,sgd,1,0.032406443897084,0.795
N3,0.8,F0,sgd,2,0.0629099686603235,0.74
N3,0.8,F0,sgd,3,0.09739224882799351,0.687
N3,0.8,F0,adam,0,0.10594205521611595,0.669
N3,0.8,F0,adam,1,0.03449781620934545,0.796
N3,0.8,F0,adam,2,0.04756774298639326,0.751
N3,0.8,F0,adam,3,0.0913031057019582,0.694
N3,0.8,F2,sgd,0,0.15554040090770668,0.62
N3,0.8,F2,sgd,1,0.03479859545016818,0.797
N3,0.8,F2,sgd,2,0.0559571064554932,0.746
N3,0.8,F2,sgd,3,0.09876997452320826,0.687
N3,0.8,F2,adam,0,0.12352373332196495,0.657
N3,0.8,F2,adam,1,0.04180789295512772,0.79
N3,0.8,F2,adam,2,0.05442410467967707,0.754
N3,0.8,F2,adam,3,0.11208044069703527,0.681
N3,0.8,F4,sgd,0,0.05670518473266114,0.738
N3,0.8,F4,sgd,1,0.03358018329879473,0.787
N3,0.8,F4,sgd,2,0.04910662958957858,0.761
N3,0.8,F4,sgd,3,0.03426974980953069,0.788
N3,0.8,F4,adam,0,0.06395674374176616,0.723
N3,0.8,F4,adam,1,0.041516966367345226,0.776
N3,0.8,F4,adam,2,0.05171002647376836,0.756
N3,0.8,F4,adam,3,0.035418995052692526,0.785
N3,0.8,F7,sgd,0,0.05681128840914337,0.73
N3,0.8,F7,sgd,1,0.024863431207998,0.803
N3,0.8,F7,sgd,2,0.043639780465454615,0.771
N3,0.8,F7,sgd,3,0.033911252312116356,0.786
N3,0.8,F7,adam,0,0.06063126794883714,0.735
N3,0.8,F7,adam,1,0.02903674846727169,0.794
N3,0.8,F7,adam,2,0.04541064563363046,0.763
N3,0.8,F7,adam,3,0.033671384635322335,0.786
N3,0.8,F8,sgd,0,0.05792259116984063,0.727
N3,0.8,F8,sgd,1,0.025372716780432104,0.804
N3,0.8,F8,sgd,2,0.043111370785580985,0.77
N3,0.8,F8,sgd,3,0.03348912566462789,0.783
N3,0.8,F8,adam,0,0.06136732223167877,0.734
N3,0.8,F8,adam,1,0.0296173967818816,0.794
N3,0.8,F8,adam,2,0.04577059767874199,0.76
N3,0.8,F8,adam,3,0.033671376592654276,0.786
N3,1.0,F0,sgd,0,0.1674541708765269,0.601
N3,1.0,F0,sgd,1,0.03846056962865912,0.783
N3,1.0,F0,sgd,2,0.07646694818812715,0.718
N3,1.0,F0,sgd,3,0.13141627782505338,0.656
N3,1.0,F0,adam,0,0.12925338618191634,0.639
N3,1.0,F0,adam,1,0.038108457233284265,0.79
N3,1.0,F0,adam,2,0.059876806514408416,0.742
N3,1.0,F0,adam,3,0.10995897566284481,0.668
N3,1.0,F2,sgd,0,0.17305932277801822,0.594
N3,1.0,F2,sgd,1,0.040498072509459866,0.786
N3,1.0,F2,sgd,2,0.06904340785806487,0.729
N3,1.0,F2,sgd,3,0.1328517585705625,0.653
N3,1.0,F2,adam,0,0.1479930648620695,0.635
N3,1.0,F2,adam,1,0.04595351604072298,0.786
N3,1.0,F2,adam,2,0.06399028948313126,0.732
N3,1.0,F2,adam,3,0.1308312014036411,0.659
N3,1.0,F4,sgd,0,0.07625996591605119,0.718
N3,1.0,F4,sgd,1,0.038832070161295695,0.786
N3,1.0,F4,sgd,2,0.058066103261483086,0.749
N3,1.0,F4,sgd,3,0.04314504868647097,0.767
N3,1.0,F4,adam,0,0.08242156680942768,0.704
N3,1.0,F4,adam,1,0.044339514584686684,0.77
N3,1.0,F4,adam,2,0.05905751974063723,0.741
N3,1.0,F4,adam,3,0.04326352968304468,0.766
N3,1.0,F7,sgd,0,0.07751183897901899,0.715
N3,1.0,F7,sgd,1,0.029143001128900645,0.796
N3,1.0,F7,sgd,2,0.052649011142392954,0.753
N3,1.0,F7,sgd,3,0.044108761991226215,0.773
N3,1.0,F7,adam,0,0.07978599650969659,0.715
N3,1.0,F7,adam,1,0.03204311170642906,0.797
N3,1.0,F7,adam,2,0.05327367936220282,0.744
N3,1.0,F7,adam,3,0.0428027324636612,0.77
N3,1.0,F8,sgd,0,0.0785491258312471,0.714
N3,1.0,F8,sgd,1,0.029644104222814053,0.798
N3,1.0,F8,sgd,2,0.05203258614904626,0.755
N3,1.0,F8,sgd,3,0.04372696776166236,0.771
N3,1.0,F8,adam,0,0.08077667300604012,0.715
N3,1.0,F8,adam,1,0.03265377023204533,0.796
N3,1.0,F8,adam,2,0.05367459435893474,0.743
N3,1.0,F8,adam,3,0.042924133494342216,0.772
N3,1.5,F0,sgd,0,0.19920275407608468,0.576
N3,1.5,F0,sgd,1,0.05234858503630792,0.764
N3,1.5,F0,sgd,2,0.10823284889551389,0.679
N3,1.5,F0,sgd,3,0.19744159215467355,0.578
N3,1.5,F0,adam,0,0.17109049052622996,0.59
N3,1.5,F0,adam,1,0.04556354704448603,0.764
N3,1.5,F0,adam,2,0.0914636047587287,0.693
N3,1.5,F0,adam,3,0.14518125880314678,0.633
N3,1.5,F2,sgd,0,0.2046767785034933,0.577
N3,1.5,F2,sgd,1,0.053581289692450455,0.763
N3,1.5,F2,sgd,2,0.09896276338119848,0.69
N3,1.5,F2,sgd,3,0.19900900042415284,0.573
N3,1.5,F2,adam,0,0.1841385281738119,0.59
N3,1.5,F2,adam,1,0.05351094941737415,0.764
N3,1.5,F2,adam,2,0.09167458061477045,0.693
N3,1.5,F2,adam,3,0.16766387784330924,0.61
N3,1.5,F4,sgd,0,0.11748113191610109,0.667
N3,1.5,F4,sgd,1,0.04783625339573586,0.767
N3,1.5,F4,sgd,2,0.07461437589499627,0.721
N3,1.5,F4,sgd,3,0.06077153971362063,0.73
N3,1.5,F4,adam,0,0.12111700619590836,0.656
N3,1.5,F4,adam,1,0.051822908465106766,0.759
N3,1.5,F4,adam,2,0.07379919812084097,0.724
N3,1.5,F4,adam,3,0.05959472653869222,0.728
N3,1.5,F7,sgd,0,0.1205652100553172,0.664
N3,1.5,F7,sgd,1,0.03852692429798893,0.782
N3,1.5,F7,sgd,2,0.07127781268787654,0.722
N3,1.5,F7,sgd,3,0.06504428611057068,0.735
N3,1.5,F7,adam,0,0.12057248970661437,0.671
N3,1.5,F7,adam,1,0.04095013944741622,0.782
N3,1.5,F7,adam,2,0.07036597219927533,0.718
N3,1.5,F7,adam,3,0.0638342626043821,0.735
N3,1.5,F8,sgd,0,0.12127068735913282,0.664
N3,1.5,F8,sgd,1,0.03897549268688687,0.784
N3,1.5,F8,sgd,2,0.07041423114279212,0.721
N3,1.5,F8,sgd,3,0.06505185254166293,0.734
N3,1.5,F8,adam,0,0.12230137990113336,0.67
N3,1.5,F8,adam,1,0.04166650666423327,0.779
N3,1.5,F8,adam,2,0.0707568751510791,0.719
N3,1.5,F8,adam,3,0.06428171090213744,0.735
N3,2.0,F0,sgd,0,0.22139746553262088,0.562
N3,2.0,F0,sgd,1,0.06371789944043116,0.747
N3,2.0,F0,sgd,2,0.13629575503844774,0.641
N3,2.0,F0,sgd,3,0.2434468414766375,0.535
N3,2.0,F0,adam,0,0.19865246475378395,0.553
N3,2.0,F0,adam,1,0.052309183551774545,0.754
N3,2.0,F0,adam,2,0.12044493363314768,0.657
N3,2.0,F0,adam,3,0.1712444757138444,0.599
N3,2.0,F2,sgd,0,0.22459074968847995,0.565
N3,2.0,F2,sgd,1,0.0650716515668077,0.746
N3,2.0,F2,sgd,2,0.1271180819166216,0.661
N3,2.0,F2,sgd,3,0.2456966588072322,0.53
N3,2.0,F2,adam,0,0.21171614970612088,0.554
N3,2.0,F2,adam,1,0.06134863458378048,0.751
N3,2.0,F2,adam,2,0.12293164668551426,0.66
N3,2.0,F2,adam,3,0.1960686150502443,0.591
N3,2.0,F4,sgd,0,0.14677944468075071,0.626
N3,2.0,F4,sgd,1,0.05659912564947192,0.746
N3,2.0,F4,sgd,2,0.08855037702493486,0.707
N3,2.0,F4,sgd,3,0.07713896664705053,0.715
N3,2.0,F4,adam,0,0.14975552782210144,0.625
N3,2.0,F4,adam,1,0.06101362114450172,0.738
N3,2.0,F4,adam,2,0.08600535464445143,0.703
N3,2.0,F4,adam,3,0.07562796910932529,0.715
N3,2.0,F7,sgd,0,0.15467855096865976,0.633
N3,2.0,F7,sgd,1,0.047422412707079496,0.771
N3,2.0,F7,sgd,2,0.086365080838349,0.695
N3,2.0,F7,sgd,3,0.08371054566903327,0.708
N3,2.0,F7,adam,0,0.15180159871370377,0.635
N3,2.0,F7,adam,1,0.05059579482378563,0.762
N3,2.0,F7,adam,2,0.08435999114693589,0.697
N3,2.0,F7,adam,3,0.0831058954849373,0.707
N3,2.0,F8,sgd,0,0.1552805384839845,0.632
N3,2.0,F8,sgd,1,0.047616351381390656,0.772
N3,2.0,F8,sgd,2,0.08553355745818546,0.7
N3,2.0,F8,sgd,3,0.08379880166531781,0.713
N3,2.0,F8,adam,0,0.1540261221610932,0.632
N3,2.0,F8,adam,1,0.05141955737316273,0.763
N3,2.0,F8,adam,2,0.08470532229850147,0.698
N3,2.0,F8,adam,3,0.08354335053542848,0.706
