task,filter,noise,optimizer,seed,steps,lr,t_eps,final_grad_norm_sq,final_loss,holdout_metric,elapsed_s
quadratic,F0,N1,sgd,0,2000,0.01,-1,0.21382020563757057,-0.1493370018020376,0.14085159732656208,0.020636666999962472
quadratic,F0,N1,sgd,1,2000,0.01,-1,0.28594621622758876,-0.03260679849222377,0.14808420090822783,0.017031458000019484
quadratic,F0,N1,sgd,2,2000,0.01,-1,0.26985807004109863,-0.0845023022692657,0.16406771277966514,0.019181374999789114
quadratic,F0,N1,sgd,3,2000,0.01,-1,0.2403218004747075,-0.021742705827362117,0.1413448430381761,0.014262290999795368
quadratic,F0,N1,sgd,4,2000,0.01,-1,0.25114882149675366,-0.03365865683379517,0.15778078576923313,0.020410874999470252
quadratic,F0,N1,adam,0,2000,0.01,-1,0.37848163871093055,-0.12747311551278412,0.1968118217192622,0.027943999999479274
quadratic,F0,N1,adam,1,2000,0.01,-1,0.7404677961377649,0.008852699396185479,0.2218418528338923,0.029869709000195144
quadratic,F0,N1,adam,2,2000,0.01,-1,0.5948272226702435,-0.04938837719901237,0.22207739211073507,0.023162917000263405
quadratic,F0,N1,adam,3,2000,0.01,-1,0.6104060091874931,0.019867503378095848,0.21338005781100716,0.029072290999465622
quadratic,F0,N1,adam,4,2000,0.01,-1,0.5811781211370212,0.006718169903625365,0.23764751837686365,0.03664970899990294
quadratic,F0,N1,adamw,0,2000,0.01,-1,0.3784753310618342,-0.12747453412654808,0.1968069333036823,0.024222500000178115
quadratic,F0,N1,adamw,1,2000,0.01,-1,0.740454583031112,0.008851082701152146,0.2218389580510159,0.03662979199998517
quadratic,F0,N1,adamw,2,2000,0.01,-1,0.5948176871207258,-0.04938987678600354,0.22207365625026396,0.030341541999405308
quadratic,F0,N1,adamw,3,2000,0.01,-1,0.610397001822317,0.01986648983856662,0.21337853839895307,0.024432791999970505
quadratic,F0,N1,adamw,4,2000,0.01,-1,0.5811631853853819,0.006715607341523572,0.2376427434034125,0.036508499999399646
quadratic,F0,N2,sgd,0,2000,0.01,-1,2.576750411636227,0.31560774865618235,0.7330461949411247,0.101528916999996
quadratic,F0,N2,sgd,1,2000,0.01,-1,3.429839567769651,0.5465054856965215,0.770670238713139,0.09891437500027678
quadratic,F0,N2,sgd,2,2000,0.01,-1,2.5399084161665852,0.3680539967888282,0.7627609706325181,0.10309404200052086
quadratic,F0,N2,sgd,3,2000,0.01,-1,1.8193945484926848,0.21561891942315214,0.4672233338919453,0.1047666250005932
quadratic,F0,N2,sgd,4,2000,0.01,-1,2.477885650316741,0.3927637926418021,0.6753338024448479,0.10309150000011869
quadratic,F0,N2,adam,0,2000,0.01,-1,3.9184324174891745,0.4915230556320137,0.8150937882861345,0.13013862499974493
quadratic,F0,N2,adam,1,2000,0.01,-1,4.551252226907229,0.81378680922091,0.9557158704259198,0.11748349999925267
quadratic,F0,N2,adam,2,2000,0.01,-1,3.14665515412601,0.4663769492443382,0.8367962674688502,0.10870679099934932
quadratic,F0,N2,adam,3,2000,0.01,-1,3.600304504871918,0.42413681808486303,0.6205125754434506,0.11823154200010322
quadratic,F0,N2,adam,4,2000,0.01,-1,3.4334508281863165,0.5705641479755071,0.8003225664594101,0.11136508300023706
quadratic,F0,N2,adamw,0,2000,0.01,-1,3.918285571888263,0.4914861884155126,0.8150648081411573,0.12311887499981822
quadratic,F0,N2,adamw,1,2000,0.01,-1,4.55108822061338,0.8137454407655325,0.9556891145098626,0.12768379199951596
quadratic,F0,N2,adamw,2,2000,0.01,-1,3.1465442054559425,0.4663456741150486,0.8367686832012851,0.10934204099976341
quadratic,F0,N2,adamw,3,2000,0.01,-1,3.6002097369417587,0.4241192762714835,0.6204982043817716,0.10772391599948605
quadratic,F0,N2,adamw,4,2000,0.01,-1,3.433353641295843,0.5705417438896923,0.8003060453608599,0.12881949999973585
quadratic,F0,N3,sgd,0,2000,0.01,-1,1.889006189046154,0.05509041580757046,0.4262173591357415,0.035177167000256304
quadratic,F0,N3,sgd,1,2000,0.01,-1,1.6472388758893401,0.15942887714217732,0.4419408710165253,0.03870116699999926
quadratic,F0,N3,sgd,2,2000,0.01,-1,0.5940338208557424,0.012762727299213794,0.38806128169565957,0.029500707999432052
quadratic,F0,N3,sgd,3,2000,0.01,-1,2.59365777984331,0.23681026767000252,0.4563074083712597,0.03840245799983677
quadratic,F0,N3,sgd,4,2000,0.01,-1,1.0695374171597491,0.07054520187139454,0.3317538969762091,0.04677716700007295
quadratic,F0,N3,adam,0,2000,0.01,-1,2.0077566671947666,0.03477166335073917,0.3609888820782177,0.053612082999279664
quadratic,F0,N3,adam,1,2000,0.01,-1,1.2796455725334541,0.12866816273088905,0.41456783057707286,0.06020024999997986
quadratic,F0,N3,adam,2,2000,0.01,-1,0.4941131053343778,-0.025007478546177214,0.32240395156809326,0.06485012500070297
quadratic,F0,N3,adam,3,2000,0.01,-1,1.636003454436787,0.13627552961497083,0.37352085677905944,0.04398512500029028
quadratic,F0,N3,adam,4,2000,0.01,-1,1.1615814181376802,0.06928170930060068,0.3332565669966576,0.05799958300030994
quadratic,F0,N3,adamw,0,2000,0.01,-1,2.0076554273816307,0.03475825697153451,0.36097544936390863,0.062342582999917795
quadratic,F0,N3,adamw,1,2000,0.01,-1,1.27958009237545,0.12865427401815316,0.41454867807546414,0.05075025000041933
quadratic,F0,N3,adamw,2,2000,0.01,-1,0.49409052819072047,-0.025013761612174418,0.3223907188426089,0.04877145800037397
quadratic,F0,N3,adamw,3,2000,0.01,-1,1.6359136515363957,0.13625540736852917,0.37348674740441123,0.06294600000001083
quadratic,F0,N3,adamw,4,2000,0.01,-1,1.1615198102521762,0.06926832509061084,0.33323112250812786,0.044005249999827356
quadratic,F0,N4,sgd,0,2000,0.01,-1,9.138320532584865,1.197631633367,1.0862160735331787,0.15943433299980825
quadratic,F0,N4,sgd,1,2000,0.01,-1,8.667394516512228,1.4082022932018676,1.2348212127132538,0.14204866599993693
quadratic,F0,N4,sgd,2,2000,0.01,-1,25.790666756963223,3.4620443284992257,1.767234315325338,0.15939729099955002
quadratic,F0,N4,sgd,3,2000,0.01,-1,44.79581044656094,8.429814631028291,2.9387936190434445,0.20402883299993846
quadratic,F0,N4,sgd,4,2000,0.01,-1,12.575356673541503,1.77991407719554,1.2682571746639661,0.17747287499969389
quadratic,F0,N4,adam,0,2000,0.01,-1,8.838471277302688,0.9983108662047393,0.9732589328613606,0.18247587499990914
quadratic,F0,N4,adam,1,2000,0.01,-1,9.38659584057213,1.3412902779265492,1.1403758764339562,0.1994044169996414
quadratic,F0,N4,adam,2,2000,0.01,-1,11.135981546651363,1.8423526470588028,1.4512526150383096,0.1754636669993488
quadratic,F0,N4,adam,3,2000,0.01,-1,14.95301975789954,2.4827153028475997,1.5531238319754512,0.15648558300017612
quadratic,F0,N4,adam,4,2000,0.01,-1,12.398007742082084,1.7521109572599847,1.2338926389653133,0.17797874999996566
quadratic,F0,N4,adamw,0,2000,0.01,-1,8.837807928405056,0.9982058811732064,0.9732064679115993,0.18137649999971472
quadratic,F0,N4,adamw,1,2000,0.01,-1,9.385806651318784,1.3411095031351632,1.140275055573452,0.20440591700025834
quadratic,F0,N4,adamw,2,2000,0.01,-1,11.134869793081966,1.8420808258968178,1.451124140234236,0.14879800000016985
quadratic,F0,N4,adamw,3,2000,0.01,-1,14.95187953823938,2.4824381657701164,1.5530161274262437,0.1662884170000325
quadratic,F0,N4,adamw,4,2000,0.01,-1,12.396242365909204,1.7517755987258332,1.2337556821118452,0.14974824999990233
quadratic,F1,N1,sgd,0,2000,0.01,-1,0.19730454784464402,-0.15070801864459932,0.1380775834759555,0.02141399999982241
quadratic,F1,N1,sgd,1,2000,0.01,-1,0.23363251341171032,-0.035155716400583084,0.14729554805639009,0.014741500000127417
quadratic,F1,N1,sgd,2,2000,0.01,-1,0.23076341858823007,-0.0900098541524676,0.14850302757905728,0.03523145800045313
quadratic,F1,N1,sgd,3,2000,0.01,-1,0.290363597504429,-0.01557090586726044,0.157474697823619,0.014735665999978664
quadratic,F1,N1,sgd,4,2000,0.01,-1,0.2266529433533999,-0.03574604012159141,0.15428673813448956,0.015454374999535503
quadratic,F1,N1,adam,0,2000,0.01,-1,1.1385226051134438,-0.04029971017366901,0.3062249236567982,0.03207974999986618
quadratic,F1,N1,adam,1,2000,0.01,-1,0.9507843471843597,0.07403483739529466,0.35906798483762614,0.03954620800050179
quadratic,F1,N1,adam,2,2000,0.01,-1,1.061443248164685,0.013906869230194713,0.3171591749748778,0.03192562500044005
quadratic,F1,N1,adam,3,2000,0.01,-1,1.129240949159728,0.08908568187564932,0.31099344856979944,0.03257129199937481
quadratic,F1,N1,adam,4,2000,0.01,-1,1.0029800749464015,0.06185368998138749,0.32145067299772256,0.02355654199982382
quadratic,F1,N1,adamw,0,2000,0.01,-1,1.1385137631555282,-0.04030102525839718,0.3062226826747825,0.028094667000004847
quadratic,F1,N1,adamw,1,2000,0.01,-1,0.9507726825734453,0.07403300989055113,0.3590655218591796,0.029634958000315237
quadratic,F1,N1,adamw,2,2000,0.01,-1,1.061433463038709,0.01390542027679792,0.31715708950663823,0.027918375000808737
quadratic,F1,N1,adamw,3,2000,0.01,-1,1.1292305449980118,0.08908452524286595,0.310992354132771,0.03049087499948655
quadratic,F1,N1,adamw,4,2000,0.01,-1,1.0029688156523855,0.061851622048971516,0.32144762071628324,0.03485879199979536
quadratic,F1,N2,sgd,0,2000,0.01,-1,2.357908984391182,0.2999552168525692,0.7321575010307431,0.11728745799973694
quadratic,F1,N2,sgd,1,2000,0.01,-1,3.329793732900663,0.5551718025431089,0.78247469396635,0.09539837499960413
quadratic,F1,N2,sgd,2,2000,0.01,-1,2.3465849043092835,0.33810184796983084,0.7435674833187693,0.10796225000012782
quadratic,F1,N2,sgd,3,2000,0.01,-1,1.8739614326986818,0.2280148693395383,0.4815791039551091,0.11915537499953643
quadratic,F1,N2,sgd,4,2000,0.01,-1,2.424653382493617,0.37560015113839024,0.6600234345233496,0.11124087500047608
quadratic,F1,N2,adam,0,2000,0.01,-1,5.280991716100338,0.6873285195122788,0.9134405600025504,0.11816716700013785
quadratic,F1,N2,adam,1,2000,0.01,-1,5.589167196491621,1.047926593945742,1.0842107338470637,0.09757762499975797
quadratic,F1,N2,adam,2,2000,0.01,-1,4.354860689854885,0.6663767300440371,0.9598136356385493,0.11652912500085222
quadratic,F1,N2,adam,3,2000,0.01,-1,4.708289884710938,0.6212960032894589,0.7683570923825869,0.11923641700013832
quadratic,F1,N2,adam,4,2000,0.01,-1,4.32289135533122,0.7114720842141641,0.8897508579553887,0.11307916700025089
quadratic,F1,N2,adamw,0,2000,0.01,-1,5.280876540861969,0.6873029180740086,0.9134236733874893,0.12452783299977455
quadratic,F1,N2,adamw,1,2000,0.01,-1,5.589037923943452,1.0478920216170318,1.0841901578176898,0.10977029200057586
quadratic,F1,N2,adamw,2,2000,0.01,-1,4.354788352996936,0.6663569885045271,0.9597982777191388,0.11397395800031518
quadratic,F1,N2,adamw,3,2000,0.01,-1,4.708207938184284,0.6212806276841109,0.7683467451620416,0.1362060419996851
quadratic,F1,N2,adamw,4,2000,0.01,-1,4.322817564950518,0.711455922568906,0.8897396540543809,0.11781012499977805
quadratic,F1,N3,sgd,0,2000,0.01,-1,2.526484933283782,0.1072936239674816,0.4504366053822726,0.04459687500002474
quadratic,F1,N3,sgd,1,2000,0.01,-1,1.3591474409678534,0.13778219235645006,0.4356557905165183,0.03668833299980179
quadratic,F1,N3,sgd,2,2000,0.01,-1,0.5696758434567315,0.003184634160708577,0.3786139488589438,0.03614750000087952
quadratic,F1,N3,sgd,3,2000,0.01,-1,1.899697102617704,0.16317852530197027,0.40017647166025294,0.03603479100002005
quadratic,F1,N3,sgd,4,2000,0.01,-1,1.0617607269844942,0.06923206144842942,0.3393140790662828,0.035823709000396775
quadratic,F1,N3,adam,0,2000,0.01,-1,5.354205968527887,0.4309652036682679,0.6614864177386371,0.05406220900022163
quadratic,F1,N3,adam,1,2000,0.01,-1,3.4975747738243883,0.45346773206143814,0.6917977424337877,0.04874129099971469
quadratic,F1,N3,adam,2,2000,0.01,-1,1.3669793724538686,0.16532853927547927,0.5830436295285537,0.05483083299986902
quadratic,F1,N3,adam,3,2000,0.01,-1,3.283993235491582,0.3384559247875252,0.5435124112088958,0.04889608300072723
quadratic,F1,N3,adam,4,2000,0.01,-1,2.918283230404244,0.26891106199172193,0.49992868123578255,0.04522575000009965
quadratic,F1,N3,adamw,0,2000,0.01,-1,5.354081225630249,0.4309459959797749,0.6614727041093564,0.06137800000033167
quadratic,F1,N3,adamw,1,2000,0.01,-1,3.497474822753424,0.4534472393620068,0.6917804263372634,0.06913662500028295
quadratic,F1,N3,adamw,2,2000,0.01,-1,1.3669504416636888,0.16532079346354867,0.5830345576647685,0.05903479199969297
quadratic,F1,N3,adamw,3,2000,0.01,-1,3.2839296645428875,0.3384457036120571,0.5435028957939152,0.04315179200057173
quadratic,F1,N3,adamw,4,2000,0.01,-1,2.918205454018946,0.26889889514897986,0.4999166903428995,0.04502479100028722
quadratic,F1,N4,sgd,0,2000,0.01,-1,8.756488104123761,1.165271044120989,1.0786423139067476,0.13623229099994205
quadratic,F1,N4,sgd,1,2000,0.01,-1,9.059840835945923,1.4183928819921898,1.2267998175820531,0.1381014580001647
quadratic,F1,N4,sgd,2,2000,0.01,-1,19.668941350669193,2.8643731532428287,1.6737367732617012,0.14911395800027094
quadratic,F1,N4,sgd,3,2000,0.01,-1,47.31162351849291,8.511012932980554,2.8919019813253453,0.15741733300001215
quadratic,F1,N4,sgd,4,2000,0.01,-1,12.588984086709228,1.7652868473266499,1.256623140576334,0.14361129200005962
quadratic,F1,N4,adam,0,2000,0.01,-1,12.02178622316761,1.4973891557065855,1.184260660255628,0.15719783299937262
quadratic,F1,N4,adam,1,2000,0.01,-1,12.59038336750113,1.7992251603900664,1.3290049199379919,0.12608216700027697
quadratic,F1,N4,adam,2,2000,0.01,-1,14.264721852575551,2.3184685927258473,1.5906644882712615,0.16097183400052018
quadratic,F1,N4,adam,3,2000,0.01,-1,27.74610241953714,4.60926962179648,2.09321816418176,0.13078737500018178
quadratic,F1,N4,adam,4,2000,0.01,-1,17.214889027819428,2.514362689378934,1.506464886860272,0.15932641700055683
quadratic,F1,N4,adamw,0,2000,0.01,-1,12.021263646132622,1.4973038756440133,1.184224952966668,0.1420142080005462
quadratic,F1,N4,adamw,1,2000,0.01,-1,12.589799278139223,1.7990874053090518,1.3289358140286938,0.14435437500014814
quadratic,F1,N4,adamw,2,2000,0.01,-1,14.26393645143975,2.3182664528676775,1.5905729064681482,0.164159459000075
quadratic,F1,N4,adamw,3,2000,0.01,-1,27.74481748299999,4.6090035394449895,2.0931496381567163,0.12484216699976969
quadratic,F1,N4,adamw,4,2000,0.01,-1,17.213193918001842,2.5139898517947614,1.506321803874443,0.15051962500001537
quadratic,F2,N1,sgd,0,2000,0.01,-1,0.042612025259497886,-0.16840239716239067,0.07869473617879333,0.03839658299966686
quadratic,F2,N1,sgd,1,2000,0.01,-1,0.057991169568697765,-0.05398100369787502,0.09506757646641767,0.039177749999907974
quadratic,F2,N1,sgd,2,2000,0.01,-1,0.03920945537712102,-0.11220083302863626,0.07738067716072154,0.03773004199956631
quadratic,F2,N1,sgd,3,2000,0.01,-1,0.04577486986145266,-0.04316728646457734,0.09177078593417816,0.041766540999560675
quadratic,F2,N1,sgd,4,2000,0.01,-1,0.042027324215037284,-0.05982145176477302,0.07052767964200024,0.04822320899984334
quadratic,F2,N1,adam,0,2000,0.01,-1,0.06257234798188448,-0.1632862798595245,0.11616586745297473,0.049609916000008525
quadratic,F2,N1,adam,1,2000,0.01,-1,0.0755870440272383,-0.04936243230699258,0.11716236797202681,0.05239370900017093
quadratic,F2,N1,adam,2,2000,0.01,-1,0.07671754220879015,-0.10602289238970827,0.11000249016310089,0.06314512500011915
quadratic,F2,N1,adam,3,2000,0.01,-1,0.07224972791201986,-0.03796471772714719,0.11622242153816752,0.0401402909992612
quadratic,F2,N1,adam,4,2000,0.01,-1,0.07434441456958431,-0.05352534935161432,0.11070907933747633,0.041891374999977415
quadratic,F2,N1,adamw,0,2000,0.01,-1,0.06257183670229027,-0.1632863907815139,0.11616527652512587,0.05761229200015805
quadratic,F2,N1,adamw,1,2000,0.01,-1,0.07558685436068956,-0.04936248011697318,0.11716214082389982,0.06546400000024732
quadratic,F2,N1,adamw,2,2000,0.01,-1,0.0767173350175986,-0.10602290521967694,0.11000243799922016,0.058103500000470376
quadratic,F2,N1,adamw,3,2000,0.01,-1,0.07224968746288238,-0.03796473393544399,0.1162223608749401,0.046403790999647754
quadratic,F2,N1,adamw,4,2000,0.01,-1,0.07434417108975348,-0.053525371201896266,0.11070904755514312,0.048797790999742574
quadratic,F2,N2,sgd,0,2000,0.01,-1,1.1886593337454305,0.1320892175134345,0.6473061410530623,0.11660108399973979
quadratic,F2,N2,sgd,1,2000,0.01,-1,1.6519075410138448,0.23755239207775436,0.5312945465244432,0.1325561250005194
quadratic,F2,N2,sgd,2,2000,0.01,-1,1.507657456431692,0.1795940963488798,0.5933909171199806,0.12072066600012477
quadratic,F2,N2,sgd,3,2000,0.01,-1,1.0771389303073737,0.14417995950563373,0.4275989370004229,0.1392832499996075
quadratic,F2,N2,sgd,4,2000,0.01,-1,1.2919864264555996,0.1634449588713611,0.4847384238164082,0.11870841600011772
quadratic,F2,N2,adam,0,2000,0.01,-1,1.3044040909004306,0.15882469146361933,0.6632244684870396,0.12197699999978795
quadratic,F2,N2,adam,1,2000,0.01,-1,2.172918478407727,0.3765114715604429,0.6759907596767151,0.1602155419996052
quadratic,F2,N2,adam,2,2000,0.01,-1,1.7342218387276591,0.2665224570645884,0.7074514568546179,0.13628199999948265
quadratic,F2,N2,adam,3,2000,0.01,-1,1.0339150853781427,0.13663499482232405,0.41335419668517315,0.14248995799971453
quadratic,F2,N2,adam,4,2000,0.01,-1,1.4621377355483915,0.2201192427302432,0.5609640694400094,0.16281558299942844
quadratic,F2,N2,adamw,0,2000,0.01,-1,1.304399936680333,0.1588232424555226,0.6632228164887826,0.12641762500061304
quadratic,F2,N2,adamw,1,2000,0.01,-1,2.172913699346354,0.37651036337050725,0.6759898704427364,0.14129387499997392
quadratic,F2,N2,adamw,2,2000,0.01,-1,1.7342177911528036,0.2665211262757872,0.7074499936365113,0.14004929200018523
quadratic,F2,N2,adamw,3,2000,0.01,-1,1.0339133497084145,0.1366345804094069,0.4133536169180459,0.12685916700047528
quadratic,F2,N2,adamw,4,2000,0.01,-1,1.4621350599504015,0.2201185481017445,0.5609633043834711,0.1424778750006226
quadratic,F2,N3,sgd,0,2000,0.01,-1,0.6261751102489026,-0.08492444010122424,0.27743817664460013,0.0562549169999329
quadratic,F2,N3,sgd,1,2000,0.01,-1,0.2880449670214384,-0.012146711874327712,0.23177145162064552,0.05504920800012769
quadratic,F2,N3,sgd,2,2000,0.01,-1,0.20318754936385552,-0.08375224189566027,0.19010609043248056,0.06264283300060924
quadratic,F2,N3,sgd,3,2000,0.01,-1,0.30109777419850353,0.005563091770573181,0.25614449989812754,0.05699229200035916
quadratic,F2,N3,sgd,4,2000,0.01,-1,0.3684154705069619,-0.0009688463434358863,0.2747000155834631,0.06149737499981711
quadratic,F2,N3,adam,0,2000,0.01,-1,0.7667739517749081,-0.052535047888110586,0.3502284282080307,0.0758895000008124
quadratic,F2,N3,adam,1,2000,0.01,-1,0.4363752503438865,0.033679212157241706,0.34713878306383866,0.06928579199939122
quadratic,F2,N3,adam,2,2000,0.01,-1,0.3562756071855907,-0.03442438655983096,0.32600467889924645,0.07577320799919107
quadratic,F2,N3,adam,3,2000,0.01,-1,0.48139490296294146,0.03542510911708756,0.3081612277375957,0.0666222089994335
quadratic,F2,N3,adam,4,2000,0.01,-1,0.3789294688713019,0.0022114384684765176,0.2764066132100802,0.06849520800005848
quadratic,F2,N3,adamw,0,2000,0.01,-1,0.7667700511938937,-0.052535692352935315,0.3502274857005719,0.0886279160004051
quadratic,F2,N3,adamw,1,2000,0.01,-1,0.43637293618778555,0.0336786485758587,0.34713776040182376,0.07273275000079593
quadratic,F2,N3,adamw,2,2000,0.01,-1,0.3562735181993077,-0.03442490307492313,0.3260036117509726,0.08590304199969978
quadratic,F2,N3,adamw,3,2000,0.01,-1,0.48139328080690724,0.0354245075622763,0.3081597697272143,0.07461770800000522
quadratic,F2,N3,adamw,4,2000,0.01,-1,0.37892706374033963,0.002210903641420986,0.27640542553244374,0.0830399579999721
quadratic,F2,N4,sgd,0,2000,0.01,-1,4.337646855841389,0.525120711028124,0.8195894796063,0.1529746249998425
quadratic,F2,N4,sgd,1,2000,0.01,-1,5.7796332175108045,0.9976311854527735,1.0669192621228984,0.1567119579995051
quadratic,F2,N4,sgd,2,2000,0.01,-1,8.586903087723961,1.5358894928118154,1.4039802078657084,0.14479641599973547
quadratic,F2,N4,sgd,3,2000,0.01,-1,9.119678062887424,1.7407746456874955,1.406362641463887,0.14523633300086658
quadratic,F2,N4,sgd,4,2000,0.01,-1,7.788619296349746,1.3318019889981105,1.1893080127186073,0.1472038749998319
quadratic,F2,N4,adam,0,2000,0.01,-1,4.678006233282668,0.6561183759268829,0.9184604848376523,0.15723399999933463
quadratic,F2,N4,adam,1,2000,0.01,-1,5.91653202542738,1.070407252641491,1.1295437947717628,0.18007250000027852
quadratic,F2,N4,adam,2,2000,0.01,-1,10.414641353149413,1.803541312915792,1.4701549721451437,0.15888783300033538
quadratic,F2,N4,adam,3,2000,0.01,-1,18.02328934179418,4.06956932942599,2.1947693015425336,0.18144954100080213
quadratic,F2,N4,adam,4,2000,0.01,-1,7.59632494118152,1.2661093748515708,1.1333129075880668,0.18601270799990743
quadratic,F2,N4,adamw,0,2000,0.01,-1,4.677972388790292,0.6561102492434738,0.918455097271597,0.15301320900016435
quadratic,F2,N4,adamw,1,2000,0.01,-1,5.9163972109011675,1.070369125026818,1.1295196078769238,0.16175441699942894
quadratic,F2,N4,adamw,2,2000,0.01,-1,10.414582387224119,1.8035250906084077,1.4701470003152368,0.19108508299996174
quadratic,F2,N4,adamw,3,2000,0.01,-1,18.022988617730597,4.069494546850402,2.194748627138464,0.20135420899987366
quadratic,F2,N4,adamw,4,2000,0.01,-1,7.596194120892483,1.2660819269584584,1.133298814510927,0.15736933300013334
quadratic,F3,N1,sgd,0,2000,0.01,-1,0.5000634474011301,-0.11155620053190354,0.21169027269231377,0.033538208000209124
quadratic,F3,N1,sgd,1,2000,0.01,-1,0.3630435475489107,-0.0001321444935775684,0.24834396265141792,0.028248958000403945
quadratic,F3,N1,sgd,2,2000,0.01,-1,0.47552200259119115,-0.049216310021125226,0.2421441607633213,0.02428554099969915
quadratic,F3,N1,sgd,3,2000,0.01,-1,0.36431198872979725,-0.0034906319203418523,0.19848444536498383,0.025991832999352482
quadratic,F3,N1,sgd,4,2000,0.01,-1,0.4069846600558894,-0.0002880516356410512,0.24286075046449807,0.02701116699972772
quadratic,F3,N1,adam,0,2000,0.01,-1,0.9754351665278876,-0.0244951764647392,0.3573905603171361,0.04177125000023807
quadratic,F3,N1,adam,1,2000,0.01,-1,0.9289929223150564,0.16512123254765543,0.5448584705181769,0.04026558300029137
quadratic,F3,N1,adam,2,2000,0.01,-1,0.8857967763117718,0.049086101959138095,0.4198723731462963,0.04076058299961005
quadratic,F3,N1,adam,3,2000,0.01,-1,0.7005389616379539,0.08660842089955734,0.41349577939629173,0.047451792000174464
quadratic,F3,N1,adam,4,2000,0.01,-1,0.8064271894185194,0.0939009481977352,0.4099223233015111,0.042312833000323735
quadratic,F3,N1,adamw,0,2000,0.01,-1,0.9754347508382887,-0.024495237036983197,0.35739052457210985,0.04370850000032078
quadratic,F3,N1,adamw,1,2000,0.01,-1,0.928654848054698,0.16508977932397792,0.5448394852877392,0.047802000000046974
quadratic,F3,N1,adamw,2,2000,0.01,-1,0.8857681834477038,0.049084306854949744,0.41987175675241495,0.041094541999882495
quadratic,F3,N1,adamw,3,2000,0.01,-1,0.7005336006111265,0.08660831646129966,0.4134962360569825,0.04593833399940195
quadratic,F3,N1,adamw,4,2000,0.01,-1,0.8064277034907175,0.09389694887202527,0.4099159230793294,0.03897108399996796
quadratic,F3,N2,sgd,0,2000,0.01,-1,2.662499629029678,0.33952130393728697,0.7551506302639747,0.1212397500003135
quadratic,F3,N2,sgd,1,2000,0.01,-1,2.3156471723792653,0.34054401027589765,0.6225497099603645,0.1078999589999512
quadratic,F3,N2,sgd,2,2000,0.01,-1,2.8598860060700804,0.4458916528790144,0.8104022473207876,0.11988779199964483
quadratic,F3,N2,sgd,3,2000,0.01,-1,1.5314578823320877,0.18960215037460718,0.4441487863886626,0.11730579199956992
quadratic,F3,N2,sgd,4,2000,0.01,-1,2.051127122906628,0.31607907908954286,0.6238570268461802,0.11062774999936664
quadratic,F3,N2,adam,0,2000,0.01,-1,3.9821074001727528,0.545976049007993,0.8501497516024017,0.12250895799934369
quadratic,F3,N2,adam,1,2000,0.01,-1,3.5140076370058453,0.6425945681453139,0.8892321254808243,0.12491616700026498
quadratic,F3,N2,adam,2,2000,0.01,-1,5.676978122121726,1.186078101099541,1.2769146867868981,0.12996912500057078
quadratic,F3,N2,adam,3,2000,0.01,-1,2.282087376663601,0.36545003804559106,0.6468378058102697,0.1106671669995194
quadratic,F3,N2,adam,4,2000,0.01,-1,3.619627780497106,0.684229354553273,0.8914433191392211,0.12563870899975882
quadratic,F3,N2,adamw,0,2000,0.01,-1,3.9820917562484364,0.5459727071305951,0.8501475604849009,0.12521941599970887
quadratic,F3,N2,adamw,1,2000,0.01,-1,3.5139950031661074,0.642591370326778,0.8892297336089761,0.1260705410004448
quadratic,F3,N2,adamw,2,2000,0.01,-1,5.676955951467025,1.1860714155480268,1.2769108605558737,0.13145154199992248
quadratic,F3,N2,adamw,3,2000,0.01,-1,2.2820793847963348,0.36544844643698904,0.6468363578192248,0.12975958399965748
quadratic,F3,N2,adamw,4,2000,0.01,-1,3.619617507670203,0.6842265172566594,0.8914413689209602,0.14137587500044901
quadratic,F3,N3,sgd,0,2000,0.01,-1,1.661657249895068,0.07912698130359996,0.4781750309450583,0.054862916999809386
quadratic,F3,N3,sgd,1,2000,0.01,-1,2.7404820418184355,0.30670108060920787,0.5484312685556811,0.054543666999961715
quadratic,F3,N3,sgd,2,2000,0.01,-1,1.7739467469396204,0.1904241561193067,0.542932198880655,0.05282716600049753
quadratic,F3,N3,sgd,3,2000,0.01,-1,2.321324187316309,0.24874612900024212,0.4944284968688081,0.0563672910002424
quadratic,F3,N3,sgd,4,2000,0.01,-1,2.019567662043501,0.17678917032423805,0.40388293954447113,0.04612362500029121
quadratic,F3,N3,adam,0,2000,0.01,-1,1.7486570320239512,0.13271679347655557,0.5628258605094066,0.060443750000558794
quadratic,F3,N3,adam,1,2000,0.01,-1,2.3799231523208633,0.3470457521912369,0.6310220471645839,0.06194158400012384
quadratic,F3,N3,adam,2,2000,0.01,-1,2.0991273581295693,0.3044507331689493,0.6758139716881356,0.061752249999699416
quadratic,F3,N3,adam,3,2000,0.01,-1,2.8928483195389623,0.35413543847532764,0.5931715971291319,0.06683758399958606
quadratic,F3,N3,adam,4,2000,0.01,-1,2.528982522753092,0.2444851938590139,0.45511726229121613,0.060060374999920896
quadratic,F3,N3,adamw,0,2000,0.01,-1,1.7485886573034661,0.13270211636105916,0.5628114220750525,0.06024845800038747
quadratic,F3,N3,adamw,1,2000,0.01,-1,2.3798578084997817,0.347032847031729,0.6310111417639753,0.059848500000043714
quadratic,F3,N3,adamw,2,2000,0.01,-1,2.0990570507336246,0.3044301641368635,0.6757940630385756,0.05858354199972382
quadratic,F3,N3,adamw,3,2000,0.01,-1,2.8927712513043407,0.354119764085582,0.5931555636914382,0.05785708399980649
quadratic,F3,N3,adamw,4,2000,0.01,-1,2.528927983141108,0.2444768507239759,0.455108914793749,0.05928149999999732
quadratic,F3,N4,sgd,0,2000,0.01,-1,8.57576670357567,1.07983763882218,1.0404996411148824,0.1563121660001343
quadratic,F3,N4,sgd,1,2000,0.01,-1,7.968630287962133,1.32337496693341,1.1900094039612892,0.1424023749996195
quadratic,F3,N4,sgd,2,2000,0.01,-1,27.89894062403648,3.695256079548578,1.824084766415101,0.1586832080001841
quadratic,F3,N4,sgd,3,2000,0.01,-1,40.54032021857824,7.659111838497688,2.826502028936715,0.17178108300049644
quadratic,F3,N4,sgd,4,2000,0.01,-1,10.628453870411203,1.6201147324219256,1.2517383313088526,0.16204500000003463
quadratic,F3,N4,adam,0,2000,0.01,-1,9.208494900910479,1.2355299875068673,1.119063424948589,0.15287362499930168
quadratic,F3,N4,adam,1,2000,0.01,-1,7.859979698375645,1.4180435840906962,1.2647526272888123,0.15378283300015028
quadratic,F3,N4,adam,2,2000,0.01,-1,17.075456183748116,2.7633765815087865,1.724417234602449,0.1532878329999221
quadratic,F3,N4,adam,3,2000,0.01,-1,13.154809913775058,2.6120865373073157,1.6534239285028383,0.16396383300070738
quadratic,F3,N4,adam,4,2000,0.01,-1,15.059779357759654,2.2533102282263013,1.4607793735646377,0.14451654100048472
quadratic,F3,N4,adamw,0,2000,0.01,-1,9.208094263432244,1.2354575325477772,1.1190319999984997,0.14948749999985012
quadratic,F3,N4,adamw,1,2000,0.01,-1,7.859467566816225,1.4179110793670624,1.2646817499684124,0.16594241700022394
quadratic,F3,N4,adamw,2,2000,0.01,-1,17.074364270068074,2.763144761983586,1.7243260083837118,0.14479400000072928
quadratic,F3,N4,adamw,3,2000,0.01,-1,13.153848509120818,2.6118552938492785,1.6533460827698223,0.14442208300079074
quadratic,F3,N4,adamw,4,2000,0.01,-1,15.058074413485137,2.252977391359341,1.4606521155725307,0.15963145899968367
quadratic,F4,N1,sgd,0,2000,0.01,-1,0.30629853272596935,-0.1364489210814515,0.17581838645613196,0.017272000000048138
quadratic,F4,N1,sgd,1,2000,0.01,-1,0.40608980464680894,-0.01985924065302523,0.18229649937185266,0.019128249999994296
quadratic,F4,N1,sgd,2,2000,0.01,-1,0.311014291479679,-0.07470975848932226,0.1956859473976642,0.017365124999741965
quadratic,F4,N1,sgd,3,2000,0.01,-1,0.33016391234741715,-0.011069258833077772,0.17018972097357019,0.02136862499992276
quadratic,F4,N1,sgd,4,2000,0.01,-1,0.37509152302181564,-0.01537718931080137,0.20210508783522577,0.019852875000651693
quadratic,F4,N1,adam,0,2000,0.01,-1,1.444438095364992,0.005127419848288461,0.3640635718240846,0.03886637499999779
quadratic,F4,N1,adam,1,2000,0.01,-1,1.2846945425927954,0.10482897962934977,0.3834556182083887,0.031888749999779975
quadratic,F4,N1,adam,2,2000,0.01,-1,1.3036849962159924,0.05905943633651156,0.37632329482754046,0.041110291999757465
quadratic,F4,N1,adam,3,2000,0.01,-1,1.0797873343811748,0.0822663795112752,0.30682481485753904,0.03593729099975462
quadratic,F4,N1,adam,4,2000,0.01,-1,1.475657291797151,0.11278820772505793,0.3797324697219421,0.030133665999528603
quadratic,F4,N1,adamw,0,2000,0.01,-1,1.444423446107144,0.005125516291525856,0.364061136223002,0.03187020800032769
quadratic,F4,N1,adamw,1,2000,0.01,-1,1.2846791249636262,0.10482665994944737,0.38345264196310935,0.03381424999952287
quadratic,F4,N1,adamw,2,2000,0.01,-1,1.3036716442495757,0.05905723562097176,0.3763204088173128,0.035571290999541816
quadratic,F4,N1,adamw,3,2000,0.01,-1,1.0797799514440654,0.08226518401965237,0.3068231283634822,0.03371225000046252
quadratic,F4,N1,adamw,4,2000,0.01,-1,1.4756398455801731,0.11278508001535345,0.3797282716536914,0.03619079199961561
quadratic,F4,N2,sgd,0,2000,0.01,-1,2.5952414970512194,0.3152820086347766,0.7334023745780055,0.10847849999936443
quadratic,F4,N2,sgd,1,2000,0.01,-1,3.594796969984102,0.5618187945470865,0.7733563344970076,0.0938022500004081
quadratic,F4,N2,sgd,2,2000,0.01,-1,2.535236185672163,0.36309144458070425,0.7599466496159598,0.10482954200051608
quadratic,F4,N2,sgd,3,2000,0.01,-1,1.9687865907015365,0.22751355106650303,0.47605757202978216,0.11550099999931263
quadratic,F4,N2,sgd,4,2000,0.01,-1,2.6548572874451235,0.4179022916802902,0.6906805512236246,0.1179050830005508
quadratic,F4,N2,adam,0,2000,0.01,-1,5.418128342198828,0.7027942243380086,0.9202812794417748,0.12427216700052668
quadratic,F4,N2,adam,1,2000,0.01,-1,5.685255428563165,0.991298144452564,1.034773345449278,0.09793783399982203
quadratic,F4,N2,adam,2,2000,0.01,-1,5.16434900189333,0.7987074052959408,1.0305681235259296,0.1094029590003629
quadratic,F4,N2,adam,3,2000,0.01,-1,4.760217696440674,0.6253718836977642,0.7710621972350489,0.12871920799989311
quadratic,F4,N2,adam,4,2000,0.01,-1,4.795327405860406,0.8314436194897193,0.968435363658248,0.12598574999992707
quadratic,F4,N2,adamw,0,2000,0.01,-1,5.417999101662971,0.7027658627049699,0.9202627078925272,0.12460845800069364
quadratic,F4,N2,adamw,1,2000,0.01,-1,5.6851289516131525,0.9912635349527891,1.0347517821681353,0.12403129199992691
quadratic,F4,N2,adamw,2,2000,0.01,-1,5.164258259365586,0.798684480305901,1.0305520221207471,0.13418029099921114
quadratic,F4,N2,adamw,3,2000,0.01,-1,4.76013658339617,0.6253557655032299,0.7710510073648777,0.11830095799996343
quadratic,F4,N2,adamw,4,2000,0.01,-1,4.7952441613522545,0.8314240745876683,0.9684223505832851,0.12395416700019268
quadratic,F4,N3,sgd,0,2000,0.01,-1,0.6303562092406978,-0.09579557439194414,0.25825984211333114,0.03923495799972443
quadratic,F4,N3,sgd,1,2000,0.01,-1,0.5850891454911349,0.019415000098313234,0.26540434589547474,0.0347229580002022
quadratic,F4,N3,sgd,2,2000,0.01,-1,0.5594622738190304,-0.017535795874964732,0.32525976250940764,0.04405899999983376
quadratic,F4,N3,sgd,3,2000,0.01,-1,0.6873595920424058,0.05345630848016038,0.3074583854396916,0.032227332999354985
quadratic,F4,N3,sgd,4,2000,0.01,-1,0.6534136871971051,0.0019845287413074175,0.21158402084990272,0.0430809159997807
quadratic,F4,N3,adam,0,2000,0.01,-1,1.817564252772147,0.05593529859223334,0.4370377074467492,0.05393445800018526
quadratic,F4,N3,adam,1,2000,0.01,-1,1.8775302657930382,0.19757178175984114,0.4795279468792589,0.06429895900055271
quadratic,F4,N3,adam,2,2000,0.01,-1,1.908415563964878,0.1877109586074513,0.5453866697823827,0.054147124999872176
quadratic,F4,N3,adam,3,2000,0.01,-1,1.5950370496822153,0.21999704577736579,0.5048984564043126,0.06296166599986464
quadratic,F4,N3,adam,4,2000,0.01,-1,1.7923404644541,0.13436707862529176,0.3660128451034892,0.06046474999948259
quadratic,F4,N3,adamw,0,2000,0.01,-1,1.8175297774164243,0.055929511100267615,0.4370311325602971,0.05043716599993786
quadratic,F4,N3,adamw,1,2000,0.01,-1,1.877498131011582,0.1975658698108556,0.47952096925963716,0.057708540999556135
quadratic,F4,N3,adamw,2,2000,0.01,-1,1.908386496730232,0.18770311797512002,0.5453770356645832,0.05034716699992714
quadratic,F4,N3,adamw,3,2000,0.01,-1,1.5950145723817601,0.21999173471837416,0.5048914948478866,0.05300237499977811
quadratic,F4,N3,adamw,4,2000,0.01,-1,1.7923068629366388,0.13436248397727715,0.36600736188171223,0.0704560419999325
quadratic,F4,N4,sgd,0,2000,0.01,-1,6.968111978688482,0.8554496716556084,0.9416825675415704,0.13515929200002574
quadratic,F4,N4,sgd,1,2000,0.01,-1,7.253651336127566,1.1523735485853033,1.1238433224461308,0.1536034999999174
quadratic,F4,N4,sgd,2,2000,0.01,-1,11.690771974410984,1.8342965840431136,1.4125123624084173,0.1453876659998059
quadratic,F4,N4,sgd,3,2000,0.01,-1,24.192118445278663,4.282314832584502,2.04971438097284,0.13627550000001065
quadratic,F4,N4,sgd,4,2000,0.01,-1,9.762109276441672,1.416849115548061,1.143874384217539,0.14308449999953154
quadratic,F4,N4,adam,0,2000,0.01,-1,9.142802445540713,1.2599922933056873,1.1356230470916593,0.14254887500010227
quadratic,F4,N4,adam,1,2000,0.01,-1,10.50286870438524,1.5861376421720967,1.3013661722183116,0.1434883340007218
quadratic,F4,N4,adam,2,2000,0.01,-1,12.212551889381347,1.9685944138034552,1.4494952015425304,0.16211974999987433
quadratic,F4,N4,adam,3,2000,0.01,-1,24.791585409475445,4.387056750151017,2.078866426953327,0.15490300000055868
quadratic,F4,N4,adam,4,2000,0.01,-1,13.396318866401291,1.989033698139057,1.3598439714686503,0.1394321249999848
quadratic,F4,N4,adamw,0,2000,0.01,-1,9.142516140018708,1.2599364684060805,1.1355954961774426,0.1529932089997601
quadratic,F4,N4,adamw,1,2000,0.01,-1,10.502497291457411,1.5860486854399358,1.30131963078086,0.14401912500034086
quadratic,F4,N4,adamw,2,2000,0.01,-1,12.21216155725127,1.9684905332986145,1.4494438946737571,0.1419751659996109
quadratic,F4,N4,adamw,3,2000,0.01,-1,24.79068024431498,4.386873175505225,2.0788189384633013,0.1488421659996675
quadratic,F4,N4,adamw,4,2000,0.01,-1,13.395649459769725,1.988885245676184,1.3597805858760756,0.15761154199935845
logistic,F0,N1,sgd,0,2000,0.05,557,0.010858533273109108,0.3846708987114339,0.821,0.47724291700069443
logistic,F0,N1,sgd,1,2000,0.05,902,0.006359697519016746,0.3756410656032002,0.83,0.45914154199999757
logistic,F0,N1,sgd,2,2000,0.05,320,0.006830513121332951,0.39676431423509295,0.874,0.5111193749999074
logistic,F0,N1,sgd,3,2000,0.05,1014,0.0033177479870245396,0.33580208945492596,0.848,0.49661966700023186
logistic,F0,N1,sgd,4,2000,0.05,850,0.009467444472021998,0.3735732153961341,0.817,0.47067887499997596
logistic,F0,N1,adam,0,2000,0.05,565,0.015497631009144265,0.4962403867434559,0.809,0.4866047499999695
logistic,F0,N1,adam,1,2000,0.05,1841,0.008768661530555586,0.45355911404984206,0.82,0.4935649999997622
logistic,F0,N1,adam,2,2000,0.05,712,0.01000769414984051,0.5425875812706883,0.859,0.458206125000288
logistic,F0,N1,adam,3,2000,0.05,1361,0.006988477275295364,0.3813176798663662,0.84,0.505009708000216
logistic,F0,N1,adam,4,2000,0.05,1108,0.015040207516243794,0.466076772440849,0.8,0.4648155839995525
logistic,F0,N1,adamw,0,2000,0.05,565,0.015522575625649841,0.4956604106533307,0.808,0.5068025830005354
logistic,F0,N1,adamw,1,2000,0.05,1841,0.008787676313372308,0.4531513368376049,0.821,0.5018327079997107
logistic,F0,N1,adamw,2,2000,0.05,712,0.010041012675621176,0.541035458626683,0.859,0.46614641699943604
logistic,F0,N1,adamw,3,2000,0.05,1361,0.0070095570153919096,0.3809626413482773,0.84,0.48315050000019255
logistic,F0,N1,adamw,4,2000,0.05,1108,0.015089430624795576,0.46559528813407497,0.8,0.46923495800001547
logistic,F0,N2,sgd,0,2000,0.05,-1,0.09317724305902314,3.689842305677982,0.72,0.5151515839997955
logistic,F0,N2,sgd,1,2000,0.05,-1,0.09554764979035128,4.790097834737359,0.707,0.4829095420000158
logistic,F0,N2,sgd,2,2000,0.05,-1,0.11450514551866209,6.053942572160711,0.683,0.502691209000659
logistic,F0,N2,sgd,3,2000,0.05,-1,0.12024189356063571,3.9789904665032747,0.691,0.46966462500040507
logistic,F0,N2,sgd,4,2000,0.05,-1,0.08540079394703735,3.7804397459076364,0.725,0.4761792500003139
logistic,F0,N2,adam,0,2000,0.05,-1,0.09490717965580393,6.389847774943335,0.724,0.5115258750001885
logistic,F0,N2,adam,1,2000,0.05,-1,0.09413240341571942,8.271200747507548,0.708,0.4496612920002008
logistic,F0,N2,adam,2,2000,0.05,-1,0.11647540205070073,10.358365629866931,0.683,0.4777466670002468
logistic,F0,N2,adam,3,2000,0.05,-1,0.12114588490779792,6.929467959508369,0.694,0.5116284590003488
logistic,F0,N2,adam,4,2000,0.05,-1,0.08421232944353448,6.440822600901388,0.728,0.4982957920001354
logistic,F0,N2,adamw,0,2000,0.05,-1,0.09518529340974835,6.377672404229965,0.725,0.5088619170001039
logistic,F0,N2,adamw,1,2000,0.05,-1,0.09428926379539014,8.237319776024938,0.707,0.5170429159998093
logistic,F0,N2,adamw,2,2000,0.05,-1,0.1163579471881748,10.29908712197842,0.683,0.489755917000366
logistic,F0,N2,adamw,3,2000,0.05,-1,0.12110947543707147,6.889152519347652,0.695,0.49250204199961445
logistic,F0,N2,adamw,4,2000,0.05,-1,0.08428132054988088,6.4169990220999304,0.729,0.5352481250001802
logistic,F0,N3,sgd,0,2000,0.05,-1,0.07201801569815287,2.811093094949823,0.741,0.5033930420004253
logistic,F0,N3,sgd,1,2000,0.05,-1,0.025985650673247287,0.8715053440184324,0.781,0.4871260419995451
logistic,F0,N3,sgd,2,2000,0.05,-1,0.04125278900387981,1.0271207609692796,0.79,0.4550699169994914
logistic,F0,N3,sgd,3,2000,0.05,1785,0.0175788592007379,0.7087658086287001,0.828,0.4824298329995145
logistic,F0,N3,sgd,4,2000,0.05,-1,0.05812859286301199,0.9731423877549835,0.752,0.4365457090007112
logistic,F0,N3,adam,0,2000,0.05,-1,0.03884106904175062,0.6741166031770395,0.779,0.48304004199962947
logistic,F0,N3,adam,1,2000,0.05,-1,0.02469004910855269,0.5896830208755808,0.783,0.4777091249998193
logistic,F0,N3,adam,2,2000,0.05,-1,0.03225966952844266,0.6795996363752913,0.803,0.464293084000019
logistic,F0,N3,adam,3,2000,0.05,-1,0.018854525089371965,0.6004238344403673,0.815,0.5092962919998172
logistic,F0,N3,adam,4,2000,0.05,-1,0.04512483680045084,0.6932238775748921,0.762,0.5028025419996993
logistic,F0,N3,adamw,0,2000,0.05,-1,0.03891263537428165,0.6723331839516793,0.779,0.4648339589994066
logistic,F0,N3,adamw,1,2000,0.05,-1,0.02474939966934092,0.5885241095680371,0.783,0.45696104200033005
logistic,F0,N3,adamw,2,2000,0.05,-1,0.0323316106386439,0.6782535823898466,0.802,0.5367813749999186
logistic,F0,N3,adamw,3,2000,0.05,-1,0.018918801735899528,0.5993900115289145,0.815,0.4869966670003123
logistic,F0,N3,adamw,4,2000,0.05,-1,0.04527049932688093,0.6912910921767597,0.762,0.4598491249998915
logistic,F0,N4,sgd,0,2000,0.05,-1,0.1967375064146253,19.934687505652988,0.6,0.44653708299938444
logistic,F0,N4,sgd,1,2000,0.05,-1,0.34015753093503803,44.41160568495981,0.427,0.4766958339996563
logistic,F0,N4,sgd,2,2000,0.05,-1,0.1757967424912448,16.301431849563944,0.617,0.5278651669996179
logistic,F0,N4,sgd,3,2000,0.05,-1,0.21718838294852083,14.237856529696694,0.572,0.5169225409999854
logistic,F0,N4,sgd,4,2000,0.05,-1,0.17043484334799885,12.364340031806384,0.641,0.47947745800047414
logistic,F0,N4,adam,0,2000,0.05,-1,0.15983814486293735,7.446520157686723,0.635,0.5094870000002629
logistic,F0,N4,adam,1,2000,0.05,-1,0.3254957204294038,21.207930777240346,0.452,0.518224208999527
logistic,F0,N4,adam,2,2000,0.05,-1,0.16517943998821089,10.792346290023543,0.653,0.5277467079995404
logistic,F0,N4,adam,3,2000,0.05,-1,0.18549252064440558,8.45663866326665,0.592,0.4994533750004848
logistic,F0,N4,adam,4,2000,0.05,-1,0.16658196068791226,7.868205706266859,0.642,0.521747790999143
logistic,F0,N4,adamw,0,2000,0.05,-1,0.15985008221621166,7.40451638234342,0.634,0.5202264169993214
logistic,F0,N4,adamw,1,2000,0.05,-1,0.32570161037658696,21.11115418622283,0.452,0.5959966250002253
logistic,F0,N4,adamw,2,2000,0.05,-1,0.16528500472491048,10.743913971568404,0.652,0.5208680409996305
logistic,F0,N4,adamw,3,2000,0.05,-1,0.18583809560909093,8.420330300005615,0.59,0.5354170410000734
logistic,F0,N4,adamw,4,2000,0.05,-1,0.1661982152797642,7.812108734718613,0.642,0.4774262909995741
logistic,F1,N1,sgd,0,2000,0.05,560,0.010937964010993458,0.38530897713902185,0.818,0.4812320000000909
logistic,F1,N1,sgd,1,2000,0.05,904,0.005778013395459271,0.37186220115129687,0.824,0.5018140000001949
logistic,F1,N1,sgd,2,2000,0.05,326,0.007113519795064884,0.39761168591988655,0.87,0.4746114999998099
logistic,F1,N1,sgd,3,2000,0.05,1026,0.0034197347837464573,0.3359515721160228,0.849,0.46374829199976375
logistic,F1,N1,sgd,4,2000,0.05,853,0.009214827196663144,0.3720026884015544,0.819,0.4525917079999999
logistic,F1,N1,adam,0,2000,0.05,-1,0.02091057593350935,0.927033712001106,0.8,0.4870236249998925
logistic,F1,N1,adam,1,2000,0.05,-1,0.013531031377870545,0.7936534512316641,0.817,0.49366879199988034
logistic,F1,N1,adam,2,2000,0.05,1028,0.01322008003726913,1.075118510296793,0.846,0.5213024170006975
logistic,F1,N1,adam,3,2000,0.05,-1,0.014449086240641267,0.6080512228766307,0.822,0.48053566600083286
logistic,F1,N1,adam,4,2000,0.05,-1,0.022210879104502524,0.8173736464558156,0.79,0.5300715829998808
logistic,F1,N1,adamw,0,2000,0.05,-1,0.020936986381733854,0.925685732890144,0.8,0.42653504200006864
logistic,F1,N1,adamw,1,2000,0.05,-1,0.013563377134723735,0.7928211955590492,0.817,0.49244575000011537
logistic,F1,N1,adamw,2,2000,0.05,1028,0.0132729298786516,1.0713490037626758,0.846,0.5072129999998651
logistic,F1,N1,adamw,3,2000,0.05,-1,0.01449320398847792,0.6071150095662807,0.822,0.5296836249999615
logistic,F1,N1,adamw,4,2000,0.05,-1,0.022280342314192084,0.8160464832815956,0.79,0.44992070799980866
logistic,F1,N2,sgd,0,2000,0.05,-1,0.09355860071706595,3.699577058512588,0.719,0.5189002079996499
logistic,F1,N2,sgd,1,2000,0.05,-1,0.09479563978440222,4.781738961804295,0.705,0.4905127909996736
logistic,F1,N2,sgd,2,2000,0.05,-1,0.11423264011672377,6.046101773460739,0.684,0.5832970000001296
logistic,F1,N2,sgd,3,2000,0.05,-1,0.12040969720696472,4.002828214605293,0.689,0.49141791700003523
logistic,F1,N2,sgd,4,2000,0.05,-1,0.08503790978315544,3.758841168367994,0.729,0.5621593750001921
logistic,F1,N2,adam,0,2000,0.05,-1,0.096538354069778,10.095598327665499,0.72,0.5502806670001519
logistic,F1,N2,adam,1,2000,0.05,-1,0.09227453016347333,13.128219084719419,0.709,0.5094617919994562
logistic,F1,N2,adam,2,2000,0.05,-1,0.1174288706102125,16.013966628259087,0.679,0.47804987499966956
logistic,F1,N2,adam,3,2000,0.05,-1,0.12073671501019696,10.911686467228671,0.694,0.5492494999998598
logistic,F1,N2,adam,4,2000,0.05,-1,0.08405619620216769,10.195479598651845,0.733,0.47874666699954105
logistic,F1,N2,adamw,0,2000,0.05,-1,0.09687120820482056,10.074811116704371,0.719,0.49845525000000634
logistic,F1,N2,adamw,1,2000,0.05,-1,0.09242674811214549,13.073985119669464,0.708,0.48980575000041426
logistic,F1,N2,adamw,2,2000,0.05,-1,0.11726338078556525,15.923172350608485,0.68,0.5082167500004289
logistic,F1,N2,adamw,3,2000,0.05,-1,0.12066252381366488,10.848311928523213,0.694,0.5217949159996351
logistic,F1,N2,adamw,4,2000,0.05,-1,0.08410532696743932,10.158035991233428,0.732,0.5144556250006644
logistic,F1,N3,sgd,0,2000,0.05,-1,0.07215456686513975,2.805618430190095,0.737,0.4743261250005162
logistic,F1,N3,sgd,1,2000,0.05,-1,0.02509380178012387,0.847661957865804,0.785,0.43675187499957246
logistic,F1,N3,sgd,2,2000,0.05,-1,0.04189868629834854,1.0423515589581729,0.788,0.4481015840001419
logistic,F1,N3,sgd,3,2000,0.05,-1,0.01689288628953123,0.7037879879934963,0.825,0.4721688749996247
logistic,F1,N3,sgd,4,2000,0.05,-1,0.057963356349313,0.9674274067231338,0.753,0.4857150409998212
logistic,F1,N3,adam,0,2000,0.05,-1,0.04518914894130848,1.6433155562800639,0.77,0.5152537920002942
logistic,F1,N3,adam,1,2000,0.05,-1,0.030379227766700215,1.2862332085611432,0.777,0.49124516699976084
logistic,F1,N3,adam,2,2000,0.05,-1,0.0382454379508902,1.6010108308074478,0.797,0.46640095799921255
logistic,F1,N3,adam,3,2000,0.05,-1,0.02290415763200228,1.3669580495624527,0.804,0.48752904100001615
logistic,F1,N3,adam,4,2000,0.05,-1,0.05483049365269793,1.6175705743470723,0.747,0.4989477499993882
logistic,F1,N3,adamw,0,2000,0.05,-1,0.045304198297708737,1.6372566852761132,0.77,0.5289537919998111
logistic,F1,N3,adamw,1,2000,0.05,-1,0.030472737497190767,1.2826965260366692,0.778,0.525540292000187
logistic,F1,N3,adamw,2,2000,0.05,-1,0.038347907636911184,1.5970607336927092,0.797,0.5286652080003478
logistic,F1,N3,adamw,3,2000,0.05,-1,0.02298748347378389,1.3640642239673675,0.804,0.5287783750000017
logistic,F1,N3,adamw,4,2000,0.05,-1,0.05503189296208773,1.6107130089356205,0.746,0.4958225830005176
logistic,F1,N4,sgd,0,2000,0.05,-1,0.19640378544912707,19.957053764594097,0.6,0.45933379199959745
logistic,F1,N4,sgd,1,2000,0.05,-1,0.33978442019918326,44.20340270527719,0.427,0.49900179199994454
logistic,F1,N4,sgd,2,2000,0.05,-1,0.1754427054586133,16.265297899735874,0.616,0.6114119590001792
logistic,F1,N4,sgd,3,2000,0.05,-1,0.21675946647919117,14.23805856684321,0.571,0.5484737500000847
logistic,F1,N4,sgd,4,2000,0.05,-1,0.1715505149267152,12.457599031663285,0.635,0.5104607920002309
logistic,F1,N4,adam,0,2000,0.05,-1,0.15895853331195997,13.034358171401829,0.632,0.6142836669996541
logistic,F1,N4,adam,1,2000,0.05,-1,0.3303786653262242,37.16648776975984,0.444,0.6294064579997212
logistic,F1,N4,adam,2,2000,0.05,-1,0.16724842132588053,18.83160953514527,0.644,0.6337367090000043
logistic,F1,N4,adam,3,2000,0.05,-1,0.19139896532598785,14.910949701699172,0.586,0.6250400420003643
logistic,F1,N4,adam,4,2000,0.05,-1,0.1649934954356038,13.768315732847668,0.637,0.6193168749996403
logistic,F1,N4,adamw,0,2000,0.05,-1,0.15890411124523537,12.96033895764249,0.633,0.6095159579999745
logistic,F1,N4,adamw,1,2000,0.05,-1,0.3306142890282402,36.998215033660145,0.444,0.5971455830003833
logistic,F1,N4,adamw,2,2000,0.05,-1,0.16737200429607885,18.7467642823947,0.643,0.5794179160002386
logistic,F1,N4,adamw,3,2000,0.05,-1,0.1916789107395227,14.849714571680902,0.584,0.5433817500006626
logistic,F1,N4,adamw,4,2000,0.05,-1,0.16462318624171562,13.67498962790313,0.638,0.5814059999993333
logistic,F2,N1,sgd,0,2000,0.05,574,0.00745232331182107,0.3527666390732027,0.821,0.42415183400044043
logistic,F2,N1,sgd,1,2000,0.05,915,0.004716224667687237,0.3587839120389449,0.835,0.4244085829996038
logistic,F2,N1,sgd,2,2000,0.05,348,0.00583093975820799,0.38024327129927443,0.862,0.41739208300077735
logistic,F2,N1,sgd,3,2000,0.05,819,0.00553342603492108,0.3471896305753027,0.839,0.48638895800013415
logistic,F2,N1,sgd,4,2000,0.05,527,0.006184020576424524,0.3466496348655915,0.819,0.48724175000006653
logistic,F2,N1,adam,0,2000,0.05,-1,0.01532078615357186,1.0224572429734062,0.809,0.48190150000027643
logistic,F2,N1,adam,1,2000,0.05,1265,0.008694808815868189,0.8810692000024728,0.824,0.480174000000261
logistic,F2,N1,adam,2,2000,0.05,1040,0.013034921398279166,1.6806957856431064,0.853,0.4713678329999311
logistic,F2,N1,adam,3,2000,0.05,-1,0.01840227622708812,0.6221704017323622,0.81,0.4568208749997211
logistic,F2,N1,adam,4,2000,0.05,1446,0.02119538379204506,0.7016052422496171,0.798,0.5132803340002283
logistic,F2,N1,adamw,0,2000,0.05,-1,0.01532616734225249,1.0215579010123954,0.809,0.45303525000053924
logistic,F2,N1,adamw,1,2000,0.05,1265,0.008697187468101442,0.8802011433809266,0.824,0.5118707919991721
logistic,F2,N1,adamw,2,2000,0.05,1040,0.013071386572288058,1.6742131405572098,0.853,0.5001915000002555
logistic,F2,N1,adamw,3,2000,0.05,-1,0.018410753327896268,0.6213790667841531,0.81,0.4941441250002754
logistic,F2,N1,adamw,4,2000,0.05,1446,0.021198972041283588,0.7000323295622249,0.798,0.4602282500000001
logistic,F2,N2,sgd,0,2000,0.05,-1,0.08757598298008762,3.369638068898729,0.737,0.4674024169999029
logistic,F2,N2,sgd,1,2000,0.05,-1,0.09103067382019484,4.707268686171882,0.713,0.44816666600036115
logistic,F2,N2,sgd,2,2000,0.05,-1,0.11790143095585945,6.167834476297413,0.678,0.5380199169994739
logistic,F2,N2,sgd,3,2000,0.05,-1,0.1157477677613194,4.055421383119316,0.692,0.47919308400014415
logistic,F2,N2,sgd,4,2000,0.05,-1,0.0753991801258359,3.3643387777088267,0.744,0.46872616600012407
logistic,F2,N2,adam,0,2000,0.05,-1,0.09225311378287787,18.950936974553652,0.734,0.5031685000003563
logistic,F2,N2,adam,1,2000,0.05,-1,0.09174504558691012,25.369397058947147,0.709,0.5361249159996078
logistic,F2,N2,adam,2,2000,0.05,-1,0.12464855853576946,30.816235898201835,0.667,0.5273045000003549
logistic,F2,N2,adam,3,2000,0.05,-1,0.11984055745722251,21.325230995175506,0.688,0.45291541700044036
logistic,F2,N2,adam,4,2000,0.05,-1,0.0739421976461476,17.044348257410988,0.744,0.5380786249997982
logistic,F2,N2,adamw,0,2000,0.05,-1,0.09248362708408929,18.907754896610815,0.735,0.4910736249994443
logistic,F2,N2,adamw,1,2000,0.05,-1,0.09184816303037219,25.268047614403077,0.709,0.5005700000001525
logistic,F2,N2,adamw,2,2000,0.05,-1,0.12460496254648712,30.653942305930528,0.666,0.5012661249993471
logistic,F2,N2,adamw,3,2000,0.05,-1,0.11983210353070269,21.20797947984984,0.687,0.4994356670003981
logistic,F2,N2,adamw,4,2000,0.05,-1,0.07400744158726691,16.97728702620796,0.744,0.5366667090002011
logistic,F2,N3,sgd,0,2000,0.05,-1,0.0658880639743051,3.412752016381467,0.75,0.4730303750002349
logistic,F2,N3,sgd,1,2000,0.05,-1,0.025097053235274943,0.7758272461968807,0.801,0.48641883300024347
logistic,F2,N3,sgd,2,2000,0.05,-1,0.04288738709428776,0.9514957195483653,0.79,0.4320257079998555
logistic,F2,N3,sgd,3,2000,0.05,-1,0.012996506554533159,0.5819152727544115,0.818,0.48428166699977737
logistic,F2,N3,sgd,4,2000,0.05,-1,0.05310712891197953,0.9409773443931463,0.754,0.47384204199988744
logistic,F2,N3,adam,0,2000,0.05,-1,0.04922269557304542,6.297616090261785,0.776,0.48011412500000006
logistic,F2,N3,adam,1,2000,0.05,-1,0.036736734188228606,4.14274659492643,0.783,0.521719999999732
logistic,F2,N3,adam,2,2000,0.05,-1,0.04526412998510828,4.683626808078397,0.786,0.467993917000058
logistic,F2,N3,adam,3,2000,0.05,-1,0.01828044138046998,3.6095315844923452,0.814,0.4876254170003449
logistic,F2,N3,adam,4,2000,0.05,-1,0.05916139644418102,5.000423388175191,0.751,0.48641858300015883
logistic,F2,N3,adamw,0,2000,0.05,-1,0.04932709781937339,6.27252277226659,0.776,0.4377934999993158
logistic,F2,N3,adamw,1,2000,0.05,-1,0.03684604386224947,4.132510273971991,0.783,0.487183833999552
logistic,F2,N3,adamw,2,2000,0.05,-1,0.04532315419615497,4.665710545296739,0.786,0.44649987499997223
logistic,F2,N3,adamw,3,2000,0.05,-1,0.01834626908448382,3.600196600230867,0.814,0.5154911669997091
logistic,F2,N3,adamw,4,2000,0.05,-1,0.059204215206357734,4.973553397098147,0.75,0.55367970899988
logistic,F2,N4,sgd,0,2000,0.05,-1,0.2057679955752274,21.87451515412899,0.593,0.46527120799964905
logistic,F2,N4,sgd,1,2000,0.05,-1,0.3336200704873644,42.52328909505945,0.439,0.5384221660006006
logistic,F2,N4,sgd,2,2000,0.05,-1,0.16884039598215894,15.914683077187576,0.633,0.49800883300031273
logistic,F2,N4,sgd,3,2000,0.05,-1,0.20221531200375042,13.705246822699003,0.583,0.4652925829996093
logistic,F2,N4,sgd,4,2000,0.05,-1,0.1864095935016151,13.629097832293505,0.617,0.5398081249995812
logistic,F2,N4,adam,0,2000,0.05,-1,0.1819162112585407,34.19358628469304,0.624,0.4996803750000254
logistic,F2,N4,adam,1,2000,0.05,-1,0.3447113993883429,86.03079835132725,0.432,0.5180625000002692
logistic,F2,N4,adam,2,2000,0.05,-1,0.177571241875552,41.65027233231067,0.628,0.5330482499994105
logistic,F2,N4,adam,3,2000,0.05,-1,0.20170081753057367,36.397986581110096,0.579,0.5311602080000739
logistic,F2,N4,adam,4,2000,0.05,-1,0.1657720506038139,31.804720389170754,0.633,0.49022558300021046
logistic,F2,N4,adamw,0,2000,0.05,-1,0.18192634113287096,34.019171513598124,0.624,0.49822929200036015
logistic,F2,N4,adamw,1,2000,0.05,-1,0.3448908001207091,85.67240967416879,0.432,0.5114427499993326
logistic,F2,N4,adamw,2,2000,0.05,-1,0.1776177946222666,41.45752397700441,0.628,0.4536835409999185
logistic,F2,N4,adamw,3,2000,0.05,-1,0.20197153601262988,36.25561350379689,0.58,0.49831970800005365
logistic,F2,N4,adamw,4,2000,0.05,-1,0.16560383762085298,31.625219301644417,0.633,0.5229334160003418
logistic,F3,N1,sgd,0,2000,0.05,574,0.017001260944022496,0.4264700211158767,0.806,0.480409249999866
logistic,F3,N1,sgd,1,2000,0.05,952,0.013515228109046358,0.41641298381961506,0.822,0.47177875000033964
logistic,F3,N1,sgd,2,2000,0.05,274,0.010225428366113532,0.4174234996011287,0.869,0.4631917500000782
logistic,F3,N1,sgd,3,2000,0.05,776,0.01140131705932936,0.3857267651596103,0.815,0.42793033299949457
logistic,F3,N1,sgd,4,2000,0.05,915,0.019977611202902975,0.4370962529818645,0.786,0.4329773330000535
logistic,F3,N1,adam,0,2000,0.05,986,0.04790660539177497,2.921792288044856,0.777,0.4844787500005623
logistic,F3,N1,adam,1,2000,0.05,1224,0.06300287357882924,2.9833599241133295,0.753,0.46777320799992594
logistic,F3,N1,adam,2,2000,0.05,171,0.02475424710372079,2.6328721425668262,0.84,0.5033761670001695
logistic,F3,N1,adam,3,2000,0.05,1469,0.07783793764379222,2.3627331094571455,0.736,0.4441347920001135
logistic,F3,N1,adam,4,2000,0.05,1277,0.0976173157883841,3.4391482227513515,0.674,0.5005633750006382
logistic,F3,N1,adamw,0,2000,0.05,986,0.04796645656024308,2.9213270109462472,0.777,0.46218154200050776
logistic,F3,N1,adamw,1,2000,0.05,1224,0.0630654409797455,2.982870182274143,0.753,0.46584879199963325
logistic,F3,N1,adamw,2,2000,0.05,171,0.02485501500768876,2.62689025395624,0.84,0.4628772919995754
logistic,F3,N1,adamw,3,2000,0.05,1469,0.07791986373952746,2.361499735418134,0.735,0.4835502080004517
logistic,F3,N1,adamw,4,2000,0.05,1277,0.09775630804763667,3.437649384917742,0.674,0.5122126249998473
logistic,F3,N2,sgd,0,2000,0.05,-1,0.09155836381416974,3.6470967016867464,0.716,0.5367767499992624
logistic,F3,N2,sgd,1,2000,0.05,-1,0.09620553312262271,4.718136894597464,0.707,0.4903745830006301
logistic,F3,N2,sgd,2,2000,0.05,-1,0.11513670844948291,6.053978888098801,0.682,0.4845184169998902
logistic,F3,N2,sgd,3,2000,0.05,-1,0.1181620543314702,3.881899635921759,0.699,0.5245899999999892
logistic,F3,N2,sgd,4,2000,0.05,-1,0.0819376773405751,3.6641155626086723,0.732,0.4914200829998663
logistic,F3,N2,adam,0,2000,0.05,-1,0.09252438080283153,19.070846240152655,0.724,0.50031033400046
logistic,F3,N2,adam,1,2000,0.05,-1,0.09421683222264424,24.7644082468055,0.71,0.48424175000036485
logistic,F3,N2,adam,2,2000,0.05,-1,0.12196528099059496,30.564138909714753,0.671,0.48799954100013565
logistic,F3,N2,adam,3,2000,0.05,-1,0.11748370721093632,20.87463211627749,0.698,0.48284274999969057
logistic,F3,N2,adam,4,2000,0.05,-1,0.0797084071266918,18.42768768093892,0.739,0.5101366670005518
logistic,F3,N2,adamw,0,2000,0.05,-1,0.09285568705667414,19.02477391727541,0.723,0.47451462500066555
logistic,F3,N2,adamw,1,2000,0.05,-1,0.09430063807375842,24.66365635558589,0.71,0.5004969159999746
logistic,F3,N2,adamw,2,2000,0.05,-1,0.12189627051664541,30.387594393411025,0.671,0.4854596249997485
logistic,F3,N2,adamw,3,2000,0.05,-1,0.1174148411356517,20.749592197108807,0.698,0.4839042910007265
logistic,F3,N2,adamw,4,2000,0.05,-1,0.07981150518493477,18.362345351327896,0.739,0.47758800000065094
logistic,F3,N3,sgd,0,2000,0.05,-1,0.07055823067446065,2.748434812808067,0.744,0.49203304200000275
logistic,F3,N3,sgd,1,2000,0.05,-1,0.04093731642392323,1.0699429798251006,0.771,0.427002917000209
logistic,F3,N3,sgd,2,2000,0.05,-1,0.0465415724560956,1.0628428929373976,0.782,0.44647741699918697
logistic,F3,N3,sgd,3,2000,0.05,-1,0.029377020172128107,0.7899521658652822,0.801,0.4531287499994505
logistic,F3,N3,sgd,4,2000,0.05,-1,0.06044549341167903,1.0494497620402896,0.743,0.44886187499923835
logistic,F3,N3,adam,0,2000,0.05,-1,0.04625341376318102,1.4699522013672928,0.761,0.5041273329998148
logistic,F3,N3,adam,1,2000,0.05,-1,0.05151415382348949,2.2467155338990104,0.762,0.46164641700033826
logistic,F3,N3,adam,2,2000,0.05,-1,0.04128966434637677,1.9628898136323714,0.781,0.5054292079994411
logistic,F3,N3,adam,3,2000,0.05,-1,0.03271711912415802,1.5973965436698812,0.805,0.4533224999995582
logistic,F3,N3,adam,4,2000,0.05,-1,0.03518537904972159,1.916670948059154,0.779,0.4963324159998592
logistic,F3,N3,adamw,0,2000,0.05,-1,0.04629287921247658,1.4636598829376357,0.761,0.47485579199928907
logistic,F3,N3,adamw,1,2000,0.05,-1,0.051682763468301404,2.239572360519857,0.761,0.47839258299973153
logistic,F3,N3,adamw,2,2000,0.05,-1,0.041513417642193004,1.9621972030777606,0.78,0.5011337080004523
logistic,F3,N3,adamw,3,2000,0.05,-1,0.03291825355807409,1.594444587151927,0.805,0.4804859589994521
logistic,F3,N3,adamw,4,2000,0.05,-1,0.035264129560514064,1.9019498715334673,0.777,0.45824158300001727
logistic,F3,N4,sgd,0,2000,0.05,-1,0.20022822945912286,20.137222337183044,0.599,0.5064672499993321
logistic,F3,N4,sgd,1,2000,0.05,-1,0.3392823069243505,45.136077524780774,0.428,0.4919353339992085
logistic,F3,N4,sgd,2,2000,0.05,-1,0.1775692775378554,16.215189951814263,0.618,0.46549175000018295
logistic,F3,N4,sgd,3,2000,0.05,-1,0.2160740126894075,14.237210526131086,0.568,0.4916013749998456
logistic,F3,N4,sgd,4,2000,0.05,-1,0.16874279481720622,12.120570005750993,0.641,0.48882345800029725
logistic,F3,N4,adam,0,2000,0.05,-1,0.17038267683748085,15.672391739949061,0.642,0.5182249579993368
logistic,F3,N4,adam,1,2000,0.05,-1,0.3094637419938946,48.11878352107542,0.469,0.5088267920000362
logistic,F3,N4,adam,2,2000,0.05,-1,0.1602740723773852,25.207964941760668,0.651,0.5136427500001446
logistic,F3,N4,adam,3,2000,0.05,-1,0.18838204213134294,19.870276029242007,0.583,0.4994849170007001
logistic,F3,N4,adam,4,2000,0.05,-1,0.16304547955342355,16.89613629550822,0.627,0.5462469169997348
logistic,F3,N4,adamw,0,2000,0.05,-1,0.17056333194239273,15.59961410967747,0.643,0.5297887090000586
logistic,F3,N4,adamw,1,2000,0.05,-1,0.3095940961703737,47.8778400730243,0.469,0.49617524999939633
logistic,F3,N4,adamw,2,2000,0.05,-1,0.16025441585639671,25.082814574504532,0.651,0.47284975000002305
logistic,F3,N4,adamw,3,2000,0.05,-1,0.1885831864326606,19.76913680651059,0.583,0.5430796250002459
logistic,F3,N4,adamw,4,2000,0.05,-1,0.162534536743543,16.758819332766617,0.626,0.47883133300001646
logistic,F4,N1,sgd,0,2000,0.05,1252,0.01373018769169061,0.4064292825966455,0.816,0.45257712500006164
logistic,F4,N1,sgd,1,2000,0.05,1532,0.010133740528569676,0.40830792123609716,0.818,0.4456617499999993
logistic,F4,N1,sgd,2,2000,0.05,702,0.008399087815991127,0.4188440877936043,0.876,0.5016976250008156
logistic,F4,N1,sgd,3,2000,0.05,778,0.005905542838298481,0.35609657555516305,0.833,0.4635089170005813
logistic,F4,N1,sgd,4,2000,0.05,949,0.015722790958508488,0.41041780301343667,0.783,0.48813533399970765
logistic,F4,N1,adam,0,2000,0.05,-1,0.02165513622507421,0.9216030745412986,0.806,0.4587796249998064
logistic,F4,N1,adam,1,2000,0.05,-1,0.01941766354152813,0.9244686658462165,0.804,0.47244824999961565
logistic,F4,N1,adam,2,2000,0.05,1047,0.015360607785297417,1.1492160893273877,0.849,0.5001905420003823
logistic,F4,N1,adam,3,2000,0.05,-1,0.011101665415037097,0.6464611006413558,0.83,0.5055747500000507
logistic,F4,N1,adam,4,2000,0.05,-1,0.029602379862894594,0.896649456286557,0.776,0.5427635000005466
logistic,F4,N1,adamw,0,2000,0.05,-1,0.02167724696251608,0.9201778275289928,0.806,0.4638480410003467
logistic,F4,N1,adamw,1,2000,0.05,-1,0.01947299743931631,0.9233400410895658,0.805,0.5016450410003017
logistic,F4,N1,adamw,2,2000,0.05,1047,0.015431620102803566,1.1451613086834436,0.849,0.5239187500001208
logistic,F4,N1,adamw,3,2000,0.05,-1,0.011128773173471317,0.6445535435965701,0.83,0.5158280830000876
logistic,F4,N1,adamw,4,2000,0.05,-1,0.029658476107114164,0.8952811832365816,0.775,0.47158862500054965
logistic,F4,N2,sgd,0,2000,0.05,-1,0.09086895293853885,3.698508536888647,0.727,0.4778774579999663
logistic,F4,N2,sgd,1,2000,0.05,-1,0.09608360057354473,4.673870055329397,0.703,0.4960710410005049
logistic,F4,N2,sgd,2,2000,0.05,-1,0.11530399474478852,6.263293033701742,0.681,0.504478707999624
logistic,F4,N2,sgd,3,2000,0.05,-1,0.11978246404298863,3.962625791627245,0.691,0.49546825000015815
logistic,F4,N2,sgd,4,2000,0.05,-1,0.0882113696670553,3.785957504244324,0.724,0.4953797919997669
logistic,F4,N2,adam,0,2000,0.05,-1,0.09265493723948082,9.83145984841279,0.725,0.4731829580005069
logistic,F4,N2,adam,1,2000,0.05,-1,0.09441705829676707,12.463371949351084,0.707,0.483563249999861
logistic,F4,N2,adam,2,2000,0.05,-1,0.11896386367191811,16.130459933415953,0.679,0.44766395799979364
logistic,F4,N2,adam,3,2000,0.05,-1,0.1196171061913339,10.383646889087107,0.696,0.5091596249994836
logistic,F4,N2,adam,4,2000,0.05,-1,0.08673316381411882,10.047603305937177,0.73,0.5351810419997491
logistic,F4,N2,adamw,0,2000,0.05,-1,0.09295788049779324,9.810264400051787,0.726,0.49601691600037157
logistic,F4,N2,adamw,1,2000,0.05,-1,0.09457504619726323,12.412235253299313,0.707,0.47062641699994856
logistic,F4,N2,adamw,2,2000,0.05,-1,0.11885363166276726,16.037691466595373,0.679,0.46768554099980975
logistic,F4,N2,adamw,3,2000,0.05,-1,0.11953769206516618,10.324860638052176,0.696,0.5360566250001284
logistic,F4,N2,adamw,4,2000,0.05,-1,0.0868044576849295,10.011983917030568,0.73,0.5171590829995694
logistic,F4,N3,sgd,0,2000,0.05,1241,0.024633949363658744,0.5354966234920578,0.788,0.5270007920007629
logistic,F4,N3,sgd,1,2000,0.05,-1,0.014256479392763309,0.5241339932832944,0.815,0.5165999999999258
logistic,F4,N3,sgd,2,2000,0.05,835,0.014977512367490974,0.45755415006279565,0.83,0.4904125410002962
logistic,F4,N3,sgd,3,2000,0.05,1288,0.01662901924055903,0.5671961346091737,0.816,0.47589616700042825
logistic,F4,N3,sgd,4,2000,0.05,1556,0.03539132764953634,0.5011940792707256,0.795,0.5191227920004167
logistic,F4,N3,adam,0,2000,0.05,-1,0.02799835242330376,1.1643482491532755,0.782,0.506534166000165
logistic,F4,N3,adam,1,2000,0.05,-1,0.014926179026272739,1.1540734878951127,0.818,0.47433258300043235
logistic,F4,N3,adam,2,2000,0.05,-1,0.018282302331687317,0.9445780546399651,0.824,0.47677337499953865
logistic,F4,N3,adam,3,2000,0.05,1301,0.020393554000054444,1.3891615095876673,0.81,0.47868354199999885
logistic,F4,N3,adam,4,2000,0.05,1569,0.05725097481928052,1.0574352298006737,0.768,0.47098800000003394
logistic,F4,N3,adamw,0,2000,0.05,-1,0.028047240375339396,1.1614073178600102,0.782,0.4439649169999029
logistic,F4,N3,adamw,1,2000,0.05,-1,0.014943677621046843,1.1501420496876649,0.818,0.5216054169995914
logistic,F4,N3,adamw,2,2000,0.05,-1,0.018336707418682884,0.9430872148100602,0.824,0.5692295839999133
logistic,F4,N3,adamw,3,2000,0.05,1301,0.02043957091987062,1.3858245982197273,0.81,0.5249434160004967
logistic,F4,N3,adamw,4,2000,0.05,1568,0.05758197461771954,1.0567506754624651,0.767,0.46732350000002043
logistic,F4,N4,sgd,0,2000,0.05,-1,0.17795336844710588,15.290019187502946,0.626,0.5014349999992191
logistic,F4,N4,sgd,1,2000,0.05,-1,0.3322657274639604,36.83100980986908,0.433,0.47182170799987944
logistic,F4,N4,sgd,2,2000,0.05,-1,0.16703832997200754,13.848472193749554,0.636,0.46116608300053485
logistic,F4,N4,sgd,3,2000,0.05,-1,0.20241857931296495,11.720450279342,0.583,0.4847074999997858
logistic,F4,N4,sgd,4,2000,0.05,-1,0.16403446889021403,10.367103289400578,0.651,0.5233384579996709
logistic,F4,N4,adam,0,2000,0.05,-1,0.15051671744931272,14.573585248346511,0.653,0.5186166250005044
logistic,F4,N4,adam,1,2000,0.05,-1,0.33035282956386824,42.57663249665946,0.44,0.4853454169997349
logistic,F4,N4,adam,2,2000,0.05,-1,0.1657519420734448,20.790904712673058,0.639,0.5081515000001673
logistic,F4,N4,adam,3,2000,0.05,-1,0.1872201869388536,17.004787869815218,0.594,0.5395189580003716
logistic,F4,N4,adam,4,2000,0.05,-1,0.15804699734021482,15.479595761881193,0.647,0.5223317499994664
logistic,F4,N4,adamw,0,2000,0.05,-1,0.15053668257414196,14.490822693450308,0.653,0.5161270839998906
logistic,F4,N4,adamw,1,2000,0.05,-1,0.330545544435852,42.39047465388164,0.439,0.5128559590002624
logistic,F4,N4,adamw,2,2000,0.05,-1,0.16582927897023697,20.700020814000446,0.638,0.4443458340001598
logistic,F4,N4,adamw,3,2000,0.05,-1,0.18750834709931924,16.93427446304506,0.594,0.3871926659994642
logistic,F4,N4,adamw,4,2000,0.05,-1,0.15773445259644003,15.379967169910792,0.647,0.3949199579992637
