window,filter,noise,seed,delta_snr_db
3,F1 MA,N1 Gauss,0,4.7146549594744895
3,F4 Median,N1 Gauss,0,3.5505411233775703
3,F7 Hybrid (med w),N1 Gauss,0,11.867085479856986
3,F1 MA,N1 Gauss,1,4.869921725790363
3,F4 Median,N1 Gauss,1,3.412563133343296
3,F7 Hybrid (med w),N1 Gauss,1,11.859494508160825
3,F1 MA,N1 Gauss,2,4.707143611113494
3,F4 Median,N1 Gauss,2,3.4714979737966303
3,F7 Hybrid (med w),N1 Gauss,2,12.146385774312655
3,F1 MA,N1 Gauss,3,4.767930896407538
3,F4 Median,N1 Gauss,3,3.3632735618720773
3,F7 Hybrid (med w),N1 Gauss,3,12.231416592687847
3,F1 MA,N1 Gauss,4,4.619833038681473
3,F4 Median,N1 Gauss,4,3.332235493385193
3,F7 Hybrid (med w),N1 Gauss,4,11.799089978326172
3,F1 MA,N1 Gauss,5,4.883835275557705
3,F4 Median,N1 Gauss,5,3.536859094594032
3,F7 Hybrid (med w),N1 Gauss,5,12.048295610708532
3,F1 MA,N1 Gauss,6,4.673434168283064
3,F4 Median,N1 Gauss,6,3.398269851564941
3,F7 Hybrid (med w),N1 Gauss,6,13.443538348675418
3,F1 MA,N1 Gauss,7,4.812128565432299
3,F4 Median,N1 Gauss,7,3.4032335948921935
3,F7 Hybrid (med w),N1 Gauss,7,11.871938913627805
3,F1 MA,N1 Gauss,8,4.861020177076261
3,F4 Median,N1 Gauss,8,3.506653873975244
3,F7 Hybrid (med w),N1 Gauss,8,11.412747297178798
3,F1 MA,N1 Gauss,9,4.847811887459704
3,F4 Median,N1 Gauss,9,3.5340968894259266
3,F7 Hybrid (med w),N1 Gauss,9,11.950611498352401
3,F1 MA,N3 α-stable,0,4.7001204299345005
3,F4 Median,N3 α-stable,0,9.269758910348841
3,F7 Hybrid (med w),N3 α-stable,0,18.558457117397857
3,F1 MA,N3 α-stable,1,4.748126380965976
3,F4 Median,N3 α-stable,1,6.4864657674652655
3,F7 Hybrid (med w),N3 α-stable,1,14.835330156545302
3,F1 MA,N3 α-stable,2,4.783711857609017
3,F4 Median,N3 α-stable,2,15.768441501788011
3,F7 Hybrid (med w),N3 α-stable,2,24.858323060125677
3,F1 MA,N3 α-stable,3,4.7693191508543755
3,F4 Median,N3 α-stable,3,9.722538679129762
3,F7 Hybrid (med w),N3 α-stable,3,18.214181388635634
3,F1 MA,N3 α-stable,4,4.694314920338478
3,F4 Median,N3 α-stable,4,8.777391793966224
3,F7 Hybrid (med w),N3 α-stable,4,17.964448570281952
3,F1 MA,N3 α-stable,5,4.85371515959671
3,F4 Median,N3 α-stable,5,7.094180971121318
3,F7 Hybrid (med w),N3 α-stable,5,16.11755067108938
3,F1 MA,N3 α-stable,6,4.775748304542937
3,F4 Median,N3 α-stable,6,8.907589182730236
3,F7 Hybrid (med w),N3 α-stable,6,17.9966075283747
3,F1 MA,N3 α-stable,7,4.732171157222105
3,F4 Median,N3 α-stable,7,7.7636375175238115
3,F7 Hybrid (med w),N3 α-stable,7,17.588003637320806
3,F1 MA,N3 α-stable,8,4.6502910409126805
3,F4 Median,N3 α-stable,8,11.624506516694995
3,F7 Hybrid (med w),N3 α-stable,8,21.10513945426936
3,F1 MA,N3 α-stable,9,4.708688254773001
3,F4 Median,N3 α-stable,9,11.02968438592536
3,F7 Hybrid (med w),N3 α-stable,9,20.036946711110822
3,F1 MA,N4 Mixed,0,2.7026516855578926
3,F4 Median,N4 Mixed,0,4.546586922191425
3,F7 Hybrid (med w),N4 Mixed,0,8.397690023372007
3,F1 MA,N4 Mixed,1,2.8157380793742703
3,F4 Median,N4 Mixed,1,3.4436466498746547
3,F7 Hybrid (med w),N4 Mixed,1,8.594505385903695
3,F1 MA,N4 Mixed,2,2.792276992305485
3,F4 Median,N4 Mixed,2,6.931137705755052
3,F7 Hybrid (med w),N4 Mixed,2,7.464844552591067
3,F1 MA,N4 Mixed,3,2.7598568796498313
3,F4 Median,N4 Mixed,3,5.4682470671668995
3,F7 Hybrid (med w),N4 Mixed,3,8.510231253128827
3,F1 MA,N4 Mixed,4,2.8616199444566846
3,F4 Median,N4 Mixed,4,6.333390320759854
3,F7 Hybrid (med w),N4 Mixed,4,9.114995653485845
3,F1 MA,N4 Mixed,5,2.7772995621067853
3,F4 Median,N4 Mixed,5,4.1666509012530994
3,F7 Hybrid (med w),N4 Mixed,5,9.294711028080457
3,F1 MA,N4 Mixed,6,2.738933689465192
3,F4 Median,N4 Mixed,6,4.750608832314558
3,F7 Hybrid (med w),N4 Mixed,6,8.371031809143759
3,F1 MA,N4 Mixed,7,2.709867895315824
3,F4 Median,N4 Mixed,7,4.69037676978725
3,F7 Hybrid (med w),N4 Mixed,7,8.497003964486566
3,F1 MA,N4 Mixed,8,2.554777848874089
3,F4 Median,N4 Mixed,8,5.611151419990154
3,F7 Hybrid (med w),N4 Mixed,8,7.159779346723738
3,F1 MA,N4 Mixed,9,2.868415742242771
3,F4 Median,N4 Mixed,9,4.547283792616428
3,F7 Hybrid (med w),N4 Mixed,9,9.381643761358168
5,F1 MA,N1 Gauss,0,6.896031816181224
5,F4 Median,N1 Gauss,0,5.359562470967058
5,F7 Hybrid (med w),N1 Gauss,0,11.05716853700811
5,F1 MA,N1 Gauss,1,7.0957316423378884
5,F4 Median,N1 Gauss,1,5.365428829861637
5,F7 Hybrid (med w),N1 Gauss,1,11.243209043082084
5,F1 MA,N1 Gauss,2,6.8997114288183194
5,F4 Median,N1 Gauss,2,5.433427168125449
5,F7 Hybrid (med w),N1 Gauss,2,11.340070639367644
5,F1 MA,N1 Gauss,3,6.992348754275972
5,F4 Median,N1 Gauss,3,5.214640867716069
5,F7 Hybrid (med w),N1 Gauss,3,11.702644888018424
5,F1 MA,N1 Gauss,4,6.832500404299693
5,F4 Median,N1 Gauss,4,5.378206061084406
5,F7 Hybrid (med w),N1 Gauss,4,11.271882164174333
5,F1 MA,N1 Gauss,5,7.089978202461552
5,F4 Median,N1 Gauss,5,5.410408152364711
5,F7 Hybrid (med w),N1 Gauss,5,11.35768118701287
5,F1 MA,N1 Gauss,6,6.818263940050313
5,F4 Median,N1 Gauss,6,5.328683707228148
5,F7 Hybrid (med w),N1 Gauss,6,11.518055552425706
5,F1 MA,N1 Gauss,7,6.904683904651213
5,F4 Median,N1 Gauss,7,5.267204352292208
5,F7 Hybrid (med w),N1 Gauss,7,11.362267055252973
5,F1 MA,N1 Gauss,8,6.995197760647496
5,F4 Median,N1 Gauss,8,5.392601683533266
5,F7 Hybrid (med w),N1 Gauss,8,11.097069473778369
5,F1 MA,N1 Gauss,9,7.312432343198591
5,F4 Median,N1 Gauss,9,5.7579315559944275
5,F7 Hybrid (med w),N1 Gauss,9,11.923991393184837
5,F1 MA,N3 α-stable,0,6.903267444755496
5,F4 Median,N3 α-stable,0,11.67333440136195
5,F7 Hybrid (med w),N3 α-stable,0,18.006147194061878
5,F1 MA,N3 α-stable,1,6.916191518781655
5,F4 Median,N3 α-stable,1,8.537897634085251
5,F7 Hybrid (med w),N3 α-stable,1,15.347366054710708
5,F1 MA,N3 α-stable,2,6.990325475236158
5,F4 Median,N3 α-stable,2,18.310719756999042
5,F7 Hybrid (med w),N3 α-stable,2,24.28805105540596
5,F1 MA,N3 α-stable,3,6.970131345765115
5,F4 Median,N3 α-stable,3,12.03635967460401
5,F7 Hybrid (med w),N3 α-stable,3,18.594808187915884
5,F1 MA,N3 α-stable,4,6.885665205946193
5,F4 Median,N3 α-stable,4,11.058761041453899
5,F7 Hybrid (med w),N3 α-stable,4,16.86234667800945
5,F1 MA,N3 α-stable,5,7.079443986701529
5,F4 Median,N3 α-stable,5,9.284058520482766
5,F7 Hybrid (med w),N3 α-stable,5,15.455635241437442
5,F1 MA,N3 α-stable,6,7.027181283835914
5,F4 Median,N3 α-stable,6,11.1299151311677
5,F7 Hybrid (med w),N3 α-stable,6,17.12965607348714
5,F1 MA,N3 α-stable,7,6.992028493167037
5,F4 Median,N3 α-stable,7,9.824478807940418
5,F7 Hybrid (med w),N3 α-stable,7,16.851606237173883
5,F1 MA,N3 α-stable,8,6.766786338363268
5,F4 Median,N3 α-stable,8,13.913177086461404
5,F7 Hybrid (med w),N3 α-stable,8,20.609878353169776
5,F1 MA,N3 α-stable,9,6.903424583322813
5,F4 Median,N3 α-stable,9,13.296240691521511
5,F7 Hybrid (med w),N3 α-stable,9,20.182960831471505
5,F1 MA,N4 Mixed,0,3.8884589505779665
5,F4 Median,N4 Mixed,0,5.988344217574236
5,F7 Hybrid (med w),N4 Mixed,0,8.669253034640885
5,F1 MA,N4 Mixed,1,4.067163304821845
5,F4 Median,N4 Mixed,1,4.740213578104857
5,F7 Hybrid (med w),N4 Mixed,1,8.440868032908849
5,F1 MA,N4 Mixed,2,3.990310721830273
5,F4 Median,N4 Mixed,2,8.596345885491893
5,F7 Hybrid (med w),N4 Mixed,2,9.01565599082642
5,F1 MA,N4 Mixed,3,3.9518051433508603
5,F4 Median,N4 Mixed,3,7.0121707665812885
5,F7 Hybrid (med w),N4 Mixed,3,9.332421007701017
5,F1 MA,N4 Mixed,4,4.09521779271746
5,F4 Median,N4 Mixed,4,7.654213219508044
5,F7 Hybrid (med w),N4 Mixed,4,9.53544546561774
5,F1 MA,N4 Mixed,5,3.9527060290413853
5,F4 Median,N4 Mixed,5,5.342035111254994
5,F7 Hybrid (med w),N4 Mixed,5,8.406577577084217
5,F1 MA,N4 Mixed,6,3.886451145636851
5,F4 Median,N4 Mixed,6,6.086520092919091
5,F7 Hybrid (med w),N4 Mixed,6,8.585322220446002
5,F1 MA,N4 Mixed,7,3.902396834614688
5,F4 Median,N4 Mixed,7,6.130915133052358
5,F7 Hybrid (med w),N4 Mixed,7,8.646808607533833
5,F1 MA,N4 Mixed,8,3.6128386636618437
5,F4 Median,N4 Mixed,8,6.898343456767265
5,F7 Hybrid (med w),N4 Mixed,8,8.129185035885843
5,F1 MA,N4 Mixed,9,4.1605207702243625
5,F4 Median,N4 Mixed,9,5.928887454760574
5,F7 Hybrid (med w),N4 Mixed,9,9.096059091098436
9,F1 MA,N1 Gauss,0,9.222565436453618
9,F4 Median,N1 Gauss,0,7.734999460582158
9,F7 Hybrid (med w),N1 Gauss,0,11.039463061766662
9,F1 MA,N1 Gauss,1,9.590998758681373
9,F4 Median,N1 Gauss,1,7.7320523158551815
9,F7 Hybrid (med w),N1 Gauss,1,11.047463394448021
9,F1 MA,N1 Gauss,2,9.332325951980572
9,F4 Median,N1 Gauss,2,7.753522392479679
9,F7 Hybrid (med w),N1 Gauss,2,11.347241956357474
9,F1 MA,N1 Gauss,3,9.43959664652255
9,F4 Median,N1 Gauss,3,7.47977215050938
9,F7 Hybrid (med w),N1 Gauss,3,11.279450930989743
9,F1 MA,N1 Gauss,4,9.292579680506515
9,F4 Median,N1 Gauss,4,7.756652138260192
9,F7 Hybrid (med w),N1 Gauss,4,10.822460750254091
9,F1 MA,N1 Gauss,5,9.481045065730171
9,F4 Median,N1 Gauss,5,7.693454459685581
9,F7 Hybrid (med w),N1 Gauss,5,11.140049085794317
9,F1 MA,N1 Gauss,6,9.278181558663114
9,F4 Median,N1 Gauss,6,7.9981679324962185
9,F7 Hybrid (med w),N1 Gauss,6,11.479189900692427
9,F1 MA,N1 Gauss,7,9.228854942095552
9,F4 Median,N1 Gauss,7,7.648407716416273
9,F7 Hybrid (med w),N1 Gauss,7,11.31080726475801
9,F1 MA,N1 Gauss,8,9.439864661976369
9,F4 Median,N1 Gauss,8,7.855694740252041
9,F7 Hybrid (med w),N1 Gauss,8,11.273103002942475
9,F1 MA,N1 Gauss,9,10.04714376981789
9,F4 Median,N1 Gauss,9,8.330837932265903
9,F7 Hybrid (med w),N1 Gauss,9,11.97951479985236
9,F1 MA,N3 α-stable,0,9.335843388169815
9,F4 Median,N3 α-stable,0,14.132279230772472
9,F7 Hybrid (med w),N3 α-stable,0,17.46743891137537
9,F1 MA,N3 α-stable,1,9.546369461151107
9,F4 Median,N3 α-stable,1,11.220447033653414
9,F7 Hybrid (med w),N3 α-stable,1,15.06816594865656
9,F1 MA,N3 α-stable,2,9.520846563706947
9,F4 Median,N3 α-stable,2,20.7674932287201
9,F7 Hybrid (med w),N3 α-stable,2,24.20617512641764
9,F1 MA,N3 α-stable,3,9.540851589810707
9,F4 Median,N3 α-stable,3,14.48155462006726
9,F7 Hybrid (med w),N3 α-stable,3,17.83941747306404
9,F1 MA,N3 α-stable,4,9.447101171706041
9,F4 Median,N3 α-stable,4,13.361427594789738
9,F7 Hybrid (med w),N3 α-stable,4,16.638331043892308
9,F1 MA,N3 α-stable,5,9.593282234653124
9,F4 Median,N3 α-stable,5,11.547873744550001
9,F7 Hybrid (med w),N3 α-stable,5,14.97629668250267
9,F1 MA,N3 α-stable,6,9.565977208100156
9,F4 Median,N3 α-stable,6,13.409645965285524
9,F7 Hybrid (med w),N3 α-stable,6,16.817023723130237
9,F1 MA,N3 α-stable,7,9.674824856449384
9,F4 Median,N3 α-stable,7,12.008182694503958
9,F7 Hybrid (med w),N3 α-stable,7,15.669716528543313
9,F1 MA,N3 α-stable,8,9.202862360908842
9,F4 Median,N3 α-stable,8,16.574583563784852
9,F7 Hybrid (med w),N3 α-stable,8,19.833914734651422
9,F1 MA,N3 α-stable,9,9.416307638496882
9,F4 Median,N3 α-stable,9,15.776785727442473
9,F7 Hybrid (med w),N3 α-stable,9,19.43696709313387
9,F1 MA,N4 Mixed,0,5.217031140451439
9,F4 Median,N4 Mixed,0,7.4123785017662005
9,F7 Hybrid (med w),N4 Mixed,0,8.786181476488277
9,F1 MA,N4 Mixed,1,5.5392105785530905
9,F4 Median,N4 Mixed,1,6.4196452207524715
9,F7 Hybrid (med w),N4 Mixed,1,8.273903465085427
9,F1 MA,N4 Mixed,2,5.339351314645718
9,F4 Median,N4 Mixed,2,10.158688658611034
9,F7 Hybrid (med w),N4 Mixed,2,10.438384390072557
9,F1 MA,N4 Mixed,3,5.357320220483427
9,F4 Median,N4 Mixed,3,8.743639410294321
9,F7 Hybrid (med w),N4 Mixed,3,10.046092331760443
9,F1 MA,N4 Mixed,4,5.507228846960668
9,F4 Median,N4 Mixed,4,9.438333665414252
9,F7 Hybrid (med w),N4 Mixed,4,10.778917630788062
9,F1 MA,N4 Mixed,5,5.253272122751808
9,F4 Median,N4 Mixed,5,6.704561958932027
9,F7 Hybrid (med w),N4 Mixed,5,8.43995539388268
9,F1 MA,N4 Mixed,6,5.114046607412472
9,F4 Median,N4 Mixed,6,7.380120794505602
9,F7 Hybrid (med w),N4 Mixed,6,8.937570170597029
9,F1 MA,N4 Mixed,7,5.190894107883739
9,F4 Median,N4 Mixed,7,7.5431550119449575
9,F7 Hybrid (med w),N4 Mixed,7,8.832567391183478
9,F1 MA,N4 Mixed,8,4.7989447651859685
9,F4 Median,N4 Mixed,8,8.178353578037473
9,F7 Hybrid (med w),N4 Mixed,8,8.824410283396823
9,F1 MA,N4 Mixed,9,5.636077785012493
9,F4 Median,N4 Mixed,9,7.390664138484503
9,F7 Hybrid (med w),N4 Mixed,9,8.922683601787238
15,F1 MA,N1 Gauss,0,10.897722563585889
15,F4 Median,N1 Gauss,0,9.744434373507069
15,F7 Hybrid (med w),N1 Gauss,0,11.778466648531746
15,F1 MA,N1 Gauss,1,11.510046678816938
15,F4 Median,N1 Gauss,1,9.732870243216265
15,F7 Hybrid (med w),N1 Gauss,1,11.607767900965124
15,F1 MA,N1 Gauss,2,11.349469260162854
15,F4 Median,N1 Gauss,2,10.030787146133465
15,F7 Hybrid (med w),N1 Gauss,2,12.150313870674958
15,F1 MA,N1 Gauss,3,11.098286756387948
15,F4 Median,N1 Gauss,3,9.719651514392861
15,F7 Hybrid (med w),N1 Gauss,3,12.307481643622769
15,F1 MA,N1 Gauss,4,11.25249148815252
15,F4 Median,N1 Gauss,4,9.953557789982627
15,F7 Hybrid (med w),N1 Gauss,4,11.984975171434936
15,F1 MA,N1 Gauss,5,11.283780506225375
15,F4 Median,N1 Gauss,5,9.805829007458337
15,F7 Hybrid (med w),N1 Gauss,5,12.121373739819814
15,F1 MA,N1 Gauss,6,11.038389970380507
15,F4 Median,N1 Gauss,6,10.101007755050398
15,F7 Hybrid (med w),N1 Gauss,6,12.260872018762841
15,F1 MA,N1 Gauss,7,10.900784534383707
15,F4 Median,N1 Gauss,7,9.625474805106286
15,F7 Hybrid (med w),N1 Gauss,7,11.985578249068052
15,F1 MA,N1 Gauss,8,11.359448247521685
15,F4 Median,N1 Gauss,8,10.036909774309063
15,F7 Hybrid (med w),N1 Gauss,8,12.40633637219961
15,F1 MA,N1 Gauss,9,12.110992920129501
15,F4 Median,N1 Gauss,9,10.446687001071107
15,F7 Hybrid (med w),N1 Gauss,9,12.497345860001342
15,F1 MA,N3 α-stable,0,11.353123456420107
15,F4 Median,N3 α-stable,0,16.422446287327062
15,F7 Hybrid (med w),N3 α-stable,0,18.80661708751016
15,F1 MA,N3 α-stable,1,11.819436159055147
15,F4 Median,N3 α-stable,1,13.533107266409361
15,F7 Hybrid (med w),N3 α-stable,1,15.915177641104332
15,F1 MA,N3 α-stable,2,11.706511208979585
15,F4 Median,N3 α-stable,2,22.844431979615234
15,F7 Hybrid (med w),N3 α-stable,2,25.315369451538587
15,F1 MA,N3 α-stable,3,11.769362141431253
15,F4 Median,N3 α-stable,3,16.50410655158185
15,F7 Hybrid (med w),N3 α-stable,3,18.591579815942236
15,F1 MA,N3 α-stable,4,11.615144835886525
15,F4 Median,N3 α-stable,4,15.536909487732801
15,F7 Hybrid (med w),N3 α-stable,4,17.491666070169195
15,F1 MA,N3 α-stable,5,11.721241124209048
15,F4 Median,N3 α-stable,5,13.743823037973362
15,F7 Hybrid (med w),N3 α-stable,5,15.813576319734555
15,F1 MA,N3 α-stable,6,11.71458677679798
15,F4 Median,N3 α-stable,6,15.535011102059261
15,F7 Hybrid (med w),N3 α-stable,6,17.777396997822628
15,F1 MA,N3 α-stable,7,11.810579463193418
15,F4 Median,N3 α-stable,7,13.9861851635197
15,F7 Hybrid (med w),N3 α-stable,7,16.117537921834206
15,F1 MA,N3 α-stable,8,11.326937182243626
15,F4 Median,N3 α-stable,8,18.734312571933835
15,F7 Hybrid (med w),N3 α-stable,8,20.77525271906172
15,F1 MA,N3 α-stable,9,11.687323513548808
15,F4 Median,N3 α-stable,9,17.96946733417752
15,F7 Hybrid (med w),N3 α-stable,9,20.151785804142534
15,F1 MA,N4 Mixed,0,6.354571830046325
15,F4 Median,N4 Mixed,0,8.551314535176896
15,F7 Hybrid (med w),N4 Mixed,0,9.408286232386958
15,F1 MA,N4 Mixed,1,6.696521832026205
15,F4 Median,N4 Mixed,1,7.540479356236284
15,F7 Hybrid (med w),N4 Mixed,1,8.667474905335501
15,F1 MA,N4 Mixed,2,6.5004704161457845
15,F4 Median,N4 Mixed,2,11.55098140379917
15,F7 Hybrid (med w),N4 Mixed,2,11.73721543769733
15,F1 MA,N4 Mixed,3,6.5803197970222485
15,F4 Median,N4 Mixed,3,10.076405700897833
15,F7 Hybrid (med w),N4 Mixed,3,10.761150495239477
15,F1 MA,N4 Mixed,4,6.7548944522340975
15,F4 Median,N4 Mixed,4,10.759209852016157
15,F7 Hybrid (med w),N4 Mixed,4,11.486650900724289
15,F1 MA,N4 Mixed,5,6.4684231322456895
15,F4 Median,N4 Mixed,5,8.159947292770026
15,F7 Hybrid (med w),N4 Mixed,5,9.076461346879707
15,F1 MA,N4 Mixed,6,6.1513655310023925
15,F4 Median,N4 Mixed,6,8.57744905753686
15,F7 Hybrid (med w),N4 Mixed,6,9.491706734714128
15,F1 MA,N4 Mixed,7,6.231420034727456
15,F4 Median,N4 Mixed,7,8.425255872495008
15,F7 Hybrid (med w),N4 Mixed,7,9.083069142818086
15,F1 MA,N4 Mixed,8,5.799926566229232
15,F4 Median,N4 Mixed,8,9.429320064987888
15,F7 Hybrid (med w),N4 Mixed,8,9.821945633605567
15,F1 MA,N4 Mixed,9,6.967025299720886
15,F4 Median,N4 Mixed,9,8.751313757311332
15,F7 Hybrid (med w),N4 Mixed,9,9.588351765119045
21,F1 MA,N1 Gauss,0,11.592403817555402
21,F4 Median,N1 Gauss,0,11.313277513435084
21,F7 Hybrid (med w),N1 Gauss,0,12.788062138273002
21,F1 MA,N1 Gauss,1,12.380434579567403
21,F4 Median,N1 Gauss,1,11.157674707866027
21,F7 Hybrid (med w),N1 Gauss,1,12.52217731992002
21,F1 MA,N1 Gauss,2,12.231182765034625
21,F4 Median,N1 Gauss,2,11.40051385784812
21,F7 Hybrid (med w),N1 Gauss,2,13.05847324054609
21,F1 MA,N1 Gauss,3,11.748130398993364
21,F4 Median,N1 Gauss,3,11.227570137036905
21,F7 Hybrid (med w),N1 Gauss,3,13.015058310133082
21,F1 MA,N1 Gauss,4,12.018965201986518
21,F4 Median,N1 Gauss,4,11.45943772821797
21,F7 Hybrid (med w),N1 Gauss,4,12.856066506791954
21,F1 MA,N1 Gauss,5,11.958069789953392
21,F4 Median,N1 Gauss,5,11.268899969123813
21,F7 Hybrid (med w),N1 Gauss,5,12.794979934147012
21,F1 MA,N1 Gauss,6,11.765478846314753
21,F4 Median,N1 Gauss,6,11.447999626779358
21,F7 Hybrid (med w),N1 Gauss,6,12.966326401080494
21,F1 MA,N1 Gauss,7,11.638126241810138
21,F4 Median,N1 Gauss,7,10.888713547565716
21,F7 Hybrid (med w),N1 Gauss,7,12.337669269364687
21,F1 MA,N1 Gauss,8,12.158974888260063
21,F4 Median,N1 Gauss,8,11.597942645589946
21,F7 Hybrid (med w),N1 Gauss,8,13.272472210863626
21,F1 MA,N1 Gauss,9,12.957496058750811
21,F4 Median,N1 Gauss,9,11.82613099151053
21,F7 Hybrid (med w),N1 Gauss,9,13.316083074986071
21,F1 MA,N3 α-stable,0,12.654163422592898
21,F4 Median,N3 α-stable,0,17.85673996950088
21,F7 Hybrid (med w),N3 α-stable,0,19.4628874684617
21,F1 MA,N3 α-stable,1,13.134359173653177
21,F4 Median,N3 α-stable,1,15.282211419008924
21,F7 Hybrid (med w),N3 α-stable,1,16.881390781885575
21,F1 MA,N3 α-stable,2,13.119869885213461
21,F4 Median,N3 α-stable,2,24.327660554673972
21,F7 Hybrid (med w),N3 α-stable,2,25.867454147961165
21,F1 MA,N3 α-stable,3,13.207495718820944
21,F4 Median,N3 α-stable,3,18.08347536720903
21,F7 Hybrid (med w),N3 α-stable,3,19.718729944560714
21,F1 MA,N3 α-stable,4,12.810349295400625
21,F4 Median,N3 α-stable,4,17.047633626243993
21,F7 Hybrid (med w),N3 α-stable,4,18.360789282542388
21,F1 MA,N3 α-stable,5,13.0847410097232
21,F4 Median,N3 α-stable,5,15.019351533274403
21,F7 Hybrid (med w),N3 α-stable,5,16.7108149470665
21,F1 MA,N3 α-stable,6,12.98814301006776
21,F4 Median,N3 α-stable,6,16.97339728474575
21,F7 Hybrid (med w),N3 α-stable,6,18.70083146475695
21,F1 MA,N3 α-stable,7,12.904094646525785
21,F4 Median,N3 α-stable,7,15.518198758689092
21,F7 Hybrid (med w),N3 α-stable,7,17.354939790393946
21,F1 MA,N3 α-stable,8,12.712108682477773
21,F4 Median,N3 α-stable,8,20.032679527320724
21,F7 Hybrid (med w),N3 α-stable,8,21.41908793943062
21,F1 MA,N3 α-stable,9,13.15150286113088
21,F4 Median,N3 α-stable,9,19.364884934647396
21,F7 Hybrid (med w),N3 α-stable,9,20.872813334772076
21,F1 MA,N4 Mixed,0,7.129128146928624
21,F4 Median,N4 Mixed,0,9.465906294696172
21,F7 Hybrid (med w),N4 Mixed,0,10.111525010497827
21,F1 MA,N4 Mixed,1,7.387322370605348
21,F4 Median,N4 Mixed,1,8.296774228729335
21,F7 Hybrid (med w),N4 Mixed,1,9.166288570277136
21,F1 MA,N4 Mixed,2,7.2667630385480955
21,F4 Median,N4 Mixed,2,12.277211833961776
21,F7 Hybrid (med w),N4 Mixed,2,12.403127368529397
21,F1 MA,N4 Mixed,3,7.386353530746792
21,F4 Median,N4 Mixed,3,10.888438072289128
21,F7 Hybrid (med w),N4 Mixed,3,11.276348502533983
21,F1 MA,N4 Mixed,4,7.594013938280959
21,F4 Median,N4 Mixed,4,11.518607020111258
21,F7 Hybrid (med w),N4 Mixed,4,12.078516680721895
21,F1 MA,N4 Mixed,5,7.3088468312643435
21,F4 Median,N4 Mixed,5,8.995587125448418
21,F7 Hybrid (med w),N4 Mixed,5,9.664110136264718
21,F1 MA,N4 Mixed,6,6.833449916323325
21,F4 Median,N4 Mixed,6,9.32475411060844
21,F7 Hybrid (med w),N4 Mixed,6,9.945971382551274
21,F1 MA,N4 Mixed,7,6.844609579645498
21,F4 Median,N4 Mixed,7,8.982707073039817
21,F7 Hybrid (med w),N4 Mixed,7,9.516853333654494
21,F1 MA,N4 Mixed,8,6.451759885677635
21,F4 Median,N4 Mixed,8,9.958759470414934
21,F7 Hybrid (med w),N4 Mixed,8,10.215765135757163
21,F1 MA,N4 Mixed,9,7.8025100110690815
21,F4 Median,N4 Mixed,9,9.579875214568345
21,F7 Hybrid (med w),N4 Mixed,9,10.23834090178862
31,F1 MA,N1 Gauss,0,11.706418092909683
31,F4 Median,N1 Gauss,0,12.933879231038379
31,F7 Hybrid (med w),N1 Gauss,0,13.802586854372112
31,F1 MA,N1 Gauss,1,12.698850409789147
31,F4 Median,N1 Gauss,1,12.671570547210392
31,F7 Hybrid (med w),N1 Gauss,1,13.485525319768144
31,F1 MA,N1 Gauss,2,12.54142489393418
31,F4 Median,N1 Gauss,2,12.959467844850082
31,F7 Hybrid (med w),N1 Gauss,2,14.213709421839003
31,F1 MA,N1 Gauss,3,11.76689414521359
31,F4 Median,N1 Gauss,3,12.995191652161457
31,F7 Hybrid (med w),N1 Gauss,3,14.01435653956387
31,F1 MA,N1 Gauss,4,12.048222245017957
31,F4 Median,N1 Gauss,4,13.031632442214736
31,F7 Hybrid (med w),N1 Gauss,4,13.907860746075894
31,F1 MA,N1 Gauss,5,11.950295922050845
31,F4 Median,N1 Gauss,5,13.010604825754799
31,F7 Hybrid (med w),N1 Gauss,5,13.89328292636767
31,F1 MA,N1 Gauss,6,11.853369010213827
31,F4 Median,N1 Gauss,6,13.222856138858031
31,F7 Hybrid (med w),N1 Gauss,6,14.191823005993784
31,F1 MA,N1 Gauss,7,11.885643557597168
31,F4 Median,N1 Gauss,7,12.270840566465385
31,F7 Hybrid (med w),N1 Gauss,7,13.09648782219094
31,F1 MA,N1 Gauss,8,12.235407377237893
31,F4 Median,N1 Gauss,8,13.467918231433384
31,F7 Hybrid (med w),N1 Gauss,8,14.523749991207406
31,F1 MA,N1 Gauss,9,13.005159343212375
31,F4 Median,N1 Gauss,9,13.400280090188323
31,F7 Hybrid (med w),N1 Gauss,9,14.39479575468898
31,F1 MA,N3 α-stable,0,14.116429597976012
31,F4 Median,N3 α-stable,0,19.327310920828303
31,F7 Hybrid (med w),N3 α-stable,0,20.36654611690351
31,F1 MA,N3 α-stable,1,14.290338366690861
31,F4 Median,N3 α-stable,1,16.872180258215366
31,F7 Hybrid (med w),N3 α-stable,1,18.01815211709698
31,F1 MA,N3 α-stable,2,14.733196480830188
31,F4 Median,N3 α-stable,2,26.02712206537884
31,F7 Hybrid (med w),N3 α-stable,2,27.09544197960152
31,F1 MA,N3 α-stable,3,14.779753995005631
31,F4 Median,N3 α-stable,3,19.66715885594538
31,F7 Hybrid (med w),N3 α-stable,3,20.775150658401948
31,F1 MA,N3 α-stable,4,14.12599684992425
31,F4 Median,N3 α-stable,4,18.675630309833814
31,F7 Hybrid (med w),N3 α-stable,4,19.561652639871518
31,F1 MA,N3 α-stable,5,14.389626603138534
31,F4 Median,N3 α-stable,5,16.429292998040676
31,F7 Hybrid (med w),N3 α-stable,5,17.455896007284732
31,F1 MA,N3 α-stable,6,14.359995140307518
31,F4 Median,N3 α-stable,6,18.55223849243132
31,F7 Hybrid (med w),N3 α-stable,6,19.55312984478264
31,F1 MA,N3 α-stable,7,14.134100175273723
31,F4 Median,N3 α-stable,7,17.19354429469373
31,F7 Hybrid (med w),N3 α-stable,7,18.2233180908649
31,F1 MA,N3 α-stable,8,14.275093577155696
31,F4 Median,N3 α-stable,8,21.343230806445618
31,F7 Hybrid (med w),N3 α-stable,8,22.25944793906198
31,F1 MA,N3 α-stable,9,14.644554204392907
31,F4 Median,N3 α-stable,9,20.99417737467075
31,F7 Hybrid (med w),N3 α-stable,9,22.164279380687265
31,F1 MA,N4 Mixed,0,8.107923468616095
31,F4 Median,N4 Mixed,0,10.383080661974734
31,F7 Hybrid (med w),N4 Mixed,0,10.790705682618531
31,F1 MA,N4 Mixed,1,8.118667671382813
31,F4 Median,N4 Mixed,1,8.936467738115635
31,F7 Hybrid (med w),N4 Mixed,1,9.393882881234632
31,F1 MA,N4 Mixed,2,8.164747332644403
31,F4 Median,N4 Mixed,2,13.347088166975652
31,F7 Hybrid (med w),N4 Mixed,2,13.425447678818582
31,F1 MA,N4 Mixed,3,8.284425283339704
31,F4 Median,N4 Mixed,3,11.706976079779727
31,F7 Hybrid (med w),N4 Mixed,3,11.967406457874494
31,F1 MA,N4 Mixed,4,8.605774441154377
31,F4 Median,N4 Mixed,4,12.69664814440678
31,F7 Hybrid (med w),N4 Mixed,4,13.048617088410797
31,F1 MA,N4 Mixed,5,8.268204707969208
31,F4 Median,N4 Mixed,5,9.902056051268993
31,F7 Hybrid (med w),N4 Mixed,5,10.254512864956752
31,F1 MA,N4 Mixed,6,7.614642124250533
31,F4 Median,N4 Mixed,6,10.131241529827284
31,F7 Hybrid (med w),N4 Mixed,6,10.442841796723652
31,F1 MA,N4 Mixed,7,7.587670279704749
31,F4 Median,N4 Mixed,7,9.650104335055198
31,F7 Hybrid (med w),N4 Mixed,7,9.982968418016414
31,F1 MA,N4 Mixed,8,7.182536420178202
31,F4 Median,N4 Mixed,8,10.704385178147234
31,F7 Hybrid (med w),N4 Mixed,8,10.876507788046524
31,F1 MA,N4 Mixed,9,8.64059434317976
31,F4 Median,N4 Mixed,9,10.41884678960384
31,F7 Hybrid (med w),N4 Mixed,9,10.879064340691484
51,F1 MA,N1 Gauss,0,11.175172683365922
51,F4 Median,N1 Gauss,0,14.344903301197032
51,F7 Hybrid (med w),N1 Gauss,0,14.8125533739823
51,F1 MA,N1 Gauss,1,12.190192601760476
51,F4 Median,N1 Gauss,1,13.820619639768084
51,F7 Hybrid (med w),N1 Gauss,1,14.230615759619806
51,F1 MA,N1 Gauss,2,12.145820703043277
51,F4 Median,N1 Gauss,2,14.532035736552242
51,F7 Hybrid (med w),N1 Gauss,2,14.955720007647129
51,F1 MA,N1 Gauss,3,11.214904637069209
51,F4 Median,N1 Gauss,3,14.05964411990768
51,F7 Hybrid (med w),N1 Gauss,3,14.481874754022364
51,F1 MA,N1 Gauss,4,11.452606337198096
51,F4 Median,N1 Gauss,4,14.067225207868038
51,F7 Hybrid (med w),N1 Gauss,4,14.528306787247978
51,F1 MA,N1 Gauss,5,11.011520149615556
51,F4 Median,N1 Gauss,5,14.377914731189367
51,F7 Hybrid (med w),N1 Gauss,5,14.732422905548916
51,F1 MA,N1 Gauss,6,10.968133900896682
51,F4 Median,N1 Gauss,6,14.83094721786711
51,F7 Hybrid (med w),N1 Gauss,6,15.32489376591623
51,F1 MA,N1 Gauss,7,11.341302097720195
51,F4 Median,N1 Gauss,7,13.649122995431728
51,F7 Hybrid (med w),N1 Gauss,7,14.061124442330415
51,F1 MA,N1 Gauss,8,11.649347862550304
51,F4 Median,N1 Gauss,8,14.77122067065586
51,F7 Hybrid (med w),N1 Gauss,8,15.107313841428413
51,F1 MA,N1 Gauss,9,12.25447596799254
51,F4 Median,N1 Gauss,9,14.580089523591496
51,F7 Hybrid (med w),N1 Gauss,9,14.982931657155117
51,F1 MA,N3 α-stable,0,15.571088639953976
51,F4 Median,N3 α-stable,0,21.147716481037282
51,F7 Hybrid (med w),N3 α-stable,0,21.674955648672185
51,F1 MA,N3 α-stable,1,15.326012042096245
51,F4 Median,N3 α-stable,1,19.0141148413705
51,F7 Hybrid (med w),N3 α-stable,1,19.578362945511653
51,F1 MA,N3 α-stable,2,16.81726281669159
51,F4 Median,N3 α-stable,2,27.765185097505608
51,F7 Hybrid (med w),N3 α-stable,2,28.357408070447804
51,F1 MA,N3 α-stable,3,16.439110108262582
51,F4 Median,N3 α-stable,3,21.791803367104194
51,F7 Hybrid (med w),N3 α-stable,3,22.385867944494535
51,F1 MA,N3 α-stable,4,15.543358371076451
51,F4 Median,N3 α-stable,4,20.17508735565806
51,F7 Hybrid (med w),N3 α-stable,4,20.598693744205995
51,F1 MA,N3 α-stable,5,15.105025258532283
51,F4 Median,N3 α-stable,5,18.186277731220443
51,F7 Hybrid (med w),N3 α-stable,5,18.916299174007737
51,F1 MA,N3 α-stable,6,15.889295817476263
51,F4 Median,N3 α-stable,6,20.457648301101514
51,F7 Hybrid (med w),N3 α-stable,6,21.09387991875289
51,F1 MA,N3 α-stable,7,15.441916470246513
51,F4 Median,N3 α-stable,7,19.013960375079115
51,F7 Hybrid (med w),N3 α-stable,7,19.690476974362852
51,F1 MA,N3 α-stable,8,15.762852108562736
51,F4 Median,N3 α-stable,8,22.946097759175444
51,F7 Hybrid (med w),N3 α-stable,8,23.398489231639722
51,F1 MA,N3 α-stable,9,16.344227477548024
51,F4 Median,N3 α-stable,9,22.851765231794072
51,F7 Hybrid (med w),N3 α-stable,9,23.45372415703325
51,F1 MA,N4 Mixed,0,9.385536049887103
51,F4 Median,N4 Mixed,0,11.537938997747974
51,F7 Hybrid (med w),N4 Mixed,0,11.741688490066318
51,F1 MA,N4 Mixed,1,9.016032746180663
51,F4 Median,N4 Mixed,1,9.95854136496685
51,F7 Hybrid (med w),N4 Mixed,1,10.246169056664762
51,F1 MA,N4 Mixed,2,9.352802017356645
51,F4 Median,N4 Mixed,2,14.712063899420531
51,F7 Hybrid (med w),N4 Mixed,2,14.755391020114711
51,F1 MA,N4 Mixed,3,9.369574926649022
51,F4 Median,N4 Mixed,3,12.824121678656406
51,F7 Hybrid (med w),N4 Mixed,3,12.961423745883025
51,F1 MA,N4 Mixed,4,9.890911076422622
51,F4 Median,N4 Mixed,4,14.075080819720426
51,F7 Hybrid (med w),N4 Mixed,4,14.297568377609325
51,F1 MA,N4 Mixed,5,9.294633874311357
51,F4 Median,N4 Mixed,5,11.161778720708497
51,F7 Hybrid (med w),N4 Mixed,5,11.38315943323995
51,F1 MA,N4 Mixed,6,8.650011481459396
51,F4 Median,N4 Mixed,6,11.231317885633326
51,F7 Hybrid (med w),N4 Mixed,6,11.394475962879763
51,F1 MA,N4 Mixed,7,8.596927741299414
51,F4 Median,N4 Mixed,7,10.634546728370486
51,F7 Hybrid (med w),N4 Mixed,7,10.857900679557247
51,F1 MA,N4 Mixed,8,8.049651489027973
51,F4 Median,N4 Mixed,8,11.39734262550126
51,F7 Hybrid (med w),N4 Mixed,8,11.496441010099852
51,F1 MA,N4 Mixed,9,9.75050401920101
51,F4 Median,N4 Mixed,9,11.382155008592898
51,F7 Hybrid (med w),N4 Mixed,9,11.646320278997212
81,F1 MA,N1 Gauss,0,10.948384418533545
81,F4 Median,N1 Gauss,0,14.18920668023869
81,F7 Hybrid (med w),N1 Gauss,0,14.383308683595441
81,F1 MA,N1 Gauss,1,11.947852405024737
81,F4 Median,N1 Gauss,1,13.688706718886895
81,F7 Hybrid (med w),N1 Gauss,1,13.862391690472565
81,F1 MA,N1 Gauss,2,12.091546664177661
81,F4 Median,N1 Gauss,2,14.151467627602997
81,F7 Hybrid (med w),N1 Gauss,2,14.411739379831417
81,F1 MA,N1 Gauss,3,11.466575423969205
81,F4 Median,N1 Gauss,3,13.707764217633427
81,F7 Hybrid (med w),N1 Gauss,3,13.887994669535566
81,F1 MA,N1 Gauss,4,11.451546464012308
81,F4 Median,N1 Gauss,4,13.237678600838402
81,F7 Hybrid (med w),N1 Gauss,4,13.446198731919116
81,F1 MA,N1 Gauss,5,10.645549829319584
81,F4 Median,N1 Gauss,5,13.310422549725715
81,F7 Hybrid (med w),N1 Gauss,5,13.427703754020168
81,F1 MA,N1 Gauss,6,10.20370785037142
81,F4 Median,N1 Gauss,6,14.441538535398454
81,F7 Hybrid (med w),N1 Gauss,6,14.597848437377017
81,F1 MA,N1 Gauss,7,10.98355194283583
81,F4 Median,N1 Gauss,7,13.662855079520046
81,F7 Hybrid (med w),N1 Gauss,7,13.784254456933883
81,F1 MA,N1 Gauss,8,11.326086999308453
81,F4 Median,N1 Gauss,8,14.074269194300301
81,F7 Hybrid (med w),N1 Gauss,8,14.221328290028824
81,F1 MA,N1 Gauss,9,11.735538448963855
81,F4 Median,N1 Gauss,9,14.049928670595513
81,F7 Hybrid (med w),N1 Gauss,9,14.22157934827348
81,F1 MA,N3 α-stable,0,16.6638269433595
81,F4 Median,N3 α-stable,0,21.710876772009463
81,F7 Hybrid (med w),N3 α-stable,0,21.959448528115722
81,F1 MA,N3 α-stable,1,16.14566888019597
81,F4 Median,N3 α-stable,1,19.75894354344117
81,F7 Hybrid (med w),N3 α-stable,1,20.036828218818247
81,F1 MA,N3 α-stable,2,18.61376047623454
81,F4 Median,N3 α-stable,2,27.80263238509233
81,F7 Hybrid (med w),N3 α-stable,2,28.09415495395997
81,F1 MA,N3 α-stable,3,17.33545984581105
81,F4 Median,N3 α-stable,3,22.55274266890038
81,F7 Hybrid (med w),N3 α-stable,3,22.802085047143578
81,F1 MA,N3 α-stable,4,16.752732054688433
81,F4 Median,N3 α-stable,4,20.65038865260869
81,F7 Hybrid (med w),N3 α-stable,4,20.927246660602318
81,F1 MA,N3 α-stable,5,15.253786053691739
81,F4 Median,N3 α-stable,5,18.57185040709251
81,F7 Hybrid (med w),N3 α-stable,5,18.86746233726391
81,F1 MA,N3 α-stable,6,16.655772133556663
81,F4 Median,N3 α-stable,6,21.72121152323391
81,F7 Hybrid (med w),N3 α-stable,6,22.003865220176614
81,F1 MA,N3 α-stable,7,16.282855226123477
81,F4 Median,N3 α-stable,7,19.621923016851724
81,F7 Hybrid (med w),N3 α-stable,7,19.91683718540145
81,F1 MA,N3 α-stable,8,16.837088194974115
81,F4 Median,N3 α-stable,8,23.763643709717833
81,F7 Hybrid (med w),N3 α-stable,8,23.98291226005858
81,F1 MA,N3 α-stable,9,17.801137945698027
81,F4 Median,N3 α-stable,9,23.412191812301238
81,F7 Hybrid (med w),N3 α-stable,9,23.662061466282623
81,F1 MA,N4 Mixed,0,10.525366213219804
81,F4 Median,N4 Mixed,0,12.438068833546952
81,F7 Hybrid (med w),N4 Mixed,0,12.512578882521954
81,F1 MA,N4 Mixed,1,9.95690096958131
81,F4 Median,N4 Mixed,1,10.94049703804587
81,F7 Hybrid (med w),N4 Mixed,1,11.095680539391008
81,F1 MA,N4 Mixed,2,10.430340414398469
81,F4 Median,N4 Mixed,2,15.701603513364368
81,F7 Hybrid (med w),N4 Mixed,2,15.733470579593202
81,F1 MA,N4 Mixed,3,10.360760498460234
81,F4 Median,N4 Mixed,3,13.761307353405687
81,F7 Hybrid (med w),N4 Mixed,3,13.846697515915379
81,F1 MA,N4 Mixed,4,11.054739303637174
81,F4 Median,N4 Mixed,4,15.065318038095697
81,F7 Hybrid (med w),N4 Mixed,4,15.179351001533513
81,F1 MA,N4 Mixed,5,10.082418638491855
81,F4 Median,N4 Mixed,5,12.05190250734239
81,F7 Hybrid (med w),N4 Mixed,5,12.177584687053026
81,F1 MA,N4 Mixed,6,9.530741702981596
81,F4 Median,N4 Mixed,6,12.049808676117252
81,F7 Hybrid (med w),N4 Mixed,6,12.121625470105108
81,F1 MA,N4 Mixed,7,9.560385901387956
81,F4 Median,N4 Mixed,7,11.542315628024378
81,F7 Hybrid (med w),N4 Mixed,7,11.639119611815037
81,F1 MA,N4 Mixed,8,8.928134960220884
81,F4 Median,N4 Mixed,8,12.06067975261048
81,F7 Hybrid (med w),N4 Mixed,8,12.118079189851386
81,F1 MA,N4 Mixed,9,10.830311746634699
81,F4 Median,N4 Mixed,9,12.210546388729648
81,F7 Hybrid (med w),N4 Mixed,9,12.382986666850346
